id_solicitud,edad,antiguedad_negocio_anios,ingreso_mensual,monto_solicitado,deuda_actual,tiene_historial_crediticio,canal,region,es_mujer_emprendedora,incumplio
SOL-000001,33,10.9,5552.0,13118.0,18425.0,0,digital,lima,1,0
SOL-000002,32,5.3,8615.0,17484.0,17126.0,0,presencial,lima,1,0
SOL-000003,53,2.2,1886.0,6434.0,1745.0,0,digital,arequipa,1,0
SOL-000004,52,6.7,1982.0,6721.0,681.0,1,digital,lima,0,0
SOL-000005,20,14.6,2995.0,13057.0,1989.0,1,presencial,lima,1,0
SOL-000006,34,8.2,3893.0,17232.0,2170.0,1,digital,lima,1,0
SOL-000007,40,14.2,1438.0,3835.0,1724.0,0,digital,arequipa,1,1
SOL-000008,37,4.0,1481.0,2893.0,1819.0,0,digital,trujillo,0,0
SOL-000009,60,5.4,2640.0,4846.0,5866.0,1,presencial,arequipa,0,1
SOL-000010,57,1.8,2350.0,10387.0,120.0,1,presencial,trujillo,1,0
SOL-000011,46,3.7,6062.0,15926.0,11318.0,1,presencial,arequipa,0,0
SOL-000012,57,3.5,4098.0,10092.0,1061.0,1,digital,arequipa,1,1
SOL-000013,53,5.5,2980.0,9910.0,3344.0,1,presencial,lima,0,1
SOL-000014,28,6.6,2422.0,3821.0,566.0,0,digital,arequipa,1,1
SOL-000015,37,4.0,1022.0,3480.0,1515.0,1,presencial,lima,1,0
SOL-000016,57,4.2,3017.0,12414.0,1372.0,1,presencial,lima,1,0
SOL-000017,34,17.5,7309.0,26643.0,9451.0,1,presencial,lima,0,0
SOL-000018,38,0.7,2933.0,7902.0,1105.0,1,presencial,trujillo,0,0
SOL-000019,29,0.2,1518.0,2672.0,134.0,0,digital,arequipa,1,0
SOL-000020,47,2.9,7829.0,16816.0,3062.0,1,presencial,trujillo,1,0
SOL-000021,30,0.2,1501.0,3336.0,1845.0,0,digital,trujillo,1,0
SOL-000022,29,1.1,8552.0,22178.0,5539.0,1,presencial,trujillo,1,0
SOL-000023,45,2.8,12029.0,21813.0,19680.0,0,digital,lima,1,0
SOL-000024,28,5.2,2531.0,8060.0,1886.0,0,digital,trujillo,1,1
SOL-000025,54,2.6,5116.0,12972.0,5480.0,0,digital,trujillo,1,1
SOL-000026,46,7.1,1607.0,4723.0,1983.0,1,presencial,trujillo,0,0
SOL-000027,57,9.0,1571.0,3588.0,2822.0,1,presencial,lima,0,0
SOL-000028,50,6.3,2529.0,7099.0,446.0,0,presencial,lima,1,0
SOL-000029,57,7.1,5870.0,21186.0,20123.0,1,presencial,trujillo,1,0
SOL-000030,38,3.0,2682.0,4488.0,2765.0,0,digital,lima,1,1
SOL-000031,35,2.4,2432.0,7251.0,1608.0,0,digital,lima,1,0
SOL-000032,44,0.2,1369.0,4541.0,787.0,0,digital,lima,1,1
SOL-000033,70,9.3,3582.0,12429.0,5235.0,1,presencial,lima,0,0
SOL-000034,40,6.1,2739.0,11670.0,1698.0,0,presencial,lima,1,0
SOL-000035,52,6.7,2369.0,9053.0,2105.0,1,presencial,trujillo,1,0
SOL-000036,43,1.8,2267.0,8367.0,4112.0,0,presencial,trujillo,0,1
SOL-000037,49,3.0,4229.0,17300.0,3122.0,1,presencial,trujillo,1,0
SOL-000038,43,4.4,2632.0,11146.0,5554.0,1,presencial,lima,1,0
SOL-000039,19,2.4,3815.0,15268.0,351.0,1,presencial,lima,0,0
SOL-000040,30,4.7,1068.0,3528.0,1245.0,0,digital,lima,1,0
SOL-000041,54,6.0,4972.0,19956.0,2344.0,1,presencial,lima,1,0
SOL-000042,24,4.1,3037.0,7325.0,3676.0,0,digital,lima,0,1
SOL-000043,42,7.6,2376.0,10338.0,1545.0,1,digital,arequipa,0,0
SOL-000044,45,6.4,4163.0,8067.0,9297.0,0,presencial,trujillo,1,1
SOL-000045,30,10.3,4355.0,9192.0,6737.0,1,digital,lima,1,0
SOL-000046,42,4.9,1261.0,2385.0,619.0,0,digital,lima,0,0
SOL-000047,50,3.5,3963.0,15094.0,1771.0,0,presencial,lima,0,1
SOL-000048,48,5.4,1942.0,5335.0,2236.0,1,presencial,lima,1,0
SOL-000049,43,0.2,2804.0,10341.0,1956.0,1,digital,lima,1,1
SOL-000050,45,6.8,3346.0,9975.0,3363.0,1,presencial,lima,0,0
SOL-000051,25,3.1,3778.0,10012.0,5134.0,1,presencial,lima,1,0
SOL-000052,39,5.9,5950.0,24864.0,11027.0,1,presencial,lima,1,0
SOL-000053,19,1.8,4101.0,11235.0,2451.0,1,digital,trujillo,1,1
SOL-000054,39,0.8,4715.0,15640.0,1481.0,1,digital,lima,1,0
SOL-000055,42,12.6,2180.0,8854.0,4917.0,1,digital,lima,0,0
SOL-000056,42,1.8,3862.0,7952.0,6994.0,0,digital,lima,1,1
SOL-000057,48,3.0,4981.0,13192.0,6124.0,1,presencial,lima,1,0
SOL-000058,54,8.4,3156.0,5836.0,4542.0,1,presencial,arequipa,0,0
SOL-000059,26,4.3,4068.0,12539.0,3195.0,1,presencial,trujillo,1,0
SOL-000060,42,3.2,3573.0,13748.0,5001.0,1,presencial,trujillo,1,0
SOL-000061,19,7.0,5534.0,8692.0,14246.0,0,digital,arequipa,1,0
SOL-000062,39,5.3,5833.0,9257.0,1557.0,0,presencial,lima,0,0
SOL-000063,61,9.3,3214.0,11884.0,1146.0,0,presencial,lima,0,0
SOL-000064,44,10.6,2170.0,7811.0,3372.0,1,digital,lima,0,0
SOL-000065,50,4.3,6298.0,16670.0,17003.0,1,presencial,lima,1,0
SOL-000066,41,8.1,7683.0,19347.0,24162.0,0,presencial,trujillo,1,0
SOL-000067,32,12.5,4510.0,10257.0,1431.0,1,presencial,lima,1,0
SOL-000068,45,14.5,5391.0,8580.0,1742.0,1,presencial,lima,0,0
SOL-000069,55,3.7,7537.0,22551.0,2365.0,0,presencial,lima,1,0
SOL-000070,48,10.1,3495.0,11568.0,2912.0,1,presencial,lima,0,0
SOL-000071,26,0.9,3997.0,16318.0,317.0,0,presencial,trujillo,0,0
SOL-000072,44,6.4,4930.0,15183.0,9729.0,1,presencial,lima,1,0
SOL-000073,19,0.4,2144.0,4012.0,3978.0,1,digital,lima,1,0
SOL-000074,52,4.3,9260.0,21811.0,9689.0,0,presencial,lima,1,0
SOL-000075,35,18.4,3048.0,11685.0,1416.0,0,presencial,trujillo,1,0
SOL-000076,30,9.4,3952.0,13106.0,1566.0,0,presencial,lima,0,0
SOL-000077,52,2.0,10368.0,39299.0,15380.0,0,presencial,arequipa,1,0
SOL-000078,38,0.9,1018.0,2730.0,2387.0,1,digital,lima,0,1
SOL-000079,46,10.7,4283.0,6893.0,1973.0,1,presencial,lima,1,0
SOL-000080,56,8.9,1900.0,7915.0,4564.0,1,digital,trujillo,1,0
SOL-000081,39,9.2,2680.0,6653.0,3356.0,0,digital,lima,0,0
SOL-000082,36,6.4,2045.0,3392.0,5023.0,1,presencial,lima,0,0
SOL-000083,38,7.7,2209.0,7112.0,1319.0,0,digital,arequipa,1,0
SOL-000084,40,4.4,3877.0,14369.0,702.0,1,presencial,lima,0,0
SOL-000085,57,4.3,4333.0,12487.0,10651.0,1,presencial,lima,0,0
SOL-000086,46,6.2,6098.0,20142.0,2547.0,1,presencial,trujillo,0,0
SOL-000087,36,1.6,800.0,2155.0,1611.0,1,digital,lima,1,1
SOL-000088,27,2.8,3585.0,14062.0,3156.0,0,presencial,lima,1,0
SOL-000089,44,7.8,3495.0,13384.0,4420.0,1,presencial,lima,1,0
SOL-000090,42,8.2,3702.0,13445.0,3826.0,1,presencial,arequipa,0,0
SOL-000091,32,2.9,3892.0,5689.0,4099.0,1,presencial,lima,1,0
SOL-000092,30,2.1,1740.0,5221.0,1328.0,0,digital,lima,1,1
SOL-000093,48,7.1,1712.0,6565.0,1201.0,1,presencial,arequipa,1,0
SOL-000094,43,6.8,4285.0,9252.0,4964.0,0,presencial,arequipa,1,0
SOL-000095,27,6.4,2282.0,5028.0,5218.0,1,presencial,trujillo,1,0
SOL-000096,40,3.0,4719.0,19835.0,1959.0,0,presencial,lima,1,1
SOL-000097,38,19.8,2351.0,9426.0,3628.0,1,presencial,lima,1,0
SOL-000098,45,4.0,5487.0,24490.0,1040.0,1,presencial,lima,1,0
SOL-000099,44,7.3,3721.0,10947.0,5029.0,1,presencial,arequipa,0,0
SOL-000100,27,0.8,2700.0,4820.0,1390.0,0,digital,lima,1,1
SOL-000101,27,3.7,2357.0,3360.0,806.0,0,digital,arequipa,1,1
SOL-000102,33,1.2,2169.0,7785.0,2464.0,0,digital,lima,1,0
SOL-000103,54,3.9,3391.0,13332.0,8803.0,1,presencial,trujillo,1,0
SOL-000104,35,4.9,4953.0,13510.0,1406.0,0,digital,trujillo,1,0
SOL-000105,48,10.2,1206.0,3280.0,261.0,0,digital,lima,1,0
SOL-000106,44,2.0,1913.0,7661.0,1665.0,0,digital,trujillo,1,1
SOL-000107,59,6.3,6631.0,13108.0,2383.0,0,presencial,trujillo,0,0
SOL-000108,58,7.3,5862.0,9360.0,5270.0,1,presencial,lima,1,0
SOL-000109,60,8.5,7697.0,33818.0,4536.0,0,presencial,lima,1,0
SOL-000110,19,0.2,2598.0,8006.0,572.0,0,digital,arequipa,1,0
SOL-000111,50,9.2,1928.0,7316.0,814.0,1,presencial,lima,1,0
SOL-000112,56,7.3,2152.0,9382.0,4379.0,1,presencial,lima,1,0
SOL-000113,58,6.4,3277.0,12821.0,2180.0,1,presencial,lima,0,0
SOL-000114,35,19.1,5685.0,16200.0,4750.0,1,presencial,trujillo,1,0
SOL-000115,50,3.3,3353.0,11431.0,1148.0,1,presencial,lima,0,0
SOL-000116,33,5.2,2255.0,7577.0,2546.0,1,digital,arequipa,1,0
SOL-000117,52,15.1,3294.0,14063.0,5280.0,0,digital,lima,1,0
SOL-000118,19,9.4,2718.0,4994.0,2633.0,1,digital,lima,0,0
SOL-000119,35,4.3,3044.0,10827.0,1929.0,1,presencial,trujillo,1,0
SOL-000120,23,6.4,2274.0,9266.0,4212.0,0,presencial,lima,1,0
SOL-000121,45,6.5,6263.0,15740.0,5415.0,1,presencial,lima,1,0
SOL-000122,68,4.7,6600.0,23732.0,14794.0,1,presencial,lima,0,0
SOL-000123,43,2.1,2208.0,4801.0,3145.0,1,presencial,arequipa,1,0
SOL-000124,44,4.3,3105.0,5194.0,1918.0,1,presencial,lima,0,0
SOL-000125,49,7.7,5414.0,8006.0,688.0,1,presencial,lima,0,0
SOL-000126,42,4.2,2118.0,6445.0,3088.0,1,presencial,lima,0,1
SOL-000127,47,5.3,4628.0,7220.0,10425.0,0,presencial,lima,1,0
SOL-000128,47,11.9,3230.0,10454.0,877.0,0,presencial,lima,0,0
SOL-000129,34,5.3,2033.0,5213.0,1596.0,1,presencial,lima,1,0
SOL-000130,42,5.5,9645.0,13708.0,13925.0,1,presencial,lima,0,0
SOL-000131,51,6.0,3205.0,6737.0,1997.0,1,presencial,lima,1,0
SOL-000132,42,2.4,3519.0,12982.0,3086.0,0,digital,arequipa,1,0
SOL-000133,57,9.4,2137.0,5501.0,6391.0,0,presencial,arequipa,1,0
SOL-000134,47,2.4,8580.0,31310.0,9557.0,1,presencial,lima,0,0
SOL-000135,47,4.0,10537.0,41373.0,3788.0,1,presencial,lima,0,0
SOL-000136,51,6.4,1753.0,6785.0,1513.0,1,presencial,lima,1,0
SOL-000137,25,2.8,2460.0,8558.0,2159.0,1,digital,trujillo,1,1
SOL-000138,36,13.7,7635.0,28360.0,2118.0,1,presencial,lima,0,0
SOL-000139,31,4.0,2100.0,6649.0,8258.0,1,digital,lima,0,0
SOL-000140,29,5.5,4735.0,13451.0,615.0,1,presencial,lima,0,0
SOL-000141,47,2.9,1598.0,2543.0,429.0,1,presencial,lima,1,1
SOL-000142,55,4.5,2540.0,11234.0,335.0,1,presencial,lima,0,0
SOL-000143,24,7.6,3140.0,12575.0,218.0,0,digital,lima,0,0
SOL-000144,48,3.5,2817.0,9812.0,8438.0,1,presencial,arequipa,1,0
SOL-000145,36,1.5,3173.0,10778.0,4837.0,1,presencial,arequipa,1,0
SOL-000146,32,5.0,1740.0,5547.0,3346.0,1,presencial,arequipa,1,0
SOL-000147,66,5.7,5378.0,9103.0,3122.0,1,presencial,arequipa,1,0
SOL-000148,32,4.2,1907.0,4558.0,4462.0,1,presencial,lima,0,0
SOL-000149,29,12.0,8528.0,20918.0,12441.0,1,presencial,trujillo,1,0
SOL-000150,45,18.3,2684.0,10362.0,1486.0,1,presencial,arequipa,1,0
SOL-000151,35,4.8,4063.0,13308.0,5377.0,0,digital,trujillo,1,0
SOL-000152,39,2.9,3860.0,10168.0,604.0,1,digital,arequipa,0,0
SOL-000153,65,7.7,2293.0,5542.0,2632.0,1,presencial,lima,0,0
SOL-000154,34,12.1,2837.0,11481.0,2033.0,0,presencial,lima,1,0
SOL-000155,37,3.6,3017.0,11572.0,8952.0,0,presencial,lima,0,0
SOL-000156,50,7.3,2188.0,8578.0,4480.0,0,digital,lima,1,0
SOL-000157,53,5.0,1949.0,5118.0,296.0,1,presencial,lima,0,0
SOL-000158,52,10.6,5052.0,14578.0,1552.0,1,presencial,lima,0,0
SOL-000159,26,1.3,1873.0,5951.0,7617.0,1,digital,lima,1,0
SOL-000160,44,11.3,2525.0,5036.0,1458.0,1,digital,trujillo,0,0
SOL-000161,52,6.5,6459.0,16296.0,946.0,0,presencial,arequipa,1,0
SOL-000162,34,6.0,3607.0,10541.0,5735.0,1,digital,arequipa,1,0
SOL-000163,37,2.5,2771.0,9638.0,7280.0,1,presencial,lima,1,0
SOL-000164,44,2.5,6577.0,18373.0,4518.0,1,presencial,arequipa,0,0
SOL-000165,61,6.9,5410.0,10167.0,6939.0,1,presencial,trujillo,1,0
SOL-000166,31,7.8,2652.0,7208.0,2101.0,0,presencial,arequipa,1,0
SOL-000167,23,3.1,2051.0,6250.0,3299.0,0,digital,arequipa,1,1
SOL-000168,25,6.7,4508.0,15406.0,1613.0,0,digital,lima,0,0
SOL-000169,38,2.5,5738.0,23221.0,6128.0,1,presencial,lima,1,0
SOL-000170,32,0.3,1227.0,2602.0,2457.0,1,digital,arequipa,1,0
SOL-000171,54,6.0,2269.0,7114.0,1260.0,1,presencial,trujillo,1,0
SOL-000172,48,2.5,5495.0,14803.0,10326.0,1,presencial,lima,0,0
SOL-000173,44,1.5,2078.0,7334.0,3200.0,0,presencial,lima,1,1
SOL-000174,35,1.4,4072.0,16737.0,869.0,0,digital,lima,1,0
SOL-000175,50,7.6,10474.0,30155.0,3908.0,0,presencial,lima,0,0
SOL-000176,25,6.4,4648.0,18671.0,7953.0,1,presencial,trujillo,1,0
SOL-000177,55,12.1,2369.0,3331.0,872.0,1,presencial,arequipa,1,0
SOL-000178,23,5.1,2937.0,12417.0,56.0,0,digital,lima,0,0
SOL-000179,27,1.0,4589.0,17642.0,4545.0,0,digital,lima,1,1
SOL-000180,36,6.3,2821.0,5120.0,2599.0,0,digital,lima,1,0
SOL-000181,31,2.0,3446.0,12038.0,5628.0,1,digital,lima,1,0
SOL-000182,37,3.1,1768.0,5294.0,4364.0,1,digital,lima,0,0
SOL-000183,45,3.6,2627.0,11583.0,2436.0,1,presencial,trujillo,0,0
SOL-000184,40,2.3,6131.0,14368.0,7207.0,1,presencial,arequipa,0,0
SOL-000185,49,22.5,1850.0,6083.0,250.0,1,digital,lima,1,0
SOL-000186,40,1.6,698.0,2109.0,414.0,1,digital,arequipa,1,1
SOL-000187,46,1.4,3264.0,6807.0,16069.0,1,presencial,arequipa,1,0
SOL-000188,51,8.5,4507.0,17678.0,6367.0,1,presencial,lima,1,0
SOL-000189,24,0.2,4646.0,17206.0,11842.0,0,digital,arequipa,1,0
SOL-000190,67,5.0,9007.0,27803.0,5297.0,0,presencial,arequipa,1,0
SOL-000191,20,7.7,2800.0,12114.0,1388.0,1,digital,trujillo,1,0
SOL-000192,44,2.1,5391.0,23034.0,2591.0,1,presencial,lima,1,0
SOL-000193,40,5.6,4075.0,16038.0,7952.0,1,presencial,lima,1,0
SOL-000194,28,2.9,3221.0,6031.0,2295.0,1,digital,lima,1,0
SOL-000195,38,3.2,3473.0,14489.0,446.0,1,presencial,lima,1,0
SOL-000196,35,12.2,4680.0,10989.0,3644.0,1,presencial,lima,1,0
SOL-000197,56,4.5,2619.0,8295.0,1334.0,1,presencial,arequipa,1,0
SOL-000198,19,6.8,7502.0,33172.0,15408.0,1,digital,lima,1,0
SOL-000199,54,9.8,1104.0,2336.0,4285.0,1,presencial,lima,1,0
SOL-000200,50,4.9,5151.0,10401.0,695.0,1,presencial,trujillo,0,0
SOL-000201,28,1.0,3164.0,12786.0,4603.0,0,digital,lima,0,1
SOL-000202,38,8.3,3250.0,4682.0,7488.0,0,digital,lima,0,1
SOL-000203,41,5.0,2069.0,4014.0,3543.0,1,presencial,arequipa,0,0
SOL-000204,31,5.4,1599.0,3861.0,803.0,1,presencial,lima,0,0
SOL-000205,31,4.3,5245.0,19347.0,3359.0,1,presencial,lima,1,0
SOL-000206,50,9.7,7687.0,22211.0,6884.0,1,presencial,arequipa,0,0
SOL-000207,50,2.4,4292.0,11242.0,1769.0,1,presencial,lima,1,0
SOL-000208,35,3.8,4073.0,17303.0,4395.0,1,digital,lima,1,0
SOL-000209,39,2.7,3016.0,11290.0,8116.0,1,presencial,lima,1,0
SOL-000210,41,4.3,4548.0,15289.0,6537.0,1,presencial,trujillo,1,0
SOL-000211,28,8.9,5068.0,12437.0,433.0,0,digital,lima,0,0
SOL-000212,24,10.4,3252.0,13211.0,2587.0,1,presencial,arequipa,1,0
SOL-000213,44,4.8,7091.0,15491.0,25343.0,1,presencial,lima,0,0
SOL-000214,38,5.1,1145.0,4961.0,406.0,0,digital,arequipa,0,0
SOL-000215,33,5.0,1948.0,4300.0,3328.0,1,digital,lima,1,0
SOL-000216,51,1.1,3559.0,14031.0,766.0,0,digital,lima,1,0
SOL-000217,32,7.7,10295.0,43590.0,14677.0,1,presencial,lima,1,0
SOL-000218,36,2.9,3856.0,8106.0,2472.0,1,presencial,arequipa,1,0
SOL-000219,33,2.5,1565.0,3304.0,4654.0,0,digital,lima,0,1
SOL-000220,46,1.4,10175.0,16724.0,30101.0,1,presencial,lima,0,0
SOL-000221,22,8.6,3585.0,8812.0,512.0,1,presencial,lima,0,0
SOL-000222,50,9.7,5408.0,15958.0,4177.0,1,presencial,lima,1,0
SOL-000223,35,5.2,2252.0,3753.0,1294.0,0,digital,arequipa,0,0
SOL-000224,19,4.0,2885.0,5348.0,4811.0,0,digital,lima,0,1
SOL-000225,42,4.0,2857.0,7739.0,2076.0,1,presencial,lima,1,0
SOL-000226,23,7.1,8667.0,16974.0,23538.0,1,digital,lima,1,0
SOL-000227,38,13.9,7111.0,27006.0,4793.0,1,presencial,lima,1,0
SOL-000228,28,3.2,9599.0,23034.0,9800.0,1,presencial,lima,1,0
SOL-000229,48,4.8,2540.0,3921.0,1880.0,0,presencial,lima,0,0
SOL-000230,62,2.6,1482.0,2785.0,2486.0,1,presencial,lima,0,0
SOL-000231,46,5.6,3287.0,7732.0,10282.0,1,presencial,trujillo,1,0
SOL-000232,19,4.3,14166.0,26235.0,28203.0,1,presencial,lima,0,0
SOL-000233,35,3.5,2266.0,4687.0,1413.0,1,digital,trujillo,1,0
SOL-000234,41,8.8,6614.0,13495.0,1393.0,1,presencial,lima,1,0
SOL-000235,20,8.7,1572.0,4241.0,644.0,0,digital,lima,0,0
SOL-000236,36,0.7,1741.0,5266.0,4404.0,0,digital,lima,0,1
SOL-000237,53,6.5,3672.0,12228.0,3877.0,1,presencial,lima,0,0
SOL-000238,25,10.6,8025.0,33858.0,9295.0,1,digital,arequipa,1,0
SOL-000239,25,7.5,6783.0,23964.0,12847.0,1,presencial,trujillo,0,0
SOL-000240,21,2.7,1316.0,2653.0,1205.0,1,presencial,arequipa,0,0
SOL-000241,25,8.4,3790.0,10584.0,8002.0,0,digital,arequipa,1,1
SOL-000242,30,6.2,1474.0,5397.0,1103.0,0,digital,lima,1,1
SOL-000243,37,7.3,2685.0,8380.0,1590.0,1,presencial,lima,1,0
SOL-000244,35,4.7,4991.0,9608.0,1241.0,1,presencial,arequipa,0,0
SOL-000245,49,7.0,7920.0,30423.0,259.0,1,presencial,lima,0,0
SOL-000246,37,21.6,5404.0,10860.0,5828.0,0,digital,lima,1,0
SOL-000247,45,1.2,4548.0,11222.0,8141.0,1,presencial,trujillo,1,0
SOL-000248,52,4.1,4581.0,16832.0,8150.0,0,presencial,trujillo,0,0
SOL-000249,36,4.4,7708.0,33954.0,20127.0,1,presencial,arequipa,1,0
SOL-000250,31,0.6,1687.0,7018.0,1438.0,1,presencial,lima,1,0
SOL-000251,37,17.0,9899.0,43619.0,25533.0,1,presencial,trujillo,1,0
SOL-000252,25,1.0,1827.0,4805.0,1757.0,1,digital,lima,1,0
SOL-000253,20,2.5,4383.0,12058.0,1066.0,1,presencial,lima,0,0
SOL-000254,37,1.7,2957.0,5633.0,4126.0,1,presencial,lima,1,0
SOL-000255,55,4.1,2098.0,6011.0,556.0,0,presencial,trujillo,1,0
SOL-000256,41,5.7,3406.0,13009.0,2900.0,0,digital,trujillo,0,0
SOL-000257,38,3.7,3030.0,4889.0,6788.0,0,digital,arequipa,0,0
SOL-000258,44,2.9,3623.0,8655.0,36.0,1,presencial,lima,1,0
SOL-000259,59,7.0,3536.0,15096.0,3573.0,1,presencial,lima,1,0
SOL-000260,31,5.4,8463.0,16638.0,3594.0,1,presencial,lima,0,0
SOL-000261,32,11.3,11971.0,27786.0,26940.0,1,presencial,trujillo,1,0
SOL-000262,44,1.9,5140.0,22095.0,17266.0,0,digital,lima,1,1
SOL-000263,43,3.3,4422.0,10917.0,3055.0,1,presencial,lima,1,0
SOL-000264,36,9.0,1634.0,6497.0,2618.0,1,presencial,arequipa,1,1
SOL-000265,38,0.9,3712.0,8501.0,541.0,0,digital,lima,0,0
SOL-000266,38,1.7,5427.0,11922.0,6559.0,0,presencial,trujillo,1,0
SOL-000267,34,5.3,5716.0,11318.0,1703.0,1,presencial,lima,1,0
SOL-000268,33,7.4,2115.0,3372.0,736.0,1,presencial,trujillo,1,0
SOL-000269,47,1.6,5955.0,16005.0,4723.0,0,presencial,lima,1,0
SOL-000270,45,9.6,8622.0,31139.0,3050.0,1,presencial,lima,1,0
SOL-000271,60,1.4,2296.0,6811.0,2884.0,1,presencial,lima,0,0
SOL-000272,40,3.6,5464.0,14549.0,5024.0,0,presencial,lima,1,0
SOL-000273,40,5.4,2510.0,5105.0,1155.0,1,presencial,arequipa,1,0
SOL-000274,59,12.0,3626.0,12759.0,1521.0,1,presencial,lima,1,0
SOL-000275,43,10.8,1636.0,3573.0,2374.0,0,digital,lima,0,0
SOL-000276,45,6.0,3190.0,4783.0,5637.0,1,presencial,arequipa,1,0
SOL-000277,26,4.0,3202.0,14057.0,3228.0,1,presencial,lima,0,0
SOL-000278,34,4.2,4743.0,20498.0,7815.0,0,presencial,arequipa,0,0
SOL-000279,20,14.5,4257.0,8790.0,1091.0,0,digital,arequipa,1,0
SOL-000280,32,9.2,5043.0,10790.0,1567.0,1,digital,lima,1,0
SOL-000281,37,6.9,2727.0,8722.0,1311.0,1,presencial,arequipa,1,0
SOL-000282,61,6.2,4615.0,12576.0,1054.0,0,presencial,lima,0,0
SOL-000283,26,5.8,2162.0,8977.0,1538.0,1,presencial,lima,0,0
SOL-000284,30,1.2,3614.0,9842.0,1410.0,1,presencial,lima,1,0
SOL-000285,46,0.4,3914.0,7128.0,2318.0,1,presencial,trujillo,0,0
SOL-000286,49,4.6,2369.0,7331.0,815.0,0,presencial,arequipa,1,0
SOL-000287,19,2.3,5119.0,8964.0,2867.0,0,presencial,lima,1,1
SOL-000288,24,6.2,3530.0,9836.0,3219.0,1,presencial,trujillo,0,0
SOL-000289,40,5.9,4148.0,13230.0,6560.0,0,presencial,lima,0,0
SOL-000290,58,1.6,7235.0,31332.0,17640.0,1,presencial,trujillo,1,0
SOL-000291,53,4.7,2145.0,4954.0,1453.0,0,digital,arequipa,0,0
SOL-000292,38,6.5,5956.0,20329.0,2273.0,1,presencial,trujillo,0,0
SOL-000293,30,4.8,5674.0,7947.0,480.0,0,digital,trujillo,1,0
SOL-000294,34,3.5,7851.0,32201.0,33975.0,1,presencial,trujillo,0,0
SOL-000295,39,5.6,2430.0,5791.0,4217.0,1,digital,lima,1,0
SOL-000296,49,5.9,1616.0,3469.0,1695.0,1,digital,arequipa,0,0
SOL-000297,46,5.6,1852.0,3181.0,300.0,1,digital,trujillo,0,0
SOL-000298,32,2.9,1174.0,4501.0,26.0,0,digital,arequipa,1,0
SOL-000299,23,11.4,3828.0,6031.0,301.0,0,digital,lima,1,0
SOL-000300,43,11.4,5648.0,18725.0,2830.0,1,presencial,trujillo,1,0
SOL-000301,47,4.0,2848.0,6773.0,1151.0,0,digital,lima,1,1
SOL-000302,39,3.3,1871.0,6744.0,689.0,0,presencial,lima,1,0
SOL-000303,23,3.0,3165.0,13907.0,1384.0,0,presencial,lima,0,1
SOL-000304,39,7.6,7846.0,17670.0,15560.0,1,presencial,lima,1,0
SOL-000305,29,0.4,3679.0,12218.0,589.0,0,digital,arequipa,1,0
SOL-000306,23,8.0,5751.0,14657.0,1388.0,0,presencial,lima,1,0
SOL-000307,46,1.8,21380.0,63696.0,5416.0,1,presencial,arequipa,1,0
SOL-000308,49,5.0,4540.0,7528.0,2205.0,1,presencial,trujillo,0,0
SOL-000309,63,7.6,1246.0,2534.0,103.0,1,presencial,lima,0,0
SOL-000310,28,3.1,2159.0,8338.0,2940.0,1,presencial,arequipa,1,1
SOL-000311,51,9.5,4487.0,11080.0,1689.0,1,presencial,lima,0,0
SOL-000312,54,4.1,3865.0,5423.0,2801.0,1,presencial,trujillo,1,0
SOL-000313,49,5.3,3500.0,8381.0,3035.0,0,presencial,trujillo,1,0
SOL-000314,32,1.0,3532.0,12277.0,2066.0,1,presencial,lima,1,0
SOL-000315,31,1.8,2546.0,11233.0,4486.0,1,presencial,arequipa,0,1
SOL-000316,44,1.0,4649.0,18818.0,11071.0,1,presencial,lima,1,0
SOL-000317,44,8.5,7904.0,29611.0,1463.0,1,presencial,lima,0,0
SOL-000318,26,2.4,6595.0,28232.0,2341.0,0,digital,arequipa,1,0
SOL-000319,57,10.1,9284.0,31976.0,2546.0,1,presencial,lima,1,0
SOL-000320,28,0.2,1630.0,4905.0,208.0,0,digital,arequipa,0,0
SOL-000321,19,5.4,2651.0,8146.0,4050.0,0,digital,lima,1,1
SOL-000322,41,1.0,3251.0,14068.0,4075.0,1,presencial,lima,1,0
SOL-000323,48,2.9,5207.0,7324.0,1921.0,1,presencial,trujillo,1,0
SOL-000324,47,5.0,3667.0,10996.0,1290.0,1,presencial,lima,1,0
SOL-000325,36,2.3,2383.0,9018.0,2432.0,0,digital,arequipa,1,1
SOL-000326,59,6.4,8155.0,12380.0,5132.0,0,presencial,lima,1,0
SOL-000327,20,1.9,2820.0,11144.0,2932.0,0,digital,trujillo,1,0
SOL-000328,38,4.6,4083.0,16399.0,1810.0,1,presencial,arequipa,1,0
SOL-000329,60,2.5,4745.0,14345.0,4475.0,0,presencial,lima,1,0
SOL-000330,21,7.8,5440.0,21593.0,9996.0,1,presencial,lima,1,0
SOL-000331,31,4.2,3820.0,7037.0,2785.0,1,digital,lima,1,0
SOL-000332,57,7.0,8579.0,37091.0,9105.0,1,presencial,trujillo,0,0
SOL-000333,45,3.6,1373.0,2130.0,916.0,1,digital,lima,0,0
SOL-000334,39,7.1,3172.0,4807.0,4534.0,1,digital,lima,1,0
SOL-000335,51,3.5,3629.0,10976.0,4274.0,0,presencial,arequipa,1,1
SOL-000336,32,5.6,3273.0,12042.0,4605.0,0,presencial,lima,1,0
SOL-000337,58,24.9,5676.0,20264.0,5184.0,1,presencial,lima,1,0
SOL-000338,19,0.6,5258.0,16330.0,14639.0,1,digital,lima,1,0
SOL-000339,30,10.5,2814.0,10775.0,4431.0,1,presencial,lima,0,0
SOL-000340,36,16.9,6442.0,21155.0,5429.0,1,digital,arequipa,1,0
SOL-000341,38,7.4,1818.0,7337.0,1936.0,1,presencial,trujillo,1,1
SOL-000342,34,0.2,3642.0,6406.0,2361.0,1,digital,trujillo,0,0
SOL-000343,37,0.6,1686.0,7490.0,1835.0,0,digital,trujillo,1,1
SOL-000344,63,6.5,2742.0,11325.0,7576.0,1,presencial,lima,0,0
SOL-000345,37,3.7,2764.0,11541.0,664.0,1,digital,lima,0,0
SOL-000346,25,11.7,2178.0,5504.0,1122.0,0,digital,arequipa,1,0
SOL-000347,39,12.0,605.0,2623.0,1175.0,0,digital,trujillo,1,0
SOL-000348,34,5.0,5260.0,9671.0,1771.0,1,presencial,arequipa,1,0
SOL-000349,53,5.3,5741.0,9424.0,3680.0,1,presencial,lima,0,0
SOL-000350,44,3.7,3520.0,9279.0,3628.0,1,presencial,arequipa,1,0
SOL-000351,47,7.2,3379.0,14505.0,5786.0,1,presencial,arequipa,0,0
SOL-000352,23,2.7,3153.0,13874.0,497.0,1,presencial,trujillo,1,0
SOL-000353,19,4.9,1572.0,4606.0,2858.0,1,presencial,arequipa,1,1
SOL-000354,26,2.9,1488.0,5552.0,1402.0,0,presencial,lima,0,0
SOL-000355,62,6.2,5813.0,17837.0,5844.0,0,presencial,lima,1,0
SOL-000356,30,10.1,6658.0,11663.0,594.0,1,presencial,lima,1,0
SOL-000357,40,0.2,3654.0,12514.0,2878.0,0,digital,lima,0,0
SOL-000358,25,3.1,3263.0,6054.0,635.0,0,digital,trujillo,1,0
SOL-000359,40,12.0,5750.0,19747.0,17159.0,1,presencial,lima,0,0
SOL-000360,43,14.2,5555.0,11918.0,3270.0,1,presencial,lima,0,0
SOL-000361,50,2.1,1781.0,3947.0,4399.0,0,digital,lima,1,1
SOL-000362,49,3.0,4297.0,15006.0,4216.0,0,presencial,arequipa,1,0
SOL-000363,47,0.3,3281.0,9322.0,8214.0,0,presencial,lima,1,0
SOL-000364,57,10.7,3304.0,13129.0,141.0,1,presencial,lima,0,0
SOL-000365,36,10.3,6925.0,24299.0,2157.0,1,presencial,trujillo,0,0
SOL-000366,55,5.7,8680.0,20090.0,20434.0,1,presencial,lima,0,0
SOL-000367,42,18.1,791.0,3013.0,2758.0,1,digital,lima,0,0
SOL-000368,42,3.7,2347.0,3756.0,1597.0,1,digital,lima,1,0
SOL-000369,41,10.9,3262.0,11998.0,1479.0,1,presencial,arequipa,1,0
SOL-000370,27,2.3,4901.0,12717.0,691.0,1,digital,arequipa,1,0
SOL-000371,22,2.9,1260.0,2944.0,86.0,1,digital,trujillo,0,0
SOL-000372,34,6.4,809.0,2443.0,46.0,1,presencial,lima,1,1
SOL-000373,33,2.9,5866.0,24708.0,5032.0,1,presencial,trujillo,1,0
SOL-000374,47,9.1,6315.0,13867.0,5087.0,1,presencial,arequipa,1,0
SOL-000375,40,5.9,1514.0,6810.0,292.0,1,presencial,lima,1,0
SOL-000376,48,1.2,3588.0,11573.0,1356.0,0,presencial,lima,1,1
SOL-000377,37,9.5,5937.0,12952.0,3578.0,1,digital,lima,1,0
SOL-000378,31,2.7,2185.0,7740.0,81.0,1,presencial,trujillo,0,0
SOL-000379,31,2.9,4034.0,14844.0,4156.0,1,presencial,lima,0,0
SOL-000380,29,2.9,3489.0,10633.0,4046.0,0,digital,lima,1,0
SOL-000381,34,7.3,1822.0,3288.0,2626.0,1,presencial,arequipa,0,0
SOL-000382,22,5.1,1998.0,7846.0,2645.0,0,digital,trujillo,1,1
SOL-000383,51,11.8,1112.0,4350.0,811.0,1,digital,arequipa,0,0
SOL-000384,26,6.5,3514.0,13256.0,10393.0,1,presencial,arequipa,1,0
SOL-000385,65,1.6,2537.0,9495.0,1212.0,1,presencial,lima,1,0
SOL-000386,35,0.9,2985.0,7708.0,3880.0,0,digital,trujillo,1,0
SOL-000387,43,0.2,3727.0,10911.0,659.0,1,digital,lima,1,0
SOL-000388,42,0.2,5516.0,19033.0,1009.0,1,digital,lima,1,0
SOL-000389,50,4.1,12872.0,24633.0,15560.0,1,presencial,trujillo,0,0
SOL-000390,50,9.0,2985.0,9770.0,780.0,1,digital,lima,0,0
SOL-000391,31,5.9,3247.0,5655.0,3882.0,1,presencial,lima,1,0
SOL-000392,41,7.5,3150.0,12689.0,3963.0,1,presencial,arequipa,1,0
SOL-000393,34,9.1,2318.0,4106.0,7446.0,1,presencial,lima,0,0
SOL-000394,19,9.5,3382.0,12833.0,539.0,1,digital,lima,1,0
SOL-000395,36,3.2,2959.0,6179.0,363.0,0,presencial,arequipa,1,0
SOL-000396,64,10.2,5011.0,21437.0,4529.0,1,presencial,arequipa,1,0
SOL-000397,30,7.7,1649.0,5672.0,3787.0,1,digital,arequipa,1,0
SOL-000398,65,4.0,3004.0,8221.0,2585.0,0,presencial,lima,1,0
SOL-000399,66,3.0,4793.0,7359.0,29772.0,1,presencial,arequipa,1,0
SOL-000400,76,4.8,3587.0,11773.0,4203.0,1,presencial,trujillo,0,0
SOL-000401,64,13.1,1410.0,3626.0,1541.0,1,presencial,lima,0,0
SOL-000402,58,9.4,2658.0,10299.0,1589.0,1,digital,lima,0,0
SOL-000403,36,2.4,1766.0,6812.0,2382.0,0,digital,lima,1,0
SOL-000404,46,10.4,7075.0,24973.0,15800.0,1,presencial,lima,1,0
SOL-000405,35,6.7,4440.0,9902.0,4375.0,0,digital,lima,0,0
SOL-000406,32,5.7,817.0,1582.0,1677.0,0,digital,arequipa,0,0
SOL-000407,45,12.5,5807.0,17078.0,5659.0,1,presencial,trujillo,1,0
SOL-000408,40,5.1,3281.0,9194.0,463.0,1,digital,lima,1,0
SOL-000409,38,5.6,1769.0,6167.0,2837.0,1,presencial,arequipa,0,0
SOL-000410,19,0.2,4230.0,12909.0,4283.0,1,digital,lima,1,1
SOL-000411,36,7.4,1377.0,4041.0,2984.0,1,digital,lima,0,0
SOL-000412,35,2.8,6944.0,20071.0,11504.0,1,presencial,arequipa,0,0
SOL-000413,37,2.5,2735.0,8104.0,265.0,0,presencial,lima,0,0
SOL-000414,30,4.1,1217.0,4994.0,608.0,1,digital,trujillo,0,0
SOL-000415,39,2.5,11531.0,22251.0,3156.0,0,presencial,lima,0,0
SOL-000416,55,7.0,1713.0,2498.0,1411.0,1,presencial,lima,0,0
SOL-000417,41,6.3,2517.0,5255.0,1881.0,1,presencial,lima,0,0
SOL-000418,45,4.3,1951.0,4608.0,156.0,1,digital,lima,1,0
SOL-000419,45,4.8,3020.0,9961.0,1343.0,1,presencial,trujillo,0,0
SOL-000420,31,7.2,3853.0,15459.0,1723.0,1,digital,arequipa,1,0
SOL-000421,45,7.0,3945.0,14243.0,4995.0,1,presencial,lima,1,0
SOL-000422,29,7.0,6453.0,29004.0,5059.0,1,presencial,lima,1,0
SOL-000423,47,3.1,4644.0,6512.0,1724.0,1,presencial,arequipa,1,0
SOL-000424,52,5.1,1604.0,3191.0,484.0,1,presencial,arequipa,1,0
SOL-000425,54,3.0,5095.0,8509.0,391.0,1,presencial,lima,1,0
SOL-000426,19,3.5,3026.0,10461.0,4838.0,1,digital,lima,1,0
SOL-000427,26,3.4,2766.0,7533.0,4530.0,1,presencial,lima,0,0
SOL-000428,26,3.4,7877.0,18629.0,18448.0,0,digital,lima,0,0
SOL-000429,58,5.1,5252.0,12443.0,2182.0,0,presencial,lima,0,0
SOL-000430,34,3.4,4372.0,18223.0,12913.0,0,digital,lima,1,1
SOL-000431,23,7.3,4452.0,7275.0,7229.0,0,digital,lima,1,0
SOL-000432,19,6.0,2154.0,5108.0,3902.0,0,digital,lima,0,1
SOL-000433,24,0.4,3724.0,10985.0,2071.0,1,digital,lima,1,0
SOL-000434,24,3.0,3158.0,8451.0,1624.0,1,digital,trujillo,0,0
SOL-000435,53,5.9,2865.0,10117.0,4152.0,1,presencial,arequipa,0,0
SOL-000436,54,3.3,2028.0,6658.0,4890.0,1,presencial,lima,1,0
SOL-000437,31,6.3,3876.0,15045.0,11485.0,0,presencial,lima,1,0
SOL-000438,51,3.5,5194.0,20864.0,13667.0,1,presencial,lima,1,1
SOL-000439,39,3.8,2702.0,7133.0,3350.0,0,digital,trujillo,1,0
SOL-000440,30,2.8,3481.0,14219.0,615.0,1,presencial,arequipa,1,0
SOL-000441,31,3.4,2718.0,9132.0,4729.0,1,digital,lima,0,0
SOL-000442,47,7.8,3297.0,13409.0,988.0,1,presencial,trujillo,0,0
SOL-000443,34,6.8,5997.0,17047.0,22824.0,0,digital,trujillo,1,0
SOL-000444,24,5.4,4405.0,6516.0,11250.0,0,presencial,trujillo,1,0
SOL-000445,44,16.5,2972.0,10223.0,2543.0,1,presencial,lima,1,0
SOL-000446,39,5.1,1046.0,4597.0,995.0,1,digital,lima,1,0
SOL-000447,49,7.0,2418.0,10358.0,3568.0,0,digital,arequipa,1,1
SOL-000448,36,11.3,2836.0,5307.0,2612.0,0,presencial,lima,0,0
SOL-000449,37,3.3,2781.0,8114.0,4348.0,1,presencial,arequipa,0,0
SOL-000450,41,7.7,6249.0,25657.0,5241.0,1,presencial,arequipa,1,0
SOL-000451,46,6.2,3990.0,10738.0,2032.0,1,presencial,lima,1,0
SOL-000452,33,6.3,1117.0,3358.0,337.0,1,digital,lima,0,1
SOL-000453,39,8.1,3696.0,16604.0,2006.0,1,digital,lima,0,0
SOL-000454,31,2.9,1681.0,4869.0,1743.0,1,presencial,lima,0,1
SOL-000455,47,16.1,5489.0,10918.0,1482.0,1,presencial,arequipa,1,0
SOL-000456,35,5.6,2990.0,4544.0,5861.0,1,presencial,arequipa,0,0
SOL-000457,30,2.8,2803.0,7933.0,2927.0,1,digital,lima,1,0
SOL-000458,62,0.7,3778.0,11316.0,2508.0,1,presencial,arequipa,1,0
SOL-000459,19,9.3,2481.0,10549.0,630.0,1,digital,lima,0,0
SOL-000460,40,9.3,4268.0,16454.0,9063.0,1,presencial,arequipa,1,0
SOL-000461,29,4.8,3994.0,6370.0,11395.0,1,presencial,lima,0,0
SOL-000462,45,1.3,10120.0,39793.0,122.0,1,presencial,arequipa,1,0
SOL-000463,44,4.1,3010.0,4863.0,2906.0,0,digital,arequipa,1,0
SOL-000464,45,1.8,4353.0,6284.0,10684.0,1,presencial,lima,1,1
SOL-000465,42,10.2,2647.0,8194.0,3945.0,0,presencial,arequipa,0,0
SOL-000466,47,3.1,3266.0,9936.0,325.0,1,digital,trujillo,0,0
SOL-000467,47,2.7,2248.0,5352.0,1396.0,1,presencial,lima,1,0
SOL-000468,41,4.8,4873.0,13780.0,1050.0,1,digital,arequipa,1,0
SOL-000469,51,7.0,1769.0,7524.0,468.0,1,presencial,trujillo,1,0
SOL-000470,19,7.5,2468.0,8630.0,2173.0,1,presencial,trujillo,1,0
SOL-000471,42,2.9,1641.0,4039.0,2187.0,0,presencial,lima,0,0
SOL-000472,31,9.7,4761.0,20450.0,2087.0,1,presencial,arequipa,1,0
SOL-000473,34,4.7,3070.0,5849.0,2450.0,1,presencial,trujillo,1,0
SOL-000474,59,1.0,5468.0,10625.0,7276.0,1,presencial,arequipa,1,0
SOL-000475,39,5.1,2305.0,4892.0,241.0,1,presencial,lima,0,0
SOL-000476,64,5.1,5046.0,10701.0,1314.0,1,presencial,lima,0,0
SOL-000477,28,5.0,5175.0,8384.0,1680.0,0,presencial,arequipa,0,0
SOL-000478,31,6.4,4273.0,10084.0,2370.0,1,presencial,lima,1,0
SOL-000479,51,14.1,3890.0,12062.0,2469.0,1,presencial,lima,0,0
SOL-000480,39,5.2,4111.0,8595.0,3713.0,1,presencial,lima,1,0
SOL-000481,46,5.6,2384.0,4127.0,1050.0,1,presencial,arequipa,0,0
SOL-000482,42,3.7,2188.0,7475.0,3111.0,0,presencial,lima,0,0
SOL-000483,41,5.2,5079.0,13723.0,2464.0,1,presencial,trujillo,1,0
SOL-000484,40,7.6,3160.0,10824.0,564.0,1,presencial,arequipa,0,0
SOL-000485,45,7.7,4845.0,10508.0,1845.0,1,presencial,trujillo,0,0
SOL-000486,50,11.9,8574.0,32100.0,1834.0,0,presencial,trujillo,0,0
SOL-000487,61,1.2,3018.0,13326.0,71.0,1,presencial,lima,1,0
SOL-000488,41,9.1,2802.0,6192.0,9767.0,1,presencial,arequipa,1,0
SOL-000489,39,8.2,3234.0,10938.0,74.0,1,presencial,lima,0,0
SOL-000490,37,1.7,3906.0,14732.0,2034.0,0,presencial,trujillo,1,0
SOL-000491,48,10.1,3687.0,11371.0,2892.0,0,digital,lima,1,0
SOL-000492,51,1.9,3772.0,8685.0,2847.0,1,presencial,arequipa,1,0
SOL-000493,22,7.7,11281.0,23292.0,188.0,1,presencial,trujillo,1,0
SOL-000494,22,1.0,4764.0,16219.0,4163.0,1,presencial,lima,0,0
SOL-000495,23,1.1,4021.0,11611.0,8511.0,0,digital,trujillo,1,0
SOL-000496,46,7.9,3755.0,15003.0,387.0,1,presencial,lima,0,0
SOL-000497,43,8.1,6478.0,10864.0,5530.0,0,presencial,lima,1,0
SOL-000498,49,4.9,3440.0,5165.0,3005.0,1,presencial,lima,1,0
SOL-000499,41,12.4,2738.0,6981.0,1854.0,1,presencial,lima,1,0
SOL-000500,58,7.7,6129.0,17593.0,23853.0,1,presencial,arequipa,1,0
SOL-000501,40,8.2,2601.0,8798.0,1709.0,0,digital,trujillo,0,0
SOL-000502,33,3.4,3044.0,5338.0,1212.0,1,digital,lima,1,0
SOL-000503,45,0.8,4464.0,14377.0,268.0,1,digital,arequipa,1,0
SOL-000504,25,2.4,4114.0,16129.0,9831.0,1,presencial,trujillo,0,0
SOL-000505,42,4.3,3542.0,14946.0,740.0,1,presencial,arequipa,0,0
SOL-000506,34,1.2,2028.0,8496.0,2011.0,0,digital,lima,1,1
SOL-000507,50,2.7,6648.0,19992.0,17403.0,1,presencial,trujillo,0,0
SOL-000508,19,0.2,2243.0,9393.0,2759.0,1,digital,lima,1,1
SOL-000509,40,4.5,3727.0,11429.0,337.0,0,presencial,arequipa,0,0
SOL-000510,47,1.4,4443.0,7231.0,6626.0,1,presencial,arequipa,0,0
SOL-000511,48,4.4,4434.0,19591.0,1626.0,1,presencial,arequipa,1,0
SOL-000512,45,0.2,4539.0,6391.0,6287.0,0,digital,lima,1,0
SOL-000513,51,4.1,3691.0,8437.0,4705.0,1,presencial,lima,1,0
SOL-000514,42,7.6,7830.0,12088.0,5770.0,1,presencial,arequipa,0,0
SOL-000515,50,2.7,3363.0,10376.0,1050.0,0,presencial,lima,1,0
SOL-000516,41,6.5,4642.0,14664.0,898.0,0,presencial,lima,0,0
SOL-000517,45,6.2,3479.0,11751.0,4369.0,0,presencial,arequipa,1,1
SOL-000518,41,1.7,7957.0,14602.0,19787.0,0,digital,arequipa,1,0
SOL-000519,43,1.3,3190.0,4638.0,3626.0,0,presencial,lima,1,0
SOL-000520,36,11.1,2340.0,5203.0,2012.0,1,digital,lima,1,0
SOL-000521,43,7.5,2844.0,4436.0,2414.0,0,digital,trujillo,1,0
SOL-000522,51,3.3,3332.0,5029.0,2350.0,1,presencial,lima,1,0
SOL-000523,57,13.4,4508.0,10000.0,10163.0,0,presencial,lima,0,0
SOL-000524,69,8.8,7253.0,32612.0,11501.0,0,presencial,lima,1,0
SOL-000525,51,7.9,4132.0,16076.0,11724.0,1,presencial,lima,0,0
SOL-000526,38,1.9,4213.0,10623.0,10991.0,1,presencial,trujillo,1,0
SOL-000527,38,6.3,2378.0,6102.0,10453.0,1,digital,lima,0,1
SOL-000528,37,8.9,2060.0,8822.0,3832.0,0,digital,lima,1,1
SOL-000529,39,4.0,2817.0,9725.0,4569.0,1,digital,lima,1,0
SOL-000530,59,6.6,3843.0,15351.0,2882.0,1,presencial,lima,1,0
SOL-000531,19,6.0,4932.0,20122.0,2049.0,0,digital,lima,1,0
SOL-000532,49,9.7,1627.0,3132.0,2268.0,0,digital,trujillo,1,0
SOL-000533,63,7.0,8155.0,11824.0,5423.0,1,presencial,arequipa,1,0
SOL-000534,49,7.5,3546.0,7913.0,6707.0,0,presencial,lima,1,1
SOL-000535,50,6.4,4135.0,13408.0,7040.0,0,presencial,lima,1,0
SOL-000536,40,13.6,2200.0,9276.0,12397.0,1,presencial,lima,0,1
SOL-000537,43,5.7,5127.0,12083.0,5516.0,1,presencial,lima,1,0
SOL-000538,51,7.4,2323.0,9374.0,7070.0,1,presencial,arequipa,1,0
SOL-000539,50,11.7,4648.0,16049.0,1353.0,0,presencial,lima,0,0
SOL-000540,40,2.4,3092.0,10602.0,4369.0,1,digital,arequipa,1,0
SOL-000541,39,13.5,2262.0,8190.0,4216.0,0,digital,trujillo,1,0
SOL-000542,53,3.7,1308.0,3905.0,999.0,1,presencial,lima,1,0
SOL-000543,41,1.2,8241.0,28746.0,27530.0,1,digital,trujillo,1,0
SOL-000544,21,6.0,1549.0,5978.0,1791.0,1,digital,lima,1,0
SOL-000545,52,3.6,4411.0,14235.0,5502.0,1,presencial,lima,1,0
SOL-000546,63,13.2,2619.0,3985.0,1031.0,1,presencial,trujillo,0,0
SOL-000547,43,18.0,6601.0,19690.0,955.0,0,presencial,lima,0,0
SOL-000548,59,2.8,3142.0,10213.0,3312.0,1,presencial,arequipa,1,0
SOL-000549,22,1.0,1812.0,7454.0,3728.0,1,digital,arequipa,1,0
SOL-000550,43,2.6,5216.0,7387.0,245.0,1,presencial,lima,1,0
SOL-000551,36,1.0,1976.0,3064.0,996.0,1,presencial,trujillo,1,0
SOL-000552,58,3.5,3087.0,7843.0,11826.0,1,presencial,lima,1,0
SOL-000553,61,10.3,5480.0,21313.0,3348.0,1,presencial,trujillo,0,0
SOL-000554,31,6.2,5866.0,17020.0,1532.0,1,digital,lima,1,0
SOL-000555,56,4.7,2321.0,5446.0,4330.0,1,presencial,lima,0,0
SOL-000556,61,7.2,2785.0,9884.0,4534.0,0,presencial,lima,1,1
SOL-000557,43,2.0,4597.0,13623.0,6900.0,1,presencial,trujillo,1,0
SOL-000558,44,5.7,1355.0,4307.0,1814.0,1,presencial,lima,1,0
SOL-000559,51,6.4,7754.0,21152.0,805.0,1,presencial,trujillo,0,0
SOL-000560,34,6.2,2276.0,8302.0,1162.0,1,presencial,lima,1,0
SOL-000561,44,3.4,3049.0,4416.0,1569.0,0,presencial,lima,1,0
SOL-000562,67,3.3,4384.0,6160.0,1117.0,1,presencial,lima,1,0
SOL-000563,26,6.7,2752.0,9678.0,648.0,1,digital,lima,0,1
SOL-000564,52,7.9,2319.0,3438.0,1394.0,1,presencial,trujillo,0,0
SOL-000565,49,1.0,9369.0,22910.0,3257.0,0,presencial,lima,1,0
SOL-000566,30,0.2,702.0,1780.0,412.0,0,digital,arequipa,1,0
SOL-000567,34,15.6,1495.0,4938.0,2186.0,0,digital,arequipa,1,0
SOL-000568,62,6.6,2749.0,10431.0,3424.0,1,presencial,lima,1,0
SOL-000569,49,6.2,2336.0,9222.0,2328.0,0,presencial,arequipa,0,0
SOL-000570,51,2.9,7217.0,16372.0,8804.0,1,presencial,trujillo,1,1
SOL-000571,61,4.3,1616.0,3075.0,2546.0,1,presencial,arequipa,0,0
SOL-000572,29,2.0,6022.0,26741.0,11164.0,1,digital,lima,0,0
SOL-000573,31,10.3,3312.0,5086.0,4695.0,1,presencial,arequipa,0,0
SOL-000574,51,8.4,1320.0,5178.0,4950.0,0,digital,arequipa,1,0
SOL-000575,34,5.0,899.0,1315.0,140.0,0,digital,lima,1,0
SOL-000576,53,6.0,3423.0,9940.0,926.0,1,presencial,arequipa,1,0
SOL-000577,24,5.8,1860.0,6303.0,3184.0,1,digital,lima,1,0
SOL-000578,47,5.9,4329.0,12472.0,1025.0,1,presencial,arequipa,0,0
SOL-000579,20,6.7,2120.0,6679.0,615.0,0,digital,trujillo,1,0
SOL-000580,44,12.3,6292.0,9304.0,3112.0,1,presencial,trujillo,1,1
SOL-000581,36,5.2,3554.0,6675.0,379.0,1,presencial,trujillo,1,0
SOL-000582,33,3.0,3070.0,9564.0,15923.0,1,presencial,arequipa,1,1
SOL-000583,40,6.0,6349.0,25179.0,15489.0,1,presencial,arequipa,0,0
SOL-000584,19,3.7,4310.0,13361.0,7411.0,1,presencial,lima,0,0
SOL-000585,19,0.2,4008.0,11817.0,2062.0,0,digital,lima,1,0
SOL-000586,52,2.4,6956.0,31047.0,9538.0,1,presencial,lima,1,0
SOL-000587,47,11.3,3285.0,8569.0,2951.0,1,presencial,lima,1,0
SOL-000588,31,5.8,3905.0,10133.0,2764.0,1,presencial,trujillo,1,0
SOL-000589,49,4.3,5936.0,9672.0,4597.0,0,presencial,trujillo,1,0
SOL-000590,33,6.4,1070.0,4096.0,1521.0,1,presencial,lima,0,0
SOL-000591,40,2.3,2541.0,4091.0,765.0,1,digital,lima,1,0
SOL-000592,42,11.5,3405.0,6204.0,1170.0,1,presencial,arequipa,0,0
SOL-000593,39,17.1,4649.0,7327.0,4110.0,1,presencial,lima,0,0
SOL-000594,42,4.1,2524.0,5039.0,666.0,1,presencial,trujillo,1,0
SOL-000595,71,5.0,6766.0,18678.0,4884.0,1,presencial,trujillo,0,0
SOL-000596,35,6.9,2608.0,3991.0,742.0,1,presencial,lima,0,0
SOL-000597,34,0.6,2110.0,5645.0,1184.0,0,digital,lima,0,0
SOL-000598,52,1.1,2709.0,7832.0,4587.0,1,presencial,lima,1,0
SOL-000599,21,9.1,5079.0,8855.0,1342.0,0,digital,lima,1,0
SOL-000600,25,4.2,1294.0,2033.0,156.0,1,presencial,lima,1,0
SOL-000601,36,4.0,9693.0,23017.0,14784.0,1,presencial,lima,0,0
SOL-000602,40,5.6,5765.0,19697.0,2205.0,1,digital,lima,0,0
SOL-000603,28,1.4,1997.0,6554.0,677.0,1,digital,lima,0,0
SOL-000604,29,2.3,4570.0,8192.0,9680.0,0,digital,lima,1,0
SOL-000605,42,0.6,2867.0,4831.0,3585.0,1,digital,arequipa,1,0
SOL-000606,23,0.2,6329.0,12527.0,3934.0,0,digital,lima,0,1
SOL-000607,31,2.3,4393.0,18057.0,1145.0,0,digital,trujillo,1,0
SOL-000608,26,2.9,11973.0,51342.0,7567.0,1,presencial,lima,0,0
SOL-000609,36,1.1,1189.0,3587.0,2670.0,1,digital,lima,1,0
SOL-000610,46,5.6,4228.0,17745.0,3260.0,1,presencial,lima,0,0
SOL-000611,52,8.8,1562.0,2823.0,4942.0,0,presencial,arequipa,0,0
SOL-000612,30,8.9,2923.0,10048.0,13042.0,1,presencial,lima,1,0
SOL-000613,30,7.1,8631.0,29442.0,5946.0,1,digital,lima,1,0
SOL-000614,19,1.7,3418.0,9546.0,13382.0,0,digital,lima,0,0
SOL-000615,40,5.2,6387.0,23550.0,15880.0,1,presencial,trujillo,1,0
SOL-000616,48,2.2,3500.0,10054.0,1244.0,0,digital,lima,0,0
SOL-000617,28,1.7,3387.0,13734.0,2826.0,0,digital,lima,1,0
SOL-000618,28,3.4,2917.0,5312.0,2986.0,1,presencial,trujillo,1,1
SOL-000619,36,2.5,2648.0,3849.0,3298.0,1,presencial,lima,1,0
SOL-000620,25,6.4,2877.0,7400.0,1160.0,0,presencial,lima,0,0
SOL-000621,19,8.8,648.0,1166.0,698.0,1,digital,trujillo,0,0
SOL-000622,50,3.7,3668.0,7172.0,4835.0,1,presencial,lima,0,0
SOL-000623,19,1.8,3035.0,4698.0,1057.0,1,digital,lima,0,0
SOL-000624,46,1.1,2774.0,7587.0,1472.0,1,presencial,lima,0,0
SOL-000625,32,6.3,2503.0,9225.0,2825.0,1,digital,lima,0,0
SOL-000626,37,0.9,5029.0,15719.0,602.0,0,presencial,trujillo,0,1
SOL-000627,35,4.2,4245.0,10637.0,2425.0,0,digital,arequipa,1,0
SOL-000628,33,3.1,2053.0,2949.0,236.0,1,presencial,arequipa,1,0
SOL-000629,52,4.6,2532.0,7541.0,913.0,1,presencial,lima,1,0
SOL-000630,24,4.4,3963.0,9574.0,1867.0,0,digital,arequipa,0,0
SOL-000631,28,4.2,3640.0,7791.0,3018.0,0,digital,arequipa,1,0
SOL-000632,26,8.0,5391.0,15094.0,12189.0,1,digital,lima,0,0
SOL-000633,51,0.9,7537.0,14525.0,5043.0,1,presencial,trujillo,0,0
SOL-000634,49,9.0,13437.0,32209.0,14204.0,1,presencial,arequipa,1,0
SOL-000635,19,6.1,3287.0,14039.0,5402.0,1,presencial,arequipa,1,0
SOL-000636,46,10.3,8698.0,28648.0,8598.0,1,presencial,lima,0,0
SOL-000637,19,3.9,1661.0,7422.0,2404.0,1,digital,lima,1,1
SOL-000638,28,0.2,9304.0,31135.0,5097.0,1,digital,arequipa,0,0
SOL-000639,31,3.4,3394.0,5772.0,1619.0,0,digital,arequipa,1,1
SOL-000640,28,6.1,3552.0,12304.0,1977.0,0,digital,lima,1,0
SOL-000641,38,7.0,4483.0,18309.0,2721.0,0,digital,lima,1,1
SOL-000642,40,3.5,1324.0,5600.0,195.0,1,digital,trujillo,1,0
SOL-000643,34,4.7,2189.0,6828.0,4915.0,1,presencial,lima,1,0
SOL-000644,34,6.1,4065.0,7205.0,2637.0,1,presencial,lima,1,1
SOL-000645,43,9.5,4581.0,15546.0,7843.0,1,presencial,arequipa,1,0
SOL-000646,19,2.4,7913.0,14585.0,9982.0,1,digital,lima,0,0
SOL-000647,38,7.0,2337.0,3678.0,1593.0,1,presencial,lima,1,0
SOL-000648,58,14.3,8526.0,17532.0,4415.0,1,presencial,lima,1,0
SOL-000649,19,18.3,2334.0,3970.0,304.0,1,digital,trujillo,1,0
SOL-000650,39,9.4,3310.0,9204.0,1402.0,1,presencial,lima,1,0
SOL-000651,36,4.6,3515.0,15206.0,665.0,1,presencial,arequipa,1,0
SOL-000652,54,0.6,2286.0,7880.0,623.0,0,digital,trujillo,0,0
SOL-000653,26,5.1,3451.0,12261.0,5786.0,0,digital,arequipa,1,1
SOL-000654,38,12.5,3117.0,12129.0,1641.0,1,presencial,lima,0,0
SOL-000655,21,3.5,1287.0,2756.0,467.0,0,digital,lima,1,0
SOL-000656,43,10.1,3330.0,10571.0,1827.0,1,presencial,lima,1,0
SOL-000657,35,8.0,3397.0,12264.0,634.0,1,digital,arequipa,1,0
SOL-000658,33,5.5,1846.0,4324.0,414.0,0,presencial,trujillo,0,0
SOL-000659,54,9.1,5180.0,13476.0,9678.0,1,presencial,arequipa,0,1
SOL-000660,46,2.4,7072.0,25276.0,19710.0,0,presencial,lima,1,0
SOL-000661,52,4.8,8263.0,32277.0,6669.0,1,presencial,lima,0,0
SOL-000662,28,5.6,3194.0,8052.0,205.0,1,digital,trujillo,1,0
SOL-000663,46,5.4,1498.0,5003.0,3952.0,0,presencial,lima,1,0
SOL-000664,41,2.6,5360.0,18542.0,20183.0,1,presencial,trujillo,0,0
SOL-000665,59,9.1,6329.0,27085.0,6952.0,1,presencial,lima,1,0
SOL-000666,33,5.6,1865.0,7164.0,735.0,0,digital,arequipa,1,1
SOL-000667,32,4.5,2580.0,5168.0,4413.0,1,digital,trujillo,1,0
SOL-000668,27,9.8,3445.0,11505.0,2631.0,1,digital,lima,0,0
SOL-000669,37,9.2,9695.0,42357.0,15003.0,1,presencial,lima,1,0
SOL-000670,46,0.7,3351.0,8621.0,337.0,1,presencial,trujillo,0,0
SOL-000671,52,6.2,6084.0,22951.0,3012.0,0,presencial,lima,1,0
SOL-000672,35,6.1,4512.0,13859.0,795.0,1,presencial,lima,0,0
SOL-000673,33,2.8,2972.0,8194.0,821.0,0,digital,lima,1,1
SOL-000674,34,0.2,5352.0,16954.0,496.0,1,digital,lima,1,1
SOL-000675,47,3.2,2484.0,6751.0,692.0,0,presencial,arequipa,1,0
SOL-000676,24,0.8,4315.0,10295.0,9546.0,1,presencial,lima,1,0
SOL-000677,22,15.7,2717.0,10214.0,886.0,0,digital,lima,1,1
SOL-000678,28,5.4,1748.0,5334.0,155.0,1,presencial,trujillo,0,0
SOL-000679,43,7.5,7266.0,31230.0,2333.0,1,presencial,lima,1,0
SOL-000680,33,2.5,5890.0,8406.0,600.0,1,presencial,lima,0,1
SOL-000681,38,1.0,3896.0,14746.0,3279.0,1,presencial,arequipa,0,0
SOL-000682,30,4.1,3341.0,6307.0,1127.0,0,presencial,trujillo,1,0
SOL-000683,39,3.8,3828.0,14392.0,2368.0,1,presencial,arequipa,1,0
SOL-000684,31,6.4,5529.0,22656.0,2201.0,1,presencial,trujillo,1,0
SOL-000685,51,4.3,3934.0,15070.0,2422.0,1,presencial,lima,1,0
SOL-000686,48,19.5,2705.0,8767.0,218.0,1,presencial,lima,1,0
SOL-000687,45,10.4,2925.0,5208.0,873.0,1,presencial,trujillo,0,0
SOL-000688,29,11.5,2662.0,11652.0,3452.0,0,digital,trujillo,1,0
SOL-000689,19,3.9,1650.0,3979.0,2318.0,0,digital,arequipa,1,0
SOL-000690,38,6.3,4552.0,6771.0,2987.0,1,presencial,lima,0,0
SOL-000691,35,12.4,2534.0,3562.0,1798.0,1,presencial,lima,1,0
SOL-000692,35,2.4,1631.0,6018.0,1747.0,0,digital,lima,1,0
SOL-000693,50,7.2,20139.0,80201.0,44120.0,1,presencial,trujillo,0,0
SOL-000694,47,4.3,10496.0,40823.0,1084.0,1,presencial,trujillo,1,0
SOL-000695,46,5.9,2888.0,9048.0,4632.0,0,digital,lima,1,0
SOL-000696,37,2.0,5958.0,20012.0,582.0,1,presencial,lima,0,0
SOL-000697,25,2.0,4556.0,19186.0,3749.0,1,digital,lima,0,0
SOL-000698,54,6.4,3680.0,12723.0,280.0,1,presencial,lima,0,0
SOL-000699,45,6.9,4434.0,11035.0,558.0,1,presencial,arequipa,0,0
SOL-000700,40,8.6,3340.0,14516.0,898.0,0,presencial,arequipa,1,0
SOL-000701,63,2.3,7354.0,32308.0,1575.0,1,presencial,lima,1,1
SOL-000702,49,6.2,7406.0,24784.0,14832.0,1,presencial,arequipa,0,0
SOL-000703,41,1.6,8623.0,27205.0,7620.0,1,presencial,trujillo,0,0
SOL-000704,24,2.8,3077.0,13244.0,705.0,0,digital,lima,1,0
SOL-000705,58,5.6,11817.0,45047.0,15421.0,1,presencial,lima,1,0
SOL-000706,45,5.0,3679.0,6505.0,5563.0,1,presencial,lima,0,0
SOL-000707,32,12.5,7768.0,33949.0,8726.0,1,digital,lima,1,0
SOL-000708,39,4.0,2106.0,7677.0,2070.0,0,digital,lima,1,0
SOL-000709,53,7.8,1950.0,7197.0,1931.0,0,presencial,arequipa,1,0
SOL-000710,49,6.4,10987.0,29037.0,2324.0,1,presencial,lima,1,0
SOL-000711,42,3.8,3777.0,5387.0,3073.0,1,digital,lima,1,0
SOL-000712,37,5.9,3510.0,7871.0,7070.0,0,digital,trujillo,1,0
SOL-000713,38,4.5,2221.0,5389.0,6952.0,0,digital,lima,1,1
SOL-000714,24,4.1,1726.0,4856.0,1220.0,1,digital,arequipa,1,0
SOL-000715,52,3.1,1814.0,6483.0,670.0,0,digital,arequipa,1,1
SOL-000716,29,4.0,4114.0,11506.0,1068.0,1,presencial,trujillo,1,0
SOL-000717,46,3.7,3540.0,9040.0,6668.0,1,presencial,arequipa,1,1
SOL-000718,28,5.7,1395.0,3026.0,365.0,1,presencial,trujillo,0,1
SOL-000719,42,5.5,9235.0,34930.0,5457.0,1,presencial,arequipa,1,0
SOL-000720,26,10.6,2154.0,8274.0,1247.0,0,digital,lima,1,0
SOL-000721,44,1.8,7288.0,18409.0,10684.0,0,presencial,lima,1,0
SOL-000722,47,14.8,2652.0,5501.0,2802.0,0,presencial,lima,1,0
SOL-000723,32,2.3,4149.0,8639.0,15535.0,1,presencial,lima,1,0
SOL-000724,32,3.7,4442.0,15346.0,4566.0,1,digital,lima,0,0
SOL-000725,58,6.9,5907.0,22417.0,11455.0,1,presencial,lima,1,1
SOL-000726,29,2.8,3330.0,12765.0,1486.0,1,presencial,lima,1,0
SOL-000727,34,2.3,4988.0,20446.0,5165.0,0,presencial,lima,0,0
SOL-000728,52,4.9,5440.0,20339.0,11107.0,1,presencial,lima,0,0
SOL-000729,44,8.0,3544.0,10300.0,6434.0,1,presencial,arequipa,1,0
SOL-000730,45,9.3,2145.0,4781.0,294.0,1,presencial,arequipa,0,0
SOL-000731,54,2.1,2766.0,7077.0,613.0,1,presencial,trujillo,0,0
SOL-000732,34,4.8,3143.0,7165.0,3359.0,1,presencial,lima,1,0
SOL-000733,37,1.3,3880.0,6629.0,2348.0,0,presencial,trujillo,1,0
SOL-000734,36,2.8,8761.0,16174.0,6787.0,1,presencial,arequipa,0,1
SOL-000735,39,10.9,6136.0,8832.0,3529.0,0,presencial,lima,0,0
SOL-000736,47,5.1,1753.0,3523.0,2974.0,0,digital,trujillo,0,0
SOL-000737,24,3.0,9947.0,39680.0,9194.0,1,presencial,lima,1,0
SOL-000738,30,10.3,3674.0,11261.0,2419.0,1,presencial,arequipa,0,0
SOL-000739,28,3.3,5429.0,14155.0,25892.0,1,presencial,arequipa,1,0
SOL-000740,58,5.3,2349.0,5017.0,4712.0,1,presencial,lima,0,0
SOL-000741,36,1.1,3026.0,9770.0,7263.0,0,presencial,arequipa,0,1
SOL-000742,39,3.0,6566.0,29005.0,1268.0,1,presencial,lima,1,0
SOL-000743,19,4.7,1696.0,4204.0,8569.0,1,digital,lima,1,0
SOL-000744,40,6.1,3939.0,15863.0,17998.0,1,presencial,lima,0,0
SOL-000745,53,4.0,4890.0,21083.0,8151.0,1,presencial,lima,0,0
SOL-000746,46,4.9,2249.0,8635.0,2016.0,1,presencial,lima,1,0
SOL-000747,42,8.3,1519.0,4912.0,523.0,1,presencial,arequipa,0,0
SOL-000748,26,4.7,6135.0,14333.0,11209.0,1,presencial,lima,1,0
SOL-000749,28,5.3,11876.0,17855.0,45812.0,0,digital,lima,1,0
SOL-000750,34,2.0,3401.0,12527.0,3171.0,0,digital,arequipa,1,0
SOL-000751,32,5.2,5369.0,23428.0,1198.0,1,presencial,lima,0,0
SOL-000752,50,1.0,2417.0,8548.0,1926.0,1,presencial,lima,1,0
SOL-000753,53,3.8,8219.0,12430.0,3903.0,0,presencial,arequipa,0,0
SOL-000754,37,5.6,3147.0,5766.0,858.0,1,presencial,trujillo,1,0
SOL-000755,40,3.4,4907.0,12847.0,427.0,1,digital,lima,0,0
SOL-000756,42,3.6,5249.0,23446.0,18366.0,0,presencial,lima,0,1
SOL-000757,56,2.6,5316.0,8841.0,13713.0,1,presencial,arequipa,1,1
SOL-000758,54,4.1,3648.0,8702.0,2005.0,1,digital,trujillo,1,0
SOL-000759,31,4.9,5125.0,15943.0,85.0,0,presencial,lima,1,0
SOL-000760,51,6.5,4435.0,7748.0,5546.0,1,presencial,lima,1,0
SOL-000761,46,1.6,4435.0,7826.0,12299.0,0,digital,lima,0,1
SOL-000762,32,7.6,2624.0,4232.0,9966.0,0,presencial,arequipa,1,0
SOL-000763,37,2.3,3381.0,10003.0,4169.0,1,presencial,trujillo,1,0
SOL-000764,37,1.7,8212.0,18791.0,2877.0,1,presencial,arequipa,0,0
SOL-000765,31,9.3,2931.0,4462.0,3135.0,0,digital,lima,1,0
SOL-000766,39,2.4,3231.0,9550.0,2227.0,1,presencial,arequipa,1,0
SOL-000767,41,5.8,6556.0,24024.0,3850.0,1,presencial,trujillo,1,0
SOL-000768,52,4.3,5916.0,20549.0,10907.0,0,presencial,lima,1,0
SOL-000769,22,11.1,1947.0,6856.0,2096.0,1,presencial,trujillo,0,0
SOL-000770,32,7.7,5595.0,17383.0,10803.0,1,presencial,lima,1,0
SOL-000771,50,1.7,4111.0,15712.0,8980.0,1,presencial,lima,1,0
SOL-000772,49,13.1,5542.0,8831.0,11577.0,1,presencial,arequipa,1,0
SOL-000773,31,9.4,3849.0,7664.0,2887.0,0,presencial,lima,0,0
SOL-000774,38,2.4,3411.0,12212.0,4290.0,1,digital,trujillo,1,0
SOL-000775,58,2.2,1477.0,3605.0,984.0,1,presencial,lima,1,0
SOL-000776,31,4.4,1682.0,3600.0,124.0,1,digital,lima,1,0
SOL-000777,32,6.2,5624.0,8345.0,6009.0,0,presencial,lima,1,0
SOL-000778,53,1.2,14960.0,61221.0,26112.0,1,presencial,lima,1,0
SOL-000779,51,4.1,3243.0,12965.0,3488.0,0,digital,lima,1,0
SOL-000780,22,7.4,1869.0,2967.0,4969.0,1,digital,arequipa,0,1
SOL-000781,43,5.5,4107.0,9625.0,4122.0,1,presencial,lima,1,0
SOL-000782,44,3.4,1684.0,3478.0,129.0,0,digital,lima,0,0
SOL-000783,44,4.6,7331.0,14963.0,2854.0,1,presencial,arequipa,0,1
SOL-000784,24,3.0,3925.0,8635.0,8224.0,1,presencial,lima,1,0
SOL-000785,37,8.5,4633.0,10752.0,1953.0,0,digital,arequipa,1,0
SOL-000786,32,4.1,3534.0,12688.0,3665.0,0,presencial,lima,1,0
SOL-000787,19,4.4,4852.0,21381.0,10269.0,0,digital,lima,0,0
SOL-000788,24,1.9,1645.0,2535.0,4778.0,0,presencial,arequipa,0,0
SOL-000789,45,3.3,2714.0,6516.0,1767.0,0,digital,arequipa,0,0
SOL-000790,34,7.2,5067.0,17577.0,4262.0,1,presencial,trujillo,1,1
SOL-000791,47,4.1,3329.0,7818.0,1525.0,1,presencial,lima,0,0
SOL-000792,49,4.1,4614.0,9193.0,4207.0,1,presencial,lima,1,0
SOL-000793,45,5.2,4574.0,8783.0,836.0,1,presencial,arequipa,1,0
SOL-000794,46,7.0,6604.0,21487.0,8770.0,1,presencial,arequipa,1,0
SOL-000795,47,5.7,5288.0,9879.0,39.0,0,presencial,arequipa,1,0
SOL-000796,45,15.9,4695.0,7978.0,5676.0,0,presencial,arequipa,0,0
SOL-000797,35,10.9,6047.0,22519.0,4112.0,1,presencial,arequipa,0,0
SOL-000798,34,3.5,1894.0,4670.0,4115.0,1,presencial,lima,1,0
SOL-000799,31,8.1,1812.0,7562.0,3093.0,0,digital,arequipa,1,0
SOL-000800,31,0.2,1304.0,3832.0,727.0,0,digital,lima,1,0
SOL-000801,37,2.7,3564.0,6446.0,5742.0,0,digital,lima,0,0
SOL-000802,55,1.6,4747.0,9482.0,979.0,1,presencial,arequipa,0,0
SOL-000803,36,5.9,5506.0,22754.0,526.0,1,digital,lima,1,0
SOL-000804,34,4.1,4596.0,8223.0,5429.0,1,presencial,lima,1,0
SOL-000805,19,2.1,2756.0,6554.0,229.0,1,presencial,trujillo,0,0
SOL-000806,35,8.4,4104.0,9606.0,12834.0,0,presencial,arequipa,1,1
SOL-000807,19,0.8,1010.0,4507.0,47.0,0,digital,lima,0,0
SOL-000808,35,7.9,3096.0,13687.0,6252.0,1,presencial,trujillo,0,1
SOL-000809,46,6.1,1129.0,4003.0,764.0,1,presencial,lima,0,0
SOL-000810,33,3.0,3178.0,6769.0,4376.0,0,digital,arequipa,1,0
SOL-000811,63,9.1,3310.0,6474.0,3085.0,1,presencial,lima,0,0
SOL-000812,48,2.7,3573.0,5668.0,1520.0,1,presencial,lima,0,0
SOL-000813,53,0.2,1651.0,2625.0,572.0,1,digital,lima,1,0
SOL-000814,51,2.3,2703.0,11668.0,3967.0,1,presencial,lima,1,0
SOL-000815,55,15.8,5487.0,17947.0,12081.0,1,presencial,lima,1,0
SOL-000816,28,1.4,1270.0,2559.0,1349.0,0,digital,lima,1,1
SOL-000817,20,2.3,3485.0,13320.0,4637.0,0,digital,arequipa,0,0
SOL-000818,38,12.4,2510.0,4109.0,2493.0,1,presencial,lima,0,0
SOL-000819,43,3.9,1597.0,4822.0,233.0,1,presencial,lima,1,0
SOL-000820,36,7.6,7242.0,14534.0,1208.0,1,presencial,trujillo,1,0
SOL-000821,32,13.3,7640.0,21321.0,22148.0,1,presencial,arequipa,1,0
SOL-000822,48,6.8,2891.0,6100.0,1965.0,1,presencial,trujillo,1,0
SOL-000823,32,5.1,2877.0,5245.0,5625.0,0,presencial,lima,1,0
SOL-000824,19,7.0,2352.0,10051.0,1222.0,0,digital,lima,1,0
SOL-000825,20,0.2,1758.0,7475.0,518.0,0,digital,arequipa,1,0
SOL-000826,40,3.9,2753.0,8064.0,1396.0,1,presencial,arequipa,0,0
SOL-000827,32,11.1,4837.0,18561.0,7560.0,1,presencial,lima,0,0
SOL-000828,40,3.0,11253.0,22792.0,3815.0,1,presencial,trujillo,1,0
SOL-000829,39,0.2,2228.0,5861.0,2229.0,1,digital,arequipa,0,0
SOL-000830,49,5.7,6516.0,13678.0,8770.0,1,presencial,arequipa,1,0
SOL-000831,36,7.6,4599.0,7633.0,3845.0,1,presencial,lima,1,0
SOL-000832,29,4.2,1604.0,4353.0,1569.0,1,presencial,arequipa,1,0
SOL-000833,37,7.7,3779.0,14017.0,3788.0,1,presencial,lima,1,0
SOL-000834,39,4.6,2478.0,9191.0,816.0,1,digital,trujillo,1,0
SOL-000835,42,21.7,5738.0,15920.0,3520.0,1,digital,lima,1,0
SOL-000836,47,8.7,8372.0,23304.0,2534.0,0,presencial,lima,1,0
SOL-000837,45,4.6,3259.0,10654.0,1889.0,1,digital,lima,0,0
SOL-000838,51,0.2,5038.0,21626.0,8491.0,0,digital,arequipa,1,0
SOL-000839,38,3.2,3547.0,6616.0,5917.0,1,presencial,trujillo,1,0
SOL-000840,59,2.4,6850.0,18188.0,6966.0,1,presencial,trujillo,0,0
SOL-000841,40,12.2,4033.0,16969.0,3240.0,1,presencial,arequipa,1,0
SOL-000842,43,0.6,4742.0,14705.0,6013.0,0,digital,trujillo,1,1
SOL-000843,51,4.2,7142.0,27554.0,6949.0,1,presencial,arequipa,0,0
SOL-000844,21,6.6,5556.0,15747.0,3185.0,1,presencial,lima,1,0
SOL-000845,32,3.6,2603.0,11076.0,1989.0,1,presencial,arequipa,1,0
SOL-000846,19,2.4,2153.0,8956.0,463.0,1,digital,lima,1,0
SOL-000847,23,6.2,5660.0,15749.0,1016.0,1,presencial,lima,1,0
SOL-000848,42,1.4,4264.0,6036.0,10994.0,0,digital,lima,0,0
SOL-000849,66,5.7,4156.0,13113.0,6449.0,0,presencial,lima,1,0
SOL-000850,29,6.8,2278.0,4629.0,1020.0,0,digital,trujillo,1,0
SOL-000851,52,3.3,4228.0,9072.0,3230.0,1,presencial,trujillo,0,0
SOL-000852,59,2.3,3312.0,9049.0,1761.0,0,presencial,lima,0,0
SOL-000853,34,12.2,2325.0,6498.0,1742.0,1,digital,arequipa,1,0
SOL-000854,32,12.3,7425.0,30205.0,11726.0,1,digital,lima,1,0
SOL-000855,40,5.0,2989.0,4475.0,23.0,1,presencial,lima,0,0
SOL-000856,49,5.6,4984.0,11537.0,6024.0,1,presencial,lima,0,0
SOL-000857,42,3.9,2901.0,9748.0,425.0,0,digital,lima,1,0
SOL-000858,37,2.3,1416.0,4713.0,9664.0,0,digital,lima,1,1
SOL-000859,48,4.9,1987.0,4739.0,3800.0,1,presencial,lima,0,0
SOL-000860,42,1.1,3670.0,7162.0,418.0,0,presencial,lima,1,0
SOL-000861,19,0.2,971.0,2193.0,117.0,0,digital,lima,1,0
SOL-000862,42,2.4,6941.0,28918.0,2591.0,0,digital,trujillo,0,0
SOL-000863,19,1.8,2220.0,4917.0,1658.0,0,digital,lima,1,1
SOL-000864,50,2.0,3040.0,8890.0,1039.0,0,presencial,lima,1,1
SOL-000865,51,4.9,7230.0,31242.0,2926.0,1,presencial,lima,0,0
SOL-000866,19,6.3,2490.0,4400.0,11881.0,0,digital,lima,0,0
SOL-000867,25,1.4,3759.0,15409.0,2729.0,1,digital,lima,1,0
SOL-000868,55,0.2,1989.0,7368.0,6486.0,1,digital,lima,0,0
SOL-000869,42,6.2,3919.0,11384.0,1567.0,0,presencial,arequipa,1,0
SOL-000870,30,4.1,6334.0,27500.0,27208.0,1,presencial,arequipa,1,0
SOL-000871,41,7.1,1712.0,2792.0,2282.0,1,digital,arequipa,0,1
SOL-000872,35,1.7,5036.0,20392.0,4097.0,1,presencial,arequipa,1,0
SOL-000873,19,0.7,763.0,1536.0,2162.0,1,digital,lima,1,0
SOL-000874,49,4.0,7391.0,18463.0,918.0,0,presencial,lima,0,0
SOL-000875,22,1.0,2006.0,3569.0,1549.0,0,digital,lima,1,1
SOL-000876,36,8.7,2563.0,7523.0,1559.0,0,digital,lima,1,0
SOL-000877,34,1.8,3638.0,7000.0,7004.0,1,presencial,lima,0,0
SOL-000878,51,3.9,2306.0,5052.0,101.0,1,presencial,lima,1,0
SOL-000879,45,15.7,2215.0,3510.0,1050.0,1,presencial,arequipa,0,0
SOL-000880,19,1.7,5020.0,11776.0,85.0,1,presencial,lima,1,0
SOL-000881,47,5.2,5144.0,9815.0,2616.0,1,presencial,lima,1,0
SOL-000882,40,4.2,2415.0,8512.0,5862.0,1,presencial,arequipa,0,0
SOL-000883,48,5.1,3550.0,11993.0,1809.0,1,digital,lima,1,0
SOL-000884,47,6.3,5116.0,17716.0,1476.0,1,presencial,trujillo,0,0
SOL-000885,51,6.1,3144.0,10990.0,4814.0,1,presencial,trujillo,0,0
SOL-000886,35,9.0,1954.0,3360.0,621.0,1,presencial,trujillo,0,0
SOL-000887,34,8.9,3754.0,7744.0,8130.0,1,presencial,lima,1,0
SOL-000888,43,3.3,4628.0,17060.0,14585.0,1,presencial,lima,1,1
SOL-000889,39,3.2,3712.0,10745.0,3223.0,1,presencial,arequipa,0,0
SOL-000890,47,6.0,1969.0,6603.0,2547.0,0,digital,arequipa,1,1
SOL-000891,41,5.7,4880.0,7688.0,11379.0,1,presencial,arequipa,0,1
SOL-000892,19,4.8,5173.0,13437.0,4349.0,1,digital,lima,0,0
SOL-000893,34,5.2,2564.0,7071.0,207.0,1,presencial,lima,1,0
SOL-000894,54,3.7,3278.0,11625.0,8329.0,1,presencial,lima,1,0
SOL-000895,30,5.8,11156.0,47161.0,14709.0,1,digital,lima,1,0
SOL-000896,30,1.3,3117.0,9915.0,1767.0,1,digital,lima,1,1
SOL-000897,55,15.9,1981.0,7447.0,292.0,0,presencial,trujillo,1,0
SOL-000898,33,15.0,2986.0,10137.0,1522.0,1,presencial,lima,0,0
SOL-000899,19,18.0,2582.0,10898.0,2826.0,1,presencial,arequipa,0,0
SOL-000900,34,5.9,4665.0,18256.0,5740.0,0,presencial,trujillo,1,0
SOL-000901,46,4.0,4492.0,9733.0,7636.0,1,presencial,lima,1,0
SOL-000902,40,11.8,2749.0,5743.0,7372.0,1,presencial,lima,0,0
SOL-000903,26,5.3,10050.0,42480.0,16274.0,1,presencial,arequipa,0,0
SOL-000904,54,8.7,4001.0,13012.0,3287.0,0,presencial,lima,0,0
SOL-000905,34,7.0,2114.0,5906.0,855.0,0,digital,lima,1,0
SOL-000906,47,3.0,2028.0,7241.0,545.0,1,presencial,trujillo,0,0
SOL-000907,48,7.3,2404.0,5465.0,4403.0,0,presencial,arequipa,0,0
SOL-000908,29,8.4,2002.0,7821.0,1538.0,1,presencial,trujillo,0,0
SOL-000909,46,4.9,3467.0,10526.0,687.0,1,presencial,trujillo,1,0
SOL-000910,53,1.8,2416.0,9906.0,2996.0,1,presencial,lima,1,0
SOL-000911,45,10.4,4028.0,13677.0,4747.0,0,digital,arequipa,1,0
SOL-000912,40,14.1,1977.0,4363.0,9165.0,0,digital,arequipa,1,1
SOL-000913,38,4.0,4147.0,18217.0,89.0,0,digital,arequipa,1,0
SOL-000914,19,2.7,3460.0,9160.0,323.0,0,digital,arequipa,0,0
SOL-000915,32,0.2,3748.0,14146.0,106.0,1,digital,arequipa,1,0
SOL-000916,21,4.2,4271.0,9363.0,1228.0,1,digital,trujillo,0,0
SOL-000917,57,3.8,10792.0,29062.0,8100.0,1,presencial,lima,1,0
SOL-000918,55,1.5,2461.0,9078.0,1384.0,0,presencial,arequipa,0,1
SOL-000919,33,9.1,5943.0,21148.0,17317.0,1,presencial,lima,1,0
SOL-000920,42,7.5,4708.0,20296.0,2764.0,0,presencial,arequipa,0,0
SOL-000921,46,3.5,6654.0,25773.0,253.0,0,presencial,arequipa,1,0
SOL-000922,42,12.3,2838.0,6825.0,11494.0,1,digital,arequipa,0,0
SOL-000923,25,5.1,7055.0,28758.0,13004.0,1,presencial,lima,1,0
SOL-000924,19,5.6,1955.0,8319.0,3417.0,0,presencial,lima,1,0
SOL-000925,43,4.6,2271.0,9896.0,335.0,1,presencial,lima,0,0
SOL-000926,19,9.9,2847.0,11933.0,2599.0,0,presencial,lima,1,0
SOL-000927,45,7.4,3682.0,13092.0,9102.0,1,presencial,lima,0,0
SOL-000928,39,0.2,2745.0,10615.0,5726.0,1,digital,trujillo,1,0
SOL-000929,57,5.3,2605.0,8879.0,845.0,1,presencial,lima,1,0
SOL-000930,25,7.0,1601.0,3828.0,1207.0,1,digital,trujillo,1,0
SOL-000931,45,1.5,2722.0,10697.0,5700.0,0,presencial,lima,1,1
SOL-000932,50,8.5,1574.0,3314.0,1446.0,1,presencial,arequipa,0,0
SOL-000933,30,7.5,3295.0,9019.0,1810.0,1,presencial,arequipa,1,0
SOL-000934,42,1.0,2599.0,6406.0,486.0,0,digital,arequipa,0,0
SOL-000935,35,2.9,3370.0,6516.0,2538.0,0,digital,arequipa,0,1
SOL-000936,36,2.0,4175.0,16185.0,11385.0,1,presencial,arequipa,1,0
SOL-000937,34,1.9,6808.0,19491.0,16546.0,1,digital,trujillo,1,0
SOL-000938,41,4.4,5840.0,17717.0,6708.0,1,presencial,arequipa,1,0
SOL-000939,41,6.3,3931.0,11621.0,4021.0,1,digital,lima,0,0
SOL-000940,39,8.9,4627.0,16366.0,7672.0,1,presencial,lima,1,0
SOL-000941,45,6.1,5057.0,9837.0,11823.0,1,presencial,arequipa,0,0
SOL-000942,25,2.7,2389.0,7054.0,327.0,0,digital,lima,1,1
SOL-000943,33,8.4,4031.0,8896.0,4700.0,1,presencial,lima,0,0
SOL-000944,45,5.6,10396.0,45869.0,4328.0,1,presencial,arequipa,0,0
SOL-000945,33,6.6,3691.0,5856.0,966.0,1,presencial,lima,1,0
SOL-000946,52,9.2,1915.0,8192.0,818.0,0,presencial,arequipa,1,0
SOL-000947,39,6.4,3849.0,6104.0,6541.0,0,digital,arequipa,1,1
SOL-000948,24,4.9,4224.0,7344.0,7414.0,0,digital,arequipa,1,1
SOL-000949,34,5.8,2904.0,12224.0,5385.0,1,digital,arequipa,1,0
SOL-000950,35,3.5,1441.0,4911.0,2689.0,0,presencial,trujillo,0,1
SOL-000951,25,3.1,7473.0,17978.0,13885.0,1,presencial,arequipa,1,1
SOL-000952,36,15.5,4314.0,13908.0,3476.0,1,presencial,trujillo,1,0
SOL-000953,42,3.0,3257.0,6237.0,2623.0,1,presencial,lima,1,0
SOL-000954,49,9.2,7100.0,11368.0,5051.0,1,presencial,arequipa,1,0
SOL-000955,34,2.7,935.0,1452.0,860.0,0,digital,arequipa,0,0
SOL-000956,42,6.3,2840.0,6353.0,862.0,0,digital,lima,1,0
SOL-000957,21,0.2,2023.0,3957.0,1632.0,0,digital,lima,1,0
SOL-000958,39,1.9,8316.0,22040.0,3665.0,1,presencial,arequipa,1,0
SOL-000959,61,9.5,4343.0,17883.0,19728.0,1,presencial,lima,0,0
SOL-000960,22,1.4,2442.0,6285.0,367.0,1,presencial,trujillo,0,0
SOL-000961,38,3.5,6918.0,18233.0,19394.0,1,presencial,lima,1,1
SOL-000962,31,12.1,1066.0,1892.0,1318.0,1,presencial,lima,0,0
SOL-000963,41,8.9,4985.0,22258.0,17923.0,1,presencial,arequipa,0,0
SOL-000964,38,4.1,1984.0,3671.0,2202.0,1,presencial,lima,0,0
SOL-000965,39,1.4,2107.0,5160.0,622.0,0,digital,lima,1,0
SOL-000966,46,13.3,3377.0,14628.0,3260.0,1,presencial,arequipa,0,0
SOL-000967,19,1.6,4301.0,12087.0,1688.0,0,digital,lima,1,0
SOL-000968,37,6.4,12037.0,29468.0,2460.0,1,presencial,lima,1,0
SOL-000969,43,11.5,1517.0,5487.0,631.0,1,presencial,arequipa,1,0
SOL-000970,51,7.1,4827.0,7252.0,1684.0,1,presencial,arequipa,1,0
SOL-000971,70,11.5,12031.0,28823.0,13805.0,1,presencial,arequipa,1,0
SOL-000972,51,4.0,2841.0,9088.0,5132.0,1,presencial,lima,1,0
SOL-000973,32,2.4,2751.0,12303.0,6810.0,0,presencial,lima,0,1
SOL-000974,31,6.5,3029.0,13326.0,11503.0,1,digital,trujillo,0,0
SOL-000975,45,10.7,5890.0,19680.0,1597.0,1,presencial,arequipa,1,0
SOL-000976,37,7.4,5388.0,13224.0,5444.0,1,presencial,lima,1,0
SOL-000977,48,2.7,3176.0,9862.0,2169.0,1,presencial,trujillo,0,0
SOL-000978,19,19.6,2522.0,10832.0,4473.0,1,presencial,lima,1,0
SOL-000979,49,2.0,7588.0,26317.0,8859.0,0,presencial,arequipa,1,0
SOL-000980,38,5.9,2559.0,4766.0,360.0,1,presencial,arequipa,0,0
SOL-000981,31,9.9,989.0,4363.0,875.0,0,digital,trujillo,1,0
SOL-000982,48,4.0,1258.0,5280.0,1149.0,1,digital,trujillo,1,0
SOL-000983,19,6.5,1986.0,4115.0,2443.0,1,digital,lima,0,1
SOL-000984,46,1.3,8317.0,28579.0,50897.0,1,presencial,arequipa,0,0
SOL-000985,52,7.9,2063.0,8505.0,841.0,0,presencial,lima,1,0
SOL-000986,34,1.0,5912.0,12318.0,16957.0,0,digital,arequipa,0,0
SOL-000987,25,6.0,7552.0,32196.0,13853.0,1,presencial,arequipa,0,0
SOL-000988,58,2.0,4303.0,8426.0,6021.0,1,presencial,lima,1,0
SOL-000989,41,8.4,1017.0,2550.0,185.0,1,presencial,lima,0,0
SOL-000990,26,5.7,1448.0,6261.0,5461.0,0,digital,lima,1,1
SOL-000991,40,6.0,2753.0,11933.0,2647.0,0,presencial,lima,1,1
SOL-000992,28,8.1,6590.0,9702.0,6937.0,1,digital,lima,1,0
SOL-000993,19,6.2,1993.0,8143.0,328.0,0,digital,trujillo,1,0
SOL-000994,45,1.9,2561.0,9093.0,1015.0,1,presencial,lima,1,0
SOL-000995,25,7.9,2955.0,12122.0,1850.0,0,digital,arequipa,0,0
SOL-000996,50,7.8,1839.0,5208.0,784.0,1,presencial,trujillo,1,0
SOL-000997,49,3.0,3779.0,16789.0,4827.0,1,presencial,arequipa,0,1
SOL-000998,61,5.4,2527.0,9399.0,2682.0,1,presencial,lima,1,1
SOL-000999,30,2.3,10840.0,40694.0,4267.0,1,digital,trujillo,0,0
SOL-001000,34,16.8,2375.0,6468.0,2345.0,0,presencial,arequipa,1,0
SOL-001001,27,2.4,10442.0,27318.0,596.0,1,presencial,arequipa,1,0
SOL-001002,67,4.0,2116.0,4311.0,1030.0,0,presencial,trujillo,0,0
SOL-001003,50,5.2,4388.0,6935.0,9001.0,1,presencial,arequipa,0,0
SOL-001004,35,5.8,4965.0,20826.0,2764.0,0,presencial,lima,1,0
SOL-001005,62,4.1,4120.0,13312.0,23508.0,1,presencial,trujillo,1,0
SOL-001006,58,5.7,3991.0,12492.0,4452.0,1,presencial,lima,0,0
SOL-001007,19,5.8,4193.0,10264.0,1568.0,1,digital,trujillo,1,0
SOL-001008,35,3.2,4755.0,17561.0,4061.0,1,presencial,lima,1,0
SOL-001009,31,2.5,2449.0,6518.0,4290.0,1,digital,lima,0,0
SOL-001010,31,14.6,2695.0,10534.0,4724.0,0,presencial,lima,1,0
SOL-001011,42,9.7,3512.0,5786.0,6782.0,1,presencial,lima,1,0
SOL-001012,51,9.5,3489.0,7561.0,4404.0,1,presencial,trujillo,0,0
SOL-001013,28,1.8,3454.0,7870.0,428.0,1,presencial,lima,0,1
SOL-001014,35,14.4,2788.0,4105.0,4162.0,1,digital,arequipa,1,0
SOL-001015,56,5.0,1839.0,6357.0,1831.0,0,presencial,lima,1,0
SOL-001016,47,10.2,2243.0,8019.0,1405.0,1,presencial,trujillo,1,0
SOL-001017,31,4.4,4129.0,11072.0,10496.0,1,digital,lima,0,0
SOL-001018,25,0.2,831.0,3213.0,288.0,0,digital,lima,1,0
SOL-001019,52,4.3,7133.0,31075.0,13025.0,1,presencial,lima,1,0
SOL-001020,30,9.8,2862.0,10543.0,1551.0,1,presencial,arequipa,1,0
SOL-001021,35,8.3,6383.0,22258.0,1602.0,0,digital,trujillo,0,0
SOL-001022,32,4.6,5069.0,14162.0,3696.0,0,digital,trujillo,1,0
SOL-001023,44,0.7,2260.0,7042.0,61.0,1,digital,lima,1,0
SOL-001024,37,10.4,3407.0,7813.0,3796.0,1,presencial,lima,1,0
SOL-001025,38,3.2,8765.0,18904.0,6653.0,1,presencial,lima,1,0
SOL-001026,29,6.0,7421.0,10992.0,796.0,1,presencial,lima,1,0
SOL-001027,37,6.1,4443.0,12843.0,5073.0,1,digital,arequipa,1,0
SOL-001028,38,8.1,6939.0,14556.0,12035.0,1,presencial,lima,1,0
SOL-001029,23,5.9,1522.0,4336.0,1018.0,1,digital,arequipa,1,1
SOL-001030,35,2.9,4259.0,16688.0,2027.0,1,presencial,trujillo,1,0
SOL-001031,49,4.0,2564.0,6508.0,3460.0,1,presencial,lima,1,0
SOL-001032,20,1.2,1502.0,3602.0,4244.0,0,digital,lima,1,1
SOL-001033,32,8.5,4168.0,11609.0,2634.0,1,presencial,lima,1,0
SOL-001034,42,6.2,2161.0,6345.0,8754.0,0,digital,lima,1,0
SOL-001035,41,3.2,3511.0,7883.0,7928.0,1,presencial,lima,1,1
SOL-001036,54,9.3,2951.0,9620.0,1486.0,1,presencial,arequipa,0,0
SOL-001037,39,9.3,1994.0,2971.0,615.0,1,presencial,lima,0,0
SOL-001038,43,11.2,9250.0,26890.0,12921.0,1,presencial,arequipa,0,0
SOL-001039,45,7.6,4151.0,14163.0,773.0,1,presencial,trujillo,1,0
SOL-001040,58,8.0,1808.0,5145.0,336.0,1,presencial,trujillo,0,0
SOL-001041,57,4.2,4208.0,18652.0,2264.0,1,presencial,arequipa,0,0
SOL-001042,45,3.3,5910.0,11114.0,2945.0,1,digital,lima,1,0
SOL-001043,36,10.6,6301.0,17671.0,21692.0,1,presencial,lima,1,0
SOL-001044,21,2.0,2046.0,4715.0,3945.0,1,digital,lima,0,1
SOL-001045,51,3.0,2959.0,12428.0,5908.0,0,presencial,trujillo,0,1
SOL-001046,58,8.0,2327.0,4553.0,3141.0,1,presencial,trujillo,0,0
SOL-001047,56,1.1,2602.0,7849.0,1396.0,1,presencial,lima,0,0
SOL-001048,32,1.9,1900.0,5159.0,1247.0,1,digital,lima,1,0
SOL-001049,40,9.9,1249.0,5300.0,1549.0,0,digital,lima,0,0
SOL-001050,51,12.9,3039.0,9508.0,747.0,0,presencial,lima,1,0
SOL-001051,34,8.3,3204.0,9111.0,779.0,1,digital,trujillo,1,0
SOL-001052,45,5.8,3086.0,9932.0,5427.0,1,presencial,lima,0,1
SOL-001053,44,3.0,4286.0,15453.0,6377.0,0,presencial,lima,1,0
SOL-001054,34,1.9,8896.0,13336.0,1946.0,1,presencial,lima,1,1
SOL-001055,35,4.4,9942.0,21524.0,2080.0,0,presencial,lima,1,0
SOL-001056,24,0.3,2586.0,5510.0,586.0,0,digital,lima,1,0
SOL-001057,19,14.0,4234.0,11382.0,7296.0,1,digital,trujillo,1,0
SOL-001058,45,4.3,3510.0,11185.0,7659.0,0,presencial,lima,1,0
SOL-001059,43,4.6,2970.0,12591.0,758.0,1,presencial,arequipa,1,0
SOL-001060,40,7.4,1499.0,4728.0,1478.0,0,digital,lima,1,0
SOL-001061,46,0.2,2803.0,5501.0,673.0,1,digital,lima,1,0
SOL-001062,58,4.7,6727.0,20384.0,17601.0,1,presencial,lima,0,0
SOL-001063,59,5.5,1973.0,5383.0,143.0,1,presencial,lima,0,0
SOL-001064,35,2.0,3297.0,11216.0,3664.0,0,presencial,lima,0,0
SOL-001065,27,2.8,3215.0,10848.0,1703.0,1,presencial,lima,1,0
SOL-001066,42,2.1,3046.0,10498.0,365.0,1,digital,trujillo,1,0
SOL-001067,58,10.2,4388.0,19709.0,813.0,1,presencial,arequipa,0,0
SOL-001068,49,11.1,3543.0,5263.0,2303.0,1,digital,trujillo,0,0
SOL-001069,48,7.4,10264.0,38623.0,3926.0,1,presencial,lima,1,0
SOL-001070,21,5.3,2434.0,9858.0,2305.0,1,presencial,arequipa,0,1
SOL-001071,36,9.9,1656.0,3577.0,5936.0,1,digital,arequipa,1,0
SOL-001072,49,9.4,4353.0,16315.0,8127.0,1,presencial,lima,1,0
SOL-001073,57,18.5,8147.0,14057.0,14223.0,1,presencial,lima,1,0
SOL-001074,48,0.2,1252.0,3858.0,2125.0,1,digital,lima,1,0
SOL-001075,42,4.1,3183.0,7637.0,4145.0,0,digital,arequipa,1,1
SOL-001076,37,3.8,3447.0,7262.0,7437.0,1,presencial,lima,0,0
SOL-001077,32,1.7,5968.0,20328.0,2705.0,1,presencial,lima,1,0
SOL-001078,49,5.7,5306.0,14051.0,6915.0,1,presencial,trujillo,0,0
SOL-001079,34,17.3,3925.0,7516.0,245.0,1,presencial,lima,0,0
SOL-001080,59,2.5,4932.0,16179.0,8474.0,1,presencial,trujillo,0,0
SOL-001081,24,22.5,2718.0,8075.0,2500.0,0,presencial,trujillo,1,0
SOL-001082,38,7.9,4062.0,6219.0,3159.0,1,digital,trujillo,1,0
SOL-001083,36,10.2,5510.0,21733.0,1219.0,0,digital,arequipa,1,0
SOL-001084,30,10.2,2823.0,12588.0,400.0,0,digital,lima,1,0
SOL-001085,22,5.8,2167.0,5333.0,1075.0,1,digital,arequipa,1,0
SOL-001086,19,2.6,2485.0,11085.0,2279.0,1,digital,arequipa,0,0
SOL-001087,26,0.3,4040.0,18128.0,7677.0,1,digital,arequipa,1,1
SOL-001088,26,0.9,2622.0,7445.0,5666.0,0,digital,lima,1,0
SOL-001089,55,8.0,2051.0,8725.0,4003.0,1,presencial,lima,0,0
SOL-001090,34,4.4,6280.0,24022.0,8713.0,0,presencial,lima,0,0
SOL-001091,48,2.7,2296.0,9154.0,305.0,1,presencial,lima,1,0
SOL-001092,29,6.6,4773.0,8495.0,3728.0,1,presencial,arequipa,0,0
SOL-001093,48,7.1,1450.0,5538.0,4143.0,1,presencial,trujillo,1,0
SOL-001094,19,9.0,4049.0,8638.0,14545.0,0,presencial,arequipa,0,1
SOL-001095,66,3.2,3694.0,13731.0,469.0,1,presencial,arequipa,1,0
SOL-001096,41,5.2,1376.0,2933.0,728.0,1,presencial,lima,1,0
SOL-001097,19,3.3,4551.0,17431.0,13667.0,1,presencial,lima,1,0
SOL-001098,24,0.6,1511.0,6302.0,3335.0,0,digital,lima,1,1
SOL-001099,22,9.0,2800.0,8275.0,2411.0,0,digital,lima,0,0
SOL-001100,36,10.2,3090.0,8476.0,3504.0,1,presencial,lima,1,0
SOL-001101,39,1.5,1772.0,3281.0,2344.0,1,presencial,lima,1,0
SOL-001102,36,5.9,2222.0,4736.0,5047.0,1,presencial,lima,1,0
SOL-001103,23,10.0,1622.0,7260.0,3599.0,0,digital,arequipa,1,0
SOL-001104,19,7.6,4466.0,16370.0,2674.0,1,digital,lima,0,0
SOL-001105,52,2.9,5911.0,22368.0,16835.0,1,presencial,lima,1,1
SOL-001106,45,10.8,8387.0,32906.0,26247.0,1,digital,lima,0,0
SOL-001107,40,11.6,2933.0,9413.0,2045.0,1,presencial,arequipa,0,0
SOL-001108,43,7.0,2884.0,7981.0,8628.0,1,presencial,arequipa,1,0
SOL-001109,20,3.1,2874.0,7125.0,1973.0,0,digital,lima,0,0
SOL-001110,44,2.9,3182.0,4724.0,5304.0,1,presencial,lima,1,0
SOL-001111,46,5.7,2827.0,11054.0,9513.0,0,presencial,trujillo,1,0
SOL-001112,41,13.4,3937.0,16067.0,9865.0,1,presencial,arequipa,1,0
SOL-001113,47,3.0,5519.0,13594.0,2122.0,0,presencial,arequipa,1,0
SOL-001114,35,12.6,893.0,2676.0,1162.0,0,digital,lima,1,0
SOL-001115,20,7.3,1990.0,6352.0,3006.0,0,digital,trujillo,1,0
SOL-001116,56,5.7,1846.0,6347.0,2043.0,1,presencial,trujillo,0,0
SOL-001117,41,11.6,3533.0,12064.0,1523.0,1,presencial,lima,1,0
SOL-001118,50,3.9,3355.0,6743.0,1337.0,0,digital,arequipa,0,0
SOL-001119,48,5.0,6842.0,24143.0,4997.0,1,presencial,lima,1,0
SOL-001120,54,8.7,2138.0,7981.0,295.0,0,digital,arequipa,1,0
SOL-001121,45,0.2,2832.0,4116.0,4163.0,1,digital,lima,1,0
SOL-001122,45,5.8,1596.0,5291.0,6126.0,0,presencial,lima,1,0
SOL-001123,24,4.0,1713.0,4611.0,1424.0,0,digital,trujillo,1,1
SOL-001124,35,3.7,4263.0,17665.0,1706.0,1,presencial,trujillo,0,0
SOL-001125,49,4.9,1888.0,8167.0,362.0,1,presencial,lima,0,0
SOL-001126,45,15.2,7283.0,23376.0,17132.0,1,presencial,trujillo,1,0
SOL-001127,37,0.7,5025.0,13260.0,6597.0,1,presencial,lima,0,0
SOL-001128,41,1.3,1674.0,7212.0,1847.0,1,digital,lima,1,1
SOL-001129,43,3.3,1771.0,3961.0,2348.0,0,presencial,trujillo,1,0
SOL-001130,41,3.7,1843.0,5394.0,2487.0,0,digital,lima,1,0
SOL-001131,21,3.1,1679.0,4189.0,2486.0,1,digital,lima,1,0
SOL-001132,54,6.4,2033.0,3814.0,2513.0,0,presencial,arequipa,0,0
SOL-001133,49,1.0,1842.0,7685.0,3141.0,1,presencial,lima,1,1
SOL-001134,45,4.8,2377.0,5174.0,3308.0,1,digital,lima,1,0
SOL-001135,43,13.5,3921.0,15157.0,222.0,1,digital,lima,1,0
SOL-001136,42,5.8,2644.0,9875.0,955.0,1,presencial,arequipa,0,0
SOL-001137,41,4.8,4824.0,16726.0,1735.0,1,presencial,lima,1,1
SOL-001138,63,5.4,3228.0,5610.0,1305.0,1,presencial,lima,1,0
SOL-001139,40,4.4,5263.0,13905.0,1180.0,1,presencial,arequipa,1,0
SOL-001140,40,7.3,1780.0,7606.0,2128.0,1,digital,lima,0,0
SOL-001141,39,7.0,4430.0,11227.0,7831.0,1,presencial,lima,0,0
SOL-001142,19,5.1,2852.0,4172.0,760.0,0,digital,arequipa,1,0
SOL-001143,19,10.0,5441.0,19856.0,187.0,0,digital,arequipa,1,0
SOL-001144,36,7.4,3583.0,12654.0,3315.0,1,digital,lima,0,1
SOL-001145,51,0.7,4373.0,13987.0,231.0,0,presencial,trujillo,1,0
SOL-001146,48,4.3,1782.0,4499.0,1566.0,1,presencial,arequipa,1,0
SOL-001147,45,0.5,2039.0,4895.0,2260.0,0,digital,lima,0,1
SOL-001148,36,1.6,1767.0,3731.0,1478.0,0,digital,arequipa,1,0
SOL-001149,34,3.8,2496.0,8073.0,2125.0,0,presencial,arequipa,1,0
SOL-001150,39,1.6,2701.0,12122.0,1979.0,0,digital,arequipa,1,1
SOL-001151,45,9.2,4338.0,16609.0,8244.0,1,presencial,arequipa,0,0
SOL-001152,26,6.7,3099.0,10630.0,9779.0,0,digital,arequipa,0,0
SOL-001153,48,4.3,7376.0,23348.0,8795.0,1,presencial,trujillo,1,0
SOL-001154,44,8.1,4922.0,17653.0,1862.0,1,presencial,arequipa,0,0
SOL-001155,36,7.5,2021.0,5974.0,528.0,1,presencial,trujillo,0,0
SOL-001156,41,6.1,4253.0,17127.0,199.0,1,presencial,arequipa,0,0
SOL-001157,59,5.1,5187.0,16618.0,13741.0,1,presencial,trujillo,1,0
SOL-001158,58,1.4,7379.0,15991.0,4744.0,1,presencial,trujillo,1,0
SOL-001159,45,9.8,3533.0,11116.0,2449.0,1,presencial,lima,0,0
SOL-001160,33,4.0,2485.0,5370.0,2245.0,0,digital,lima,1,0
SOL-001161,27,6.6,6708.0,20530.0,3339.0,1,presencial,arequipa,1,0
SOL-001162,62,6.3,4200.0,16356.0,4544.0,1,presencial,lima,1,0
SOL-001163,43,2.3,1167.0,4266.0,1331.0,1,digital,arequipa,0,0
SOL-001164,51,3.7,1491.0,3337.0,1930.0,1,presencial,arequipa,1,0
SOL-001165,19,4.9,9969.0,36495.0,1244.0,0,presencial,trujillo,1,0
SOL-001166,32,7.5,1099.0,1960.0,20.0,1,digital,lima,1,0
SOL-001167,31,3.7,2456.0,8352.0,4498.0,0,digital,arequipa,1,0
SOL-001168,51,1.2,6059.0,14397.0,4055.0,1,presencial,lima,1,0
SOL-001169,27,5.4,1070.0,3545.0,343.0,1,digital,lima,1,0
SOL-001170,40,4.0,2181.0,8884.0,4426.0,1,presencial,lima,1,0
SOL-001171,50,3.1,2002.0,3633.0,676.0,1,presencial,lima,0,0
SOL-001172,23,7.0,6836.0,24330.0,2010.0,1,digital,lima,1,0
SOL-001173,37,8.6,10932.0,38462.0,4972.0,1,presencial,arequipa,0,0
SOL-001174,34,4.6,1829.0,6852.0,678.0,1,digital,arequipa,1,0
SOL-001175,58,4.7,5174.0,22791.0,1977.0,1,presencial,lima,1,0
SOL-001176,41,2.5,3145.0,9112.0,5241.0,1,digital,lima,1,0
SOL-001177,55,2.1,3308.0,6029.0,781.0,1,presencial,lima,1,0
SOL-001178,44,0.7,1643.0,5845.0,1425.0,1,presencial,trujillo,1,1
SOL-001179,59,4.3,12707.0,39270.0,4976.0,0,presencial,trujillo,1,0
SOL-001180,24,4.4,1489.0,5832.0,3279.0,1,presencial,lima,0,0
SOL-001181,54,11.6,2992.0,11544.0,3547.0,0,digital,lima,1,0
SOL-001182,67,3.0,2733.0,10037.0,2430.0,1,presencial,lima,0,0
SOL-001183,48,11.6,6465.0,17008.0,10321.0,1,presencial,arequipa,1,0
SOL-001184,52,3.9,5943.0,17084.0,11954.0,1,presencial,lima,1,0
SOL-001185,43,6.1,2301.0,9756.0,3589.0,1,presencial,lima,0,0
SOL-001186,30,5.3,1777.0,4889.0,2683.0,0,digital,lima,1,0
SOL-001187,36,7.5,1709.0,5500.0,5292.0,0,presencial,lima,1,0
SOL-001188,31,2.0,2965.0,10434.0,3757.0,1,digital,lima,1,0
SOL-001189,49,4.6,5539.0,9742.0,1702.0,1,presencial,lima,1,0
SOL-001190,48,5.7,3042.0,11515.0,3014.0,1,presencial,arequipa,0,0
SOL-001191,65,3.6,3370.0,4874.0,1782.0,0,presencial,lima,1,0
SOL-001192,44,11.0,10322.0,45875.0,30242.0,1,presencial,lima,0,0
SOL-001193,19,17.5,4360.0,13786.0,2540.0,0,digital,arequipa,1,1
SOL-001194,50,5.2,5400.0,10373.0,3266.0,1,digital,lima,1,0
SOL-001195,19,5.2,835.0,3199.0,603.0,0,digital,arequipa,1,1
SOL-001196,37,10.5,5087.0,20440.0,5585.0,1,presencial,trujillo,1,0
SOL-001197,46,9.2,4362.0,8876.0,1819.0,1,presencial,lima,0,0
SOL-001198,48,5.6,1996.0,3050.0,834.0,0,presencial,trujillo,0,1
SOL-001199,27,14.5,2224.0,6730.0,670.0,0,presencial,arequipa,1,0
SOL-001200,24,2.1,2392.0,8099.0,6430.0,1,digital,arequipa,1,1
SOL-001201,27,8.6,1905.0,3661.0,2734.0,1,presencial,lima,0,0
SOL-001202,50,4.6,2527.0,7937.0,1688.0,1,presencial,lima,1,0
SOL-001203,45,5.7,2108.0,6391.0,1028.0,0,digital,lima,1,0
SOL-001204,19,2.7,3610.0,14719.0,1021.0,0,digital,trujillo,1,0
SOL-001205,54,14.3,2650.0,10412.0,1512.0,0,presencial,arequipa,1,0
SOL-001206,53,10.8,3033.0,5487.0,2049.0,1,presencial,lima,1,0
SOL-001207,36,7.1,6520.0,23418.0,14608.0,1,presencial,lima,1,0
SOL-001208,21,9.2,1529.0,4524.0,403.0,0,presencial,lima,0,0
SOL-001209,31,3.0,4308.0,12258.0,4549.0,1,presencial,lima,1,0
SOL-001210,36,1.8,4687.0,8920.0,6490.0,1,presencial,arequipa,0,0
SOL-001211,49,2.0,3328.0,12372.0,1220.0,1,digital,lima,0,0
SOL-001212,31,12.4,2064.0,8446.0,170.0,1,digital,arequipa,1,1
SOL-001213,32,4.3,2200.0,4482.0,2243.0,1,presencial,arequipa,1,0
SOL-001214,45,9.6,8435.0,12578.0,2341.0,1,presencial,arequipa,1,0
SOL-001215,29,4.9,2452.0,8063.0,2854.0,1,presencial,trujillo,0,0
SOL-001216,49,5.1,2141.0,9510.0,2215.0,0,presencial,lima,1,0
SOL-001217,32,4.3,3868.0,13555.0,7174.0,1,presencial,arequipa,0,0
SOL-001218,34,4.1,2606.0,5690.0,5182.0,1,presencial,arequipa,0,0
SOL-001219,36,7.6,4627.0,18996.0,502.0,1,digital,lima,1,0
SOL-001220,62,4.1,3335.0,10232.0,4637.0,1,presencial,lima,1,0
SOL-001221,67,4.1,7072.0,21076.0,8149.0,1,presencial,lima,1,0
SOL-001222,32,5.6,4834.0,7626.0,5395.0,1,presencial,lima,0,0
SOL-001223,25,3.0,2190.0,3478.0,4435.0,0,digital,lima,1,0
SOL-001224,49,3.2,6831.0,21831.0,2034.0,0,presencial,lima,1,0
SOL-001225,56,8.6,2729.0,10645.0,5449.0,1,presencial,arequipa,0,0
SOL-001226,19,4.9,2268.0,8471.0,3138.0,0,digital,lima,1,0
SOL-001227,44,4.0,5040.0,21755.0,413.0,1,presencial,lima,0,0
SOL-001228,38,3.2,4306.0,12740.0,1987.0,1,presencial,lima,1,0
SOL-001229,19,9.0,1887.0,6273.0,1620.0,0,digital,lima,1,1
SOL-001230,28,2.3,1722.0,5759.0,175.0,1,presencial,trujillo,0,0
SOL-001231,37,7.9,3791.0,9776.0,5126.0,0,presencial,lima,1,0
SOL-001232,44,1.2,2623.0,3695.0,5282.0,1,presencial,lima,1,0
SOL-001233,54,6.0,3887.0,15550.0,6655.0,1,presencial,lima,0,0
SOL-001234,36,4.5,2153.0,3462.0,3356.0,0,digital,lima,1,1
SOL-001235,53,2.0,2636.0,11529.0,1360.0,0,presencial,arequipa,0,0
SOL-001236,43,2.1,3329.0,13369.0,4477.0,1,presencial,arequipa,1,0
SOL-001237,35,6.2,3684.0,6343.0,11041.0,0,presencial,lima,1,0
SOL-001238,41,2.1,5494.0,9770.0,1056.0,1,presencial,arequipa,0,0
SOL-001239,51,12.0,4770.0,17578.0,744.0,1,presencial,lima,1,0
SOL-001240,54,4.0,11374.0,35093.0,3276.0,1,presencial,trujillo,1,0
SOL-001241,30,11.6,2884.0,9839.0,2313.0,1,digital,arequipa,1,0
SOL-001242,33,11.5,2697.0,6200.0,709.0,1,presencial,lima,1,0
SOL-001243,47,5.2,3511.0,14534.0,5641.0,1,presencial,arequipa,0,0
SOL-001244,48,6.4,5144.0,15860.0,4541.0,0,presencial,trujillo,1,0
SOL-001245,57,10.2,6450.0,20337.0,5511.0,1,presencial,lima,1,0
SOL-001246,36,2.6,7689.0,34376.0,892.0,1,presencial,trujillo,0,0
SOL-001247,36,4.3,2256.0,8554.0,2546.0,1,presencial,trujillo,0,0
SOL-001248,51,13.0,7450.0,26338.0,8823.0,1,presencial,lima,1,0
SOL-001249,28,7.9,2616.0,10691.0,6808.0,0,digital,arequipa,0,0
SOL-001250,27,3.2,1655.0,7401.0,7213.0,0,digital,arequipa,1,1
SOL-001251,57,6.4,3443.0,13493.0,607.0,1,presencial,lima,0,0
SOL-001252,28,3.5,7184.0,28016.0,3503.0,1,presencial,lima,1,1
SOL-001253,66,4.5,4855.0,9677.0,230.0,0,presencial,trujillo,1,1
SOL-001254,36,7.8,2038.0,8371.0,501.0,1,presencial,arequipa,1,0
SOL-001255,53,4.5,2046.0,8454.0,5641.0,1,presencial,lima,0,0
SOL-001256,31,7.0,1412.0,4590.0,2384.0,1,digital,lima,1,0
SOL-001257,35,0.5,1832.0,6260.0,1202.0,1,digital,lima,1,0
SOL-001258,29,6.2,2789.0,9298.0,2180.0,1,digital,trujillo,0,0
SOL-001259,52,2.8,2131.0,6583.0,365.0,1,presencial,arequipa,1,0
SOL-001260,28,3.5,2144.0,4220.0,445.0,0,digital,lima,0,0
SOL-001261,37,3.4,7935.0,27287.0,6560.0,1,presencial,trujillo,1,0
SOL-001262,63,7.8,8877.0,22869.0,3870.0,0,presencial,trujillo,1,1
SOL-001263,43,2.2,8572.0,26257.0,13871.0,1,presencial,lima,1,0
SOL-001264,25,7.1,1054.0,4420.0,2012.0,0,digital,lima,1,1
SOL-001265,27,5.6,9139.0,15888.0,4420.0,1,presencial,arequipa,1,0
SOL-001266,53,3.2,2810.0,12257.0,3333.0,0,digital,lima,1,1
SOL-001267,37,3.7,3986.0,12601.0,3120.0,1,presencial,lima,0,0
SOL-001268,55,2.6,4575.0,19876.0,3456.0,0,digital,arequipa,1,0
SOL-001269,47,11.4,5518.0,11157.0,14737.0,0,presencial,trujillo,1,0
SOL-001270,45,3.7,1449.0,2272.0,191.0,1,presencial,lima,0,0
SOL-001271,34,9.8,1949.0,6481.0,5073.0,0,digital,trujillo,1,0
SOL-001272,67,13.6,3164.0,9597.0,5528.0,1,presencial,trujillo,0,0
SOL-001273,19,4.7,1917.0,7051.0,2165.0,1,presencial,lima,0,0
SOL-001274,45,1.8,6429.0,20987.0,10165.0,1,presencial,lima,1,0
SOL-001275,40,9.8,8089.0,24221.0,5908.0,1,presencial,arequipa,0,0
SOL-001276,41,9.7,3807.0,15981.0,1751.0,1,presencial,arequipa,0,1
SOL-001277,45,11.5,4471.0,10742.0,1307.0,1,presencial,lima,1,0
SOL-001278,40,5.3,3805.0,8530.0,6819.0,1,presencial,arequipa,0,0
SOL-001279,34,5.2,2821.0,10980.0,2901.0,1,digital,arequipa,1,0
SOL-001280,43,4.2,6844.0,17042.0,23066.0,1,presencial,arequipa,1,1
SOL-001281,29,4.0,1528.0,4806.0,2527.0,1,presencial,arequipa,1,0
SOL-001282,47,6.6,4928.0,16280.0,5564.0,1,presencial,lima,1,0
SOL-001283,51,10.3,3851.0,8907.0,1678.0,1,presencial,lima,0,0
SOL-001284,37,9.0,2641.0,6610.0,1391.0,0,presencial,lima,1,0
SOL-001285,53,4.1,2062.0,3147.0,809.0,0,digital,trujillo,0,0
SOL-001286,47,9.2,6948.0,15748.0,8951.0,1,digital,trujillo,1,0
SOL-001287,52,2.3,1919.0,4626.0,1357.0,1,presencial,arequipa,0,0
SOL-001288,52,20.3,3506.0,5091.0,1595.0,0,presencial,lima,0,0
SOL-001289,43,2.5,8931.0,35294.0,32113.0,1,presencial,arequipa,1,0
SOL-001290,56,5.4,1977.0,8194.0,4353.0,1,presencial,lima,0,1
SOL-001291,60,6.5,3019.0,5886.0,2573.0,1,presencial,lima,0,0
SOL-001292,52,6.7,3913.0,12822.0,3640.0,0,presencial,lima,1,0
SOL-001293,37,10.2,4744.0,13141.0,8188.0,0,presencial,trujillo,0,0
SOL-001294,43,3.1,3671.0,6594.0,2681.0,0,presencial,lima,1,0
SOL-001295,49,6.9,2403.0,3550.0,430.0,0,presencial,arequipa,1,0
SOL-001296,52,8.5,4830.0,16697.0,1982.0,0,presencial,trujillo,1,0
SOL-001297,42,11.0,3633.0,5984.0,3435.0,1,presencial,arequipa,1,0
SOL-001298,37,4.7,5305.0,22080.0,4959.0,1,presencial,lima,1,0
SOL-001299,49,4.5,4331.0,16665.0,389.0,1,digital,trujillo,1,0
SOL-001300,31,5.6,1767.0,6441.0,3020.0,1,presencial,arequipa,0,0
SOL-001301,33,8.3,6550.0,26282.0,658.0,1,presencial,lima,0,1
SOL-001302,28,8.3,3353.0,5802.0,851.0,1,presencial,arequipa,0,0
SOL-001303,22,3.0,4115.0,13758.0,7563.0,1,digital,trujillo,0,0
SOL-001304,57,5.6,4948.0,10093.0,3365.0,0,presencial,lima,0,0
SOL-001305,46,4.2,7027.0,21160.0,16685.0,1,digital,lima,1,1
SOL-001306,31,1.2,2688.0,6751.0,5497.0,1,digital,lima,1,1
SOL-001307,48,7.2,3103.0,5522.0,543.0,1,presencial,lima,0,0
SOL-001308,32,5.4,2052.0,7545.0,1162.0,0,digital,arequipa,1,0
SOL-001309,30,2.8,2232.0,5214.0,984.0,1,presencial,lima,1,0
SOL-001310,56,5.9,4079.0,7265.0,2028.0,0,digital,lima,1,0
SOL-001311,58,21.9,2159.0,8908.0,908.0,1,presencial,lima,0,0
SOL-001312,36,1.8,4060.0,7379.0,970.0,1,digital,lima,0,0
SOL-001313,34,2.8,3408.0,6941.0,7470.0,1,presencial,lima,1,0
SOL-001314,41,8.5,1530.0,2254.0,414.0,1,presencial,arequipa,0,0
SOL-001315,35,4.6,8299.0,24960.0,5410.0,0,presencial,lima,1,0
SOL-001316,33,8.6,463.0,1833.0,114.0,1,digital,lima,1,0
SOL-001317,46,5.4,3668.0,14814.0,3603.0,1,presencial,trujillo,1,0
SOL-001318,39,3.9,4323.0,16020.0,2707.0,0,presencial,trujillo,1,1
SOL-001319,19,3.7,808.0,2312.0,377.0,1,digital,lima,0,1
SOL-001320,55,6.7,3370.0,14010.0,7339.0,1,digital,lima,1,0
SOL-001321,46,8.1,2702.0,10208.0,1957.0,1,presencial,lima,1,0
SOL-001322,48,2.1,3364.0,13983.0,2677.0,1,presencial,lima,1,1
SOL-001323,38,8.3,7695.0,16485.0,684.0,1,presencial,lima,0,0
SOL-001324,19,4.3,2886.0,9420.0,2690.0,0,digital,trujillo,0,0
SOL-001325,42,6.2,3190.0,4679.0,5200.0,0,presencial,arequipa,0,0
SOL-001326,28,5.6,2452.0,7397.0,824.0,0,digital,lima,1,0
SOL-001327,51,2.7,9639.0,39697.0,6016.0,0,presencial,trujillo,0,0
SOL-001328,53,2.0,4724.0,17428.0,12055.0,1,presencial,lima,1,0
SOL-001329,51,2.2,2417.0,9199.0,1103.0,1,presencial,lima,1,0
SOL-001330,54,9.8,2969.0,7075.0,4207.0,1,presencial,lima,1,0
SOL-001331,52,8.2,1443.0,3801.0,964.0,0,digital,lima,1,0
SOL-001332,47,0.9,3026.0,13488.0,6698.0,1,presencial,trujillo,1,0
SOL-001333,55,5.6,8832.0,19683.0,9765.0,1,presencial,lima,1,0
SOL-001334,37,2.5,2457.0,4097.0,945.0,0,digital,arequipa,1,0
SOL-001335,19,1.4,1337.0,3484.0,216.0,0,digital,lima,1,0
SOL-001336,30,9.4,3352.0,12665.0,10070.0,0,digital,trujillo,1,0
SOL-001337,33,12.3,3121.0,9435.0,4037.0,1,presencial,arequipa,1,0
SOL-001338,46,6.4,5125.0,7869.0,5536.0,1,presencial,lima,0,0
SOL-001339,23,2.3,2362.0,8174.0,1262.0,1,digital,lima,0,0
SOL-001340,50,4.4,8116.0,29870.0,964.0,1,presencial,trujillo,1,0
SOL-001341,54,2.7,2384.0,7792.0,2766.0,1,presencial,lima,1,0
SOL-001342,45,2.8,1462.0,2823.0,1626.0,0,digital,lima,1,1
SOL-001343,61,3.3,6233.0,12418.0,8762.0,1,presencial,trujillo,1,0
SOL-001344,25,11.8,1350.0,3595.0,3222.0,1,presencial,lima,1,0
SOL-001345,19,0.2,2450.0,6151.0,2493.0,0,digital,lima,1,0
SOL-001346,75,9.2,5804.0,9959.0,558.0,1,presencial,lima,0,0
SOL-001347,54,3.1,1223.0,4970.0,1831.0,1,presencial,lima,0,1
SOL-001348,45,8.3,3958.0,16886.0,12221.0,1,presencial,lima,0,0
SOL-001349,43,5.2,1758.0,3245.0,1344.0,0,presencial,lima,0,0
SOL-001350,42,9.2,1467.0,4611.0,1066.0,1,presencial,lima,0,0
SOL-001351,19,0.6,1539.0,4205.0,1014.0,1,digital,lima,0,0
SOL-001352,24,2.2,2436.0,6499.0,2162.0,0,digital,lima,0,0
SOL-001353,42,4.6,2652.0,8484.0,3062.0,1,presencial,trujillo,0,0
SOL-001354,35,5.9,6807.0,19129.0,9480.0,1,presencial,arequipa,0,1
SOL-001355,26,4.2,2797.0,7831.0,1250.0,1,digital,lima,0,0
SOL-001356,71,2.6,2968.0,5477.0,1422.0,0,presencial,lima,1,0
SOL-001357,40,2.1,1937.0,6979.0,8.0,1,presencial,arequipa,1,0
SOL-001358,46,4.8,4301.0,13754.0,412.0,1,presencial,lima,1,0
SOL-001359,35,3.8,7816.0,12299.0,4607.0,0,digital,lima,1,0
SOL-001360,49,4.6,2656.0,6810.0,3116.0,1,presencial,arequipa,1,0
SOL-001361,27,0.2,1976.0,4100.0,1084.0,0,digital,lima,1,1
SOL-001362,57,5.6,2205.0,5753.0,3561.0,0,presencial,arequipa,1,0
SOL-001363,48,7.4,7085.0,12530.0,2896.0,1,presencial,trujillo,1,0
SOL-001364,29,6.4,6198.0,20408.0,2709.0,1,presencial,trujillo,0,0
SOL-001365,42,5.1,3035.0,9720.0,6244.0,0,presencial,lima,1,0
SOL-001366,41,6.1,2803.0,9075.0,3189.0,1,presencial,lima,1,0
SOL-001367,41,3.4,2343.0,5939.0,4282.0,1,presencial,lima,1,0
SOL-001368,49,11.0,3293.0,11981.0,3911.0,1,presencial,arequipa,1,0
SOL-001369,50,4.0,6505.0,26099.0,6055.0,1,presencial,trujillo,0,0
SOL-001370,49,7.6,3911.0,10523.0,4522.0,1,presencial,trujillo,0,0
SOL-001371,47,13.1,7477.0,20505.0,1600.0,1,presencial,lima,1,0
SOL-001372,33,3.3,1842.0,7709.0,68.0,0,digital,trujillo,1,0
SOL-001373,19,9.5,1150.0,3767.0,213.0,1,presencial,lima,1,0
SOL-001374,41,2.4,10385.0,30947.0,954.0,0,digital,trujillo,1,1
SOL-001375,37,7.9,2996.0,11041.0,3339.0,1,digital,lima,0,0
SOL-001376,32,11.8,5738.0,13550.0,12003.0,1,presencial,lima,0,0
SOL-001377,46,3.2,2541.0,3815.0,520.0,0,presencial,lima,1,0
SOL-001378,39,7.3,1319.0,4717.0,1388.0,0,digital,trujillo,0,0
SOL-001379,56,13.4,4148.0,14115.0,11414.0,1,presencial,lima,0,0
SOL-001380,49,6.7,1359.0,3708.0,2367.0,1,presencial,lima,0,0
SOL-001381,47,10.5,3331.0,5137.0,4085.0,1,presencial,lima,1,0
SOL-001382,53,12.0,6513.0,28098.0,5539.0,1,presencial,lima,1,0
SOL-001383,40,9.7,4833.0,17715.0,5502.0,0,presencial,trujillo,1,0
SOL-001384,37,1.8,3059.0,7939.0,2962.0,1,digital,lima,1,1
SOL-001385,25,5.7,6635.0,13424.0,4796.0,0,digital,lima,1,0
SOL-001386,55,7.8,4653.0,14525.0,1206.0,0,presencial,arequipa,1,0
SOL-001387,19,0.2,995.0,1459.0,430.0,0,digital,lima,1,1
SOL-001388,52,5.2,3542.0,9979.0,3774.0,1,presencial,lima,0,0
SOL-001389,32,4.5,7292.0,32552.0,14234.0,0,digital,lima,1,0
SOL-001390,54,7.5,3259.0,12031.0,699.0,0,presencial,lima,0,0
SOL-001391,23,1.2,7063.0,31454.0,27198.0,0,digital,lima,0,1
SOL-001392,33,3.3,4562.0,11987.0,369.0,1,digital,lima,0,0
SOL-001393,44,6.4,3095.0,5169.0,4751.0,1,presencial,lima,0,0
SOL-001394,48,4.3,2182.0,9583.0,2932.0,1,presencial,arequipa,1,0
SOL-001395,20,0.2,3197.0,13051.0,3177.0,1,digital,trujillo,1,0
SOL-001396,50,11.3,7411.0,23299.0,3711.0,1,presencial,trujillo,0,0
SOL-001397,23,16.1,1684.0,3557.0,3335.0,0,presencial,lima,1,0
SOL-001398,25,5.3,2852.0,10524.0,1304.0,1,digital,lima,1,0
SOL-001399,26,7.0,1324.0,1933.0,869.0,1,presencial,trujillo,0,0
SOL-001400,52,5.5,3208.0,13585.0,4247.0,1,presencial,arequipa,1,0
SOL-001401,47,2.1,1619.0,5766.0,4903.0,1,presencial,lima,1,0
SOL-001402,48,1.7,5127.0,9972.0,240.0,1,presencial,lima,1,0
SOL-001403,48,0.2,1873.0,3578.0,523.0,0,digital,lima,1,0
SOL-001404,40,10.8,6990.0,11042.0,5186.0,1,presencial,lima,0,0
SOL-001405,50,15.1,2890.0,10949.0,4632.0,1,presencial,lima,1,0
SOL-001406,44,7.4,2756.0,4951.0,10720.0,1,presencial,lima,1,0
SOL-001407,31,2.7,1157.0,3485.0,3152.0,0,digital,trujillo,1,1
SOL-001408,57,4.9,4691.0,11776.0,5648.0,1,presencial,arequipa,0,1
SOL-001409,55,6.4,3461.0,10736.0,6962.0,0,digital,arequipa,1,0
SOL-001410,27,8.8,4368.0,15523.0,2160.0,1,digital,lima,1,0
SOL-001411,41,3.9,3767.0,7726.0,4352.0,1,digital,arequipa,0,0
SOL-001412,36,2.9,3301.0,6673.0,1237.0,0,digital,arequipa,1,0
SOL-001413,36,1.2,3653.0,8937.0,941.0,0,digital,lima,0,1
SOL-001414,35,2.4,3849.0,16547.0,1656.0,1,digital,arequipa,1,0
SOL-001415,39,7.7,6136.0,17037.0,2136.0,1,presencial,arequipa,1,0
SOL-001416,19,5.1,1211.0,2660.0,4882.0,1,digital,trujillo,1,0
SOL-001417,60,6.3,3010.0,9062.0,687.0,1,presencial,lima,0,0
SOL-001418,35,2.9,1646.0,3225.0,264.0,1,presencial,trujillo,1,0
SOL-001419,29,3.2,3184.0,12010.0,3546.0,0,digital,lima,1,0
SOL-001420,30,7.4,6254.0,14945.0,1455.0,0,digital,lima,1,1
SOL-001421,23,11.1,4270.0,18985.0,8623.0,1,digital,lima,1,1
SOL-001422,46,8.7,2791.0,9357.0,853.0,1,presencial,lima,0,0
SOL-001423,43,10.4,4978.0,16407.0,4018.0,1,presencial,lima,0,0
SOL-001424,35,1.4,4589.0,10558.0,716.0,0,presencial,lima,1,0
SOL-001425,45,11.5,4321.0,8439.0,2194.0,1,presencial,arequipa,1,0
SOL-001426,43,7.3,1944.0,3190.0,1057.0,1,presencial,lima,1,0
SOL-001427,53,6.4,7585.0,30739.0,7218.0,1,presencial,trujillo,0,0
SOL-001428,28,6.8,2074.0,9202.0,2192.0,1,presencial,lima,1,0
SOL-001429,23,12.6,2214.0,4577.0,323.0,1,digital,arequipa,1,0
SOL-001430,51,4.2,6303.0,28235.0,3658.0,1,presencial,trujillo,0,0
SOL-001431,25,5.2,2206.0,7300.0,2459.0,0,digital,trujillo,0,0
SOL-001432,33,5.2,3989.0,15313.0,1111.0,1,presencial,arequipa,1,0
SOL-001433,37,3.0,4073.0,18181.0,4921.0,1,presencial,arequipa,1,0
SOL-001434,42,1.9,3961.0,17521.0,1084.0,1,presencial,lima,0,0
SOL-001435,42,2.9,4064.0,12846.0,2037.0,1,presencial,lima,0,0
SOL-001436,30,1.9,2995.0,9087.0,198.0,1,digital,lima,1,0
SOL-001437,32,5.3,3979.0,13906.0,4044.0,0,presencial,lima,1,0
SOL-001438,52,10.4,2403.0,5001.0,3957.0,1,presencial,lima,1,1
SOL-001439,47,1.4,1197.0,3119.0,1591.0,0,digital,lima,1,0
SOL-001440,19,1.9,4502.0,17853.0,7624.0,1,digital,trujillo,1,1
SOL-001441,26,14.0,6586.0,11462.0,3014.0,1,presencial,trujillo,0,0
SOL-001442,54,4.2,4562.0,12879.0,3355.0,1,presencial,trujillo,1,0
SOL-001443,60,3.8,4542.0,10804.0,5628.0,1,presencial,arequipa,1,0
SOL-001444,20,3.8,2378.0,7623.0,1309.0,1,presencial,lima,0,1
SOL-001445,52,6.1,1077.0,2140.0,192.0,1,presencial,lima,1,0
SOL-001446,61,5.3,3363.0,14383.0,3387.0,0,presencial,arequipa,1,0
SOL-001447,23,2.0,999.0,3850.0,66.0,1,digital,arequipa,0,1
SOL-001448,60,4.4,4213.0,6960.0,7332.0,1,presencial,lima,1,0
SOL-001449,41,9.2,7542.0,18177.0,7992.0,1,presencial,lima,0,0
SOL-001450,46,6.6,2778.0,4261.0,2855.0,0,presencial,lima,1,0
SOL-001451,24,10.4,2004.0,3571.0,832.0,1,digital,lima,1,0
SOL-001452,54,4.7,2269.0,6156.0,4017.0,1,presencial,lima,0,0
SOL-001453,41,7.6,2742.0,6639.0,8160.0,0,digital,lima,1,0
SOL-001454,51,7.8,2633.0,7936.0,6618.0,0,digital,arequipa,1,0
SOL-001455,59,3.4,2253.0,5186.0,8187.0,1,presencial,trujillo,1,1
SOL-001456,43,7.1,6152.0,14948.0,1260.0,1,presencial,lima,1,0
SOL-001457,77,5.8,15603.0,68191.0,8750.0,1,presencial,arequipa,1,0
SOL-001458,58,1.4,7106.0,29221.0,14211.0,1,presencial,trujillo,0,0
SOL-001459,38,0.3,2530.0,3647.0,692.0,1,digital,lima,1,0
SOL-001460,32,6.2,3591.0,11732.0,618.0,0,presencial,arequipa,1,0
SOL-001461,19,0.2,2051.0,3775.0,11462.0,0,digital,lima,1,1
SOL-001462,27,1.3,2899.0,11153.0,1184.0,1,presencial,arequipa,1,0
SOL-001463,33,5.7,6300.0,25146.0,10430.0,0,presencial,lima,1,1
SOL-001464,58,0.8,6444.0,22214.0,16536.0,1,presencial,trujillo,1,0
SOL-001465,48,2.6,2084.0,7267.0,855.0,1,presencial,trujillo,0,0
SOL-001466,25,4.1,3242.0,13096.0,1046.0,1,digital,lima,1,0
SOL-001467,42,5.1,6821.0,11703.0,1551.0,1,presencial,lima,1,0
SOL-001468,40,5.1,3190.0,11464.0,4972.0,0,presencial,lima,0,0
SOL-001469,41,6.3,2400.0,4252.0,1015.0,0,digital,arequipa,1,1
SOL-001470,33,10.0,5497.0,8417.0,3793.0,0,presencial,arequipa,1,0
SOL-001471,36,9.0,3905.0,13198.0,7584.0,0,digital,lima,1,0
SOL-001472,46,14.8,4784.0,10733.0,1592.0,1,presencial,trujillo,0,0
SOL-001473,34,0.9,4369.0,6738.0,11979.0,1,presencial,lima,1,0
SOL-001474,60,3.3,4685.0,7476.0,4986.0,1,presencial,lima,1,0
SOL-001475,40,2.5,3313.0,14700.0,415.0,1,presencial,lima,1,0
SOL-001476,32,15.0,2140.0,4476.0,224.0,1,presencial,lima,0,0
SOL-001477,52,5.8,1704.0,4540.0,1119.0,1,presencial,lima,1,0
SOL-001478,33,3.7,3652.0,8130.0,1570.0,0,digital,lima,1,0
SOL-001479,47,4.1,4049.0,17409.0,6742.0,1,presencial,lima,0,0
SOL-001480,30,3.9,4851.0,7902.0,9630.0,1,presencial,trujillo,0,0
SOL-001481,52,3.9,2487.0,7670.0,6557.0,1,presencial,lima,1,0
SOL-001482,67,4.2,4037.0,11631.0,7085.0,1,presencial,trujillo,1,0
SOL-001483,29,3.9,3987.0,14136.0,5127.0,0,presencial,arequipa,1,1
SOL-001484,47,13.0,7443.0,31147.0,5128.0,1,presencial,arequipa,1,0
SOL-001485,34,18.0,5961.0,8353.0,2634.0,1,presencial,lima,1,0
SOL-001486,73,17.4,2605.0,3781.0,423.0,0,presencial,arequipa,0,0
SOL-001487,46,0.2,3483.0,8950.0,2787.0,1,digital,lima,1,0
SOL-001488,46,3.5,2596.0,6866.0,6809.0,1,presencial,lima,1,0
SOL-001489,19,0.2,689.0,2867.0,751.0,0,digital,lima,1,1
SOL-001490,32,17.8,9391.0,21266.0,40101.0,1,presencial,lima,0,0
SOL-001491,51,7.0,3150.0,12694.0,4755.0,1,presencial,trujillo,1,0
SOL-001492,19,7.4,4600.0,7713.0,5135.0,0,digital,trujillo,0,0
SOL-001493,28,5.0,2714.0,4451.0,11718.0,1,presencial,arequipa,0,0
SOL-001494,32,3.7,1761.0,6533.0,768.0,0,digital,lima,1,1
SOL-001495,44,11.3,2881.0,10845.0,1676.0,1,presencial,trujillo,0,0
SOL-001496,47,5.7,4365.0,7390.0,3809.0,1,presencial,arequipa,1,0
SOL-001497,27,4.3,2936.0,13149.0,4915.0,1,digital,lima,1,0
SOL-001498,53,8.5,4958.0,8178.0,8499.0,0,presencial,lima,1,0
SOL-001499,34,7.9,2957.0,12245.0,1137.0,0,presencial,arequipa,1,0
SOL-001500,39,4.0,2736.0,5475.0,2665.0,1,digital,lima,0,1
SOL-001501,34,2.4,1728.0,2537.0,4738.0,0,digital,lima,0,1
SOL-001502,39,2.2,5752.0,23295.0,866.0,1,digital,arequipa,1,0
SOL-001503,56,10.7,1933.0,3811.0,5222.0,1,presencial,lima,1,1
SOL-001504,38,6.0,2496.0,7591.0,3148.0,0,presencial,lima,1,0
SOL-001505,25,1.6,2150.0,8521.0,2676.0,0,digital,lima,1,0
SOL-001506,24,9.6,13257.0,24918.0,6097.0,1,presencial,arequipa,0,0
SOL-001507,19,3.9,3992.0,14760.0,6345.0,0,digital,trujillo,1,0
SOL-001508,41,1.3,2456.0,7485.0,1015.0,0,presencial,trujillo,0,0
SOL-001509,42,3.3,5870.0,12874.0,1552.0,1,presencial,arequipa,1,0
SOL-001510,20,3.9,3504.0,5357.0,1307.0,0,digital,arequipa,0,0
SOL-001511,33,1.6,4413.0,9775.0,3958.0,1,presencial,arequipa,1,0
SOL-001512,60,6.7,5496.0,14931.0,5269.0,1,presencial,lima,1,0
SOL-001513,53,7.5,3945.0,10023.0,5124.0,1,presencial,lima,0,0
SOL-001514,19,8.6,2928.0,10606.0,2343.0,0,digital,arequipa,1,0
SOL-001515,27,4.7,1195.0,3191.0,832.0,0,digital,arequipa,1,0
SOL-001516,47,3.5,8106.0,20906.0,290.0,1,presencial,lima,0,0
SOL-001517,36,1.4,3033.0,11883.0,9838.0,0,presencial,trujillo,1,0
SOL-001518,23,0.2,1408.0,3996.0,915.0,0,digital,arequipa,1,0
SOL-001519,39,4.9,2945.0,13120.0,4507.0,1,presencial,lima,1,0
SOL-001520,55,4.9,3007.0,9565.0,11406.0,0,presencial,lima,0,0
SOL-001521,56,1.5,2523.0,10862.0,4905.0,1,presencial,lima,0,0
SOL-001522,35,6.6,5735.0,23713.0,191.0,1,presencial,lima,0,0
SOL-001523,37,2.5,4447.0,11934.0,950.0,1,digital,lima,1,0
SOL-001524,32,1.1,967.0,3190.0,118.0,1,digital,lima,1,0
SOL-001525,21,0.5,2050.0,3765.0,3107.0,0,digital,lima,1,0
SOL-001526,40,13.0,3040.0,9223.0,1513.0,0,presencial,lima,1,1
SOL-001527,29,1.2,3500.0,9500.0,356.0,1,presencial,arequipa,0,0
SOL-001528,56,15.2,9295.0,26952.0,1150.0,1,presencial,arequipa,1,0
SOL-001529,60,2.8,2507.0,4942.0,889.0,1,presencial,lima,0,0
SOL-001530,38,16.1,8625.0,35236.0,1041.0,0,presencial,lima,0,0
SOL-001531,36,1.4,3547.0,5845.0,2912.0,1,presencial,lima,0,1
SOL-001532,55,7.0,8667.0,33123.0,7739.0,1,presencial,lima,1,0
SOL-001533,56,11.6,3256.0,14088.0,2286.0,1,presencial,lima,1,0
SOL-001534,20,10.1,2145.0,3710.0,234.0,1,digital,lima,0,0
SOL-001535,41,7.0,3783.0,10382.0,4788.0,1,presencial,lima,0,0
SOL-001536,42,6.4,7495.0,24084.0,2496.0,1,presencial,trujillo,1,0
SOL-001537,24,0.2,2909.0,13012.0,3870.0,0,digital,lima,0,0
SOL-001538,36,8.1,2987.0,12195.0,4567.0,1,digital,trujillo,0,0
SOL-001539,24,9.3,3731.0,10014.0,3036.0,0,digital,lima,1,0
SOL-001540,37,5.6,2422.0,10658.0,3298.0,1,presencial,lima,0,0
SOL-001541,31,4.6,3192.0,7747.0,1231.0,1,digital,trujillo,1,0
SOL-001542,27,23.3,2761.0,6775.0,714.0,1,presencial,lima,0,0
SOL-001543,20,1.9,8226.0,24426.0,2990.0,1,presencial,arequipa,1,0
SOL-001544,53,7.1,4759.0,18164.0,6274.0,1,presencial,trujillo,1,0
SOL-001545,35,9.5,5487.0,10951.0,800.0,1,presencial,arequipa,1,0
SOL-001546,66,1.3,1326.0,4908.0,914.0,0,presencial,lima,0,0
SOL-001547,65,1.4,5528.0,7785.0,2261.0,1,presencial,lima,0,0
SOL-001548,26,1.6,2443.0,5408.0,2147.0,0,digital,lima,1,1
SOL-001549,69,3.4,1813.0,8015.0,269.0,0,presencial,lima,1,0
SOL-001550,53,3.0,4021.0,13812.0,3111.0,1,presencial,lima,1,0
SOL-001551,36,3.5,1738.0,4925.0,604.0,1,presencial,trujillo,1,0
SOL-001552,19,3.6,5259.0,19292.0,6656.0,1,presencial,arequipa,0,0
SOL-001553,51,5.6,8068.0,22181.0,29915.0,0,presencial,lima,1,0
SOL-001554,43,2.7,1509.0,2612.0,1585.0,0,presencial,lima,0,1
SOL-001555,48,4.5,3768.0,11087.0,3147.0,1,presencial,arequipa,0,0
SOL-001556,29,3.8,2459.0,10726.0,1561.0,0,digital,trujillo,1,0
SOL-001557,19,2.5,952.0,2137.0,232.0,0,digital,lima,1,0
SOL-001558,38,7.1,6165.0,9642.0,806.0,1,presencial,lima,0,0
SOL-001559,51,12.6,5300.0,19600.0,1261.0,1,presencial,trujillo,0,1
SOL-001560,28,0.2,7684.0,21582.0,30983.0,1,digital,trujillo,0,0
SOL-001561,28,1.0,3468.0,8454.0,406.0,0,digital,trujillo,1,0
SOL-001562,26,8.7,2423.0,7054.0,2053.0,1,presencial,lima,1,1
SOL-001563,33,5.0,3501.0,14995.0,3195.0,1,digital,lima,0,0
SOL-001564,20,7.6,5226.0,11371.0,8603.0,1,digital,lima,1,0
SOL-001565,42,6.8,2104.0,4253.0,198.0,0,digital,lima,1,0
SOL-001566,35,3.5,5963.0,18218.0,11877.0,0,presencial,trujillo,0,0
SOL-001567,40,13.2,1125.0,3191.0,2873.0,1,presencial,lima,1,0
SOL-001568,67,13.4,8242.0,15366.0,9187.0,1,presencial,arequipa,1,0
SOL-001569,40,2.6,5803.0,18570.0,528.0,1,presencial,trujillo,1,0
SOL-001570,38,12.1,1019.0,3241.0,552.0,0,presencial,trujillo,0,0
SOL-001571,49,12.9,4670.0,15303.0,5878.0,0,presencial,arequipa,1,0
SOL-001572,23,15.8,1362.0,3653.0,743.0,1,presencial,trujillo,1,0
SOL-001573,57,8.5,2786.0,6405.0,1856.0,1,presencial,lima,0,0
SOL-001574,43,2.7,3814.0,9222.0,6452.0,1,digital,lima,0,0
SOL-001575,49,3.3,3566.0,14216.0,8740.0,1,presencial,lima,1,0
SOL-001576,19,4.3,7357.0,24556.0,5385.0,1,presencial,trujillo,0,0
SOL-001577,29,0.5,2770.0,7296.0,6035.0,1,digital,trujillo,1,0
SOL-001578,19,5.6,2628.0,8675.0,3751.0,0,digital,lima,0,0
SOL-001579,44,3.3,4744.0,11783.0,17818.0,0,digital,lima,0,0
SOL-001580,44,0.2,2248.0,9159.0,6348.0,0,digital,lima,1,0
SOL-001581,36,1.7,2645.0,9669.0,3011.0,0,digital,lima,1,0
SOL-001582,30,11.5,4046.0,6931.0,3265.0,1,presencial,trujillo,1,0
SOL-001583,59,7.3,3696.0,5818.0,1689.0,1,presencial,lima,0,0
SOL-001584,40,3.1,6998.0,10522.0,4811.0,1,presencial,arequipa,0,0
SOL-001585,63,15.5,2706.0,4019.0,4641.0,1,presencial,arequipa,1,0
SOL-001586,35,5.1,1740.0,5116.0,1847.0,1,digital,lima,0,0
SOL-001587,49,2.2,2204.0,4321.0,2897.0,1,presencial,lima,1,0
SOL-001588,38,4.3,1257.0,4388.0,2471.0,1,presencial,trujillo,0,0
SOL-001589,58,1.7,8280.0,23984.0,445.0,1,presencial,arequipa,0,0
SOL-001590,50,13.2,2396.0,4049.0,2091.0,0,presencial,lima,1,0
SOL-001591,59,9.4,3381.0,4795.0,3983.0,1,presencial,lima,1,0
SOL-001592,45,3.2,8605.0,13027.0,701.0,0,presencial,trujillo,0,0
SOL-001593,31,0.2,2489.0,7600.0,1702.0,1,digital,trujillo,1,0
SOL-001594,50,9.3,5001.0,16096.0,1731.0,1,presencial,trujillo,1,0
SOL-001595,48,5.0,1280.0,3193.0,756.0,1,digital,arequipa,0,1
SOL-001596,43,10.4,5544.0,9118.0,5551.0,0,digital,trujillo,1,0
SOL-001597,45,0.7,3593.0,15441.0,173.0,1,presencial,lima,1,0
SOL-001598,23,8.7,2254.0,5990.0,493.0,1,presencial,arequipa,0,0
SOL-001599,41,3.6,1577.0,4307.0,2997.0,1,digital,lima,1,0
SOL-001600,27,19.5,9217.0,23803.0,8811.0,1,presencial,arequipa,0,0
SOL-001601,32,0.5,1975.0,3129.0,532.0,0,digital,trujillo,1,0
SOL-001602,42,9.9,2280.0,8213.0,1002.0,1,presencial,trujillo,1,0
SOL-001603,19,7.2,2139.0,7403.0,788.0,0,digital,lima,1,0
SOL-001604,36,0.2,2743.0,5239.0,2020.0,0,digital,arequipa,1,0
SOL-001605,67,4.5,4142.0,9247.0,1169.0,0,presencial,trujillo,1,0
SOL-001606,40,8.1,4823.0,14929.0,1987.0,1,presencial,trujillo,0,0
SOL-001607,40,1.6,3027.0,7773.0,1462.0,1,digital,arequipa,1,0
SOL-001608,69,3.3,5359.0,24081.0,4244.0,1,presencial,lima,0,0
SOL-001609,52,10.7,3322.0,9764.0,6422.0,1,presencial,lima,1,0
SOL-001610,36,16.8,11243.0,46489.0,16491.0,1,presencial,trujillo,1,0
SOL-001611,46,10.1,2969.0,6040.0,240.0,1,presencial,arequipa,0,0
SOL-001612,37,0.3,5413.0,16912.0,3621.0,0,digital,arequipa,1,0
SOL-001613,48,0.2,1962.0,4704.0,1554.0,1,digital,arequipa,1,0
SOL-001614,56,2.4,1822.0,7829.0,1457.0,1,presencial,lima,0,0
SOL-001615,19,7.0,1126.0,3500.0,1221.0,1,digital,lima,0,0
SOL-001616,34,9.3,4483.0,15364.0,5137.0,1,presencial,trujillo,1,0
SOL-001617,42,4.2,7004.0,11456.0,4702.0,1,presencial,lima,1,1
SOL-001618,32,2.3,2104.0,6126.0,6647.0,1,presencial,arequipa,0,0
SOL-001619,19,2.9,1698.0,5427.0,1753.0,1,digital,arequipa,1,0
SOL-001620,35,1.3,4679.0,10763.0,4240.0,1,presencial,trujillo,0,0
SOL-001621,43,0.2,3823.0,14072.0,1669.0,1,presencial,lima,0,1
SOL-001622,37,6.8,2823.0,8035.0,2956.0,1,presencial,arequipa,1,0
SOL-001623,21,4.7,1378.0,4327.0,6442.0,0,digital,lima,0,1
SOL-001624,43,2.2,4495.0,11322.0,4943.0,1,presencial,lima,0,0
SOL-001625,47,10.2,5375.0,18797.0,10672.0,1,presencial,lima,1,0
SOL-001626,27,4.1,3460.0,5951.0,8424.0,0,digital,lima,1,0
SOL-001627,58,3.0,3881.0,11524.0,1685.0,1,presencial,trujillo,0,0
SOL-001628,44,7.0,2211.0,9234.0,892.0,1,presencial,trujillo,1,0
SOL-001629,33,19.2,4508.0,9598.0,8610.0,1,presencial,lima,0,0
SOL-001630,31,1.3,4336.0,17744.0,1732.0,1,presencial,trujillo,1,0
SOL-001631,41,20.1,1934.0,8014.0,4768.0,0,presencial,lima,1,0
SOL-001632,44,4.1,2290.0,4842.0,543.0,1,digital,arequipa,0,1
SOL-001633,34,8.2,4631.0,7642.0,10541.0,1,presencial,trujillo,0,0
SOL-001634,39,7.0,2573.0,9699.0,3095.0,0,digital,arequipa,1,0
SOL-001635,33,1.4,967.0,4227.0,142.0,1,digital,lima,0,1
SOL-001636,65,4.1,2744.0,6017.0,4848.0,0,presencial,lima,1,0
SOL-001637,47,12.7,2650.0,11210.0,2812.0,1,presencial,lima,1,0
SOL-001638,24,12.6,3584.0,7330.0,8485.0,0,digital,trujillo,1,1
SOL-001639,51,4.9,14782.0,37160.0,12645.0,1,presencial,arequipa,0,0
SOL-001640,40,15.7,2873.0,11912.0,6667.0,1,digital,lima,1,0
SOL-001641,28,3.7,1437.0,3366.0,3330.0,0,digital,lima,1,1
SOL-001642,30,9.5,3521.0,13178.0,17507.0,1,presencial,trujillo,0,1
SOL-001643,49,3.2,3849.0,7142.0,2285.0,1,presencial,lima,1,0
SOL-001644,44,9.1,5673.0,14603.0,9821.0,1,presencial,arequipa,1,0
SOL-001645,26,4.6,7302.0,31518.0,1157.0,1,presencial,arequipa,1,0
SOL-001646,46,22.6,7890.0,16581.0,83.0,1,presencial,lima,0,0
SOL-001647,36,7.3,5061.0,18094.0,7923.0,1,presencial,lima,0,0
SOL-001648,19,14.4,2678.0,11383.0,6255.0,0,digital,lima,0,0
SOL-001649,28,4.9,5795.0,22214.0,1414.0,1,digital,lima,1,0
SOL-001650,46,4.2,2236.0,9701.0,1088.0,1,digital,arequipa,1,0
SOL-001651,56,6.4,3938.0,17034.0,9174.0,1,presencial,trujillo,0,0
SOL-001652,53,18.5,3373.0,5910.0,1272.0,1,presencial,lima,1,0
SOL-001653,46,4.0,1264.0,4127.0,453.0,0,presencial,lima,1,1
SOL-001654,50,22.1,7415.0,20194.0,22737.0,1,presencial,lima,1,0
SOL-001655,33,8.9,3807.0,13387.0,13646.0,1,digital,lima,1,0
SOL-001656,31,18.0,1116.0,4131.0,1164.0,0,presencial,arequipa,1,1
SOL-001657,33,2.3,6444.0,13921.0,6205.0,1,presencial,arequipa,0,0
SOL-001658,25,7.8,2288.0,8877.0,8411.0,1,digital,arequipa,1,0
SOL-001659,58,13.1,6400.0,17079.0,15592.0,1,presencial,lima,0,1
SOL-001660,55,13.3,3981.0,13678.0,15014.0,0,presencial,arequipa,1,0
SOL-001661,31,9.4,1890.0,5152.0,844.0,1,presencial,lima,0,0
SOL-001662,44,4.3,3880.0,9595.0,2275.0,1,presencial,trujillo,1,0
SOL-001663,28,2.5,1679.0,5962.0,80.0,0,digital,arequipa,0,0
SOL-001664,41,4.0,2027.0,6243.0,138.0,1,presencial,trujillo,1,0
SOL-001665,26,5.4,4206.0,17009.0,374.0,1,digital,lima,0,1
SOL-001666,47,4.7,3284.0,12599.0,1985.0,1,digital,lima,1,0
SOL-001667,32,2.9,5838.0,23888.0,1787.0,0,digital,arequipa,1,0
SOL-001668,45,5.0,3118.0,11767.0,3188.0,1,presencial,lima,0,0
SOL-001669,45,5.8,2320.0,9842.0,956.0,1,presencial,arequipa,0,0
SOL-001670,21,0.2,3735.0,7043.0,10401.0,1,digital,lima,0,0
SOL-001671,44,4.6,2481.0,8399.0,681.0,1,presencial,trujillo,0,0
SOL-001672,55,3.7,3257.0,5392.0,439.0,0,presencial,lima,0,0
SOL-001673,48,0.6,3521.0,10383.0,8746.0,1,digital,trujillo,1,1
SOL-001674,30,2.4,3585.0,14592.0,998.0,1,presencial,lima,1,1
SOL-001675,19,3.0,2078.0,7583.0,3455.0,0,digital,lima,1,0
SOL-001676,33,5.6,1292.0,4144.0,1291.0,0,digital,lima,0,1
SOL-001677,44,5.9,4361.0,15487.0,9535.0,0,digital,lima,1,0
SOL-001678,47,8.2,3160.0,6122.0,9615.0,0,presencial,trujillo,1,1
SOL-001679,39,5.9,3695.0,15835.0,4016.0,1,digital,trujillo,1,0
SOL-001680,28,4.1,4928.0,10145.0,5497.0,0,presencial,trujillo,1,0
SOL-001681,26,0.8,4726.0,9063.0,55.0,0,digital,trujillo,1,1
SOL-001682,19,1.2,2370.0,4347.0,2176.0,0,digital,arequipa,1,0
SOL-001683,30,3.8,2236.0,9620.0,1112.0,1,digital,lima,1,0
SOL-001684,19,6.3,2151.0,6084.0,3184.0,1,presencial,trujillo,0,0
SOL-001685,58,9.9,2887.0,8813.0,4815.0,1,presencial,lima,1,0
SOL-001686,60,13.4,4571.0,11770.0,744.0,1,presencial,trujillo,1,0
SOL-001687,45,4.3,2503.0,3716.0,1794.0,1,presencial,lima,1,0
SOL-001688,26,6.5,4511.0,7248.0,11896.0,1,presencial,arequipa,1,0
SOL-001689,47,8.5,8209.0,11894.0,13743.0,1,presencial,lima,1,0
SOL-001690,63,5.8,3037.0,9326.0,3706.0,1,presencial,lima,1,0
SOL-001691,37,1.3,1353.0,2706.0,1882.0,0,digital,lima,1,0
SOL-001692,45,1.7,2161.0,5719.0,14.0,0,digital,lima,0,0
SOL-001693,38,10.4,1827.0,5165.0,1566.0,0,presencial,lima,1,0
SOL-001694,22,2.9,5362.0,16359.0,2113.0,1,digital,lima,1,0
SOL-001695,31,3.2,2800.0,11670.0,8478.0,1,digital,lima,1,0
SOL-001696,22,0.8,2621.0,4021.0,12168.0,1,presencial,arequipa,1,1
SOL-001697,68,12.1,2861.0,8389.0,1152.0,0,presencial,lima,1,0
SOL-001698,34,7.0,1449.0,2621.0,4882.0,0,digital,trujillo,1,0
SOL-001699,42,0.2,4533.0,19366.0,7140.0,1,digital,lima,1,1
SOL-001700,27,6.4,6965.0,29560.0,18727.0,0,digital,arequipa,1,1
SOL-001701,19,6.7,1232.0,2259.0,2663.0,0,digital,lima,0,0
SOL-001702,48,14.3,4609.0,8129.0,3971.0,0,digital,lima,1,0
SOL-001703,31,3.1,3368.0,5862.0,5308.0,1,presencial,arequipa,1,1
SOL-001704,47,7.7,7399.0,12608.0,12928.0,1,presencial,arequipa,1,0
SOL-001705,48,3.8,1475.0,2788.0,4444.0,1,presencial,lima,1,0
SOL-001706,33,2.1,3013.0,5672.0,9230.0,1,digital,lima,0,0
SOL-001707,34,14.1,3096.0,5904.0,1691.0,0,presencial,lima,1,0
SOL-001708,41,10.4,5392.0,10032.0,1865.0,1,presencial,lima,1,0
SOL-001709,22,0.2,2766.0,7113.0,1087.0,0,digital,lima,0,0
SOL-001710,52,1.6,3872.0,8468.0,1294.0,0,presencial,arequipa,1,0
SOL-001711,38,6.6,2536.0,6829.0,1457.0,0,digital,lima,1,0
SOL-001712,43,5.1,8625.0,35971.0,5183.0,0,presencial,arequipa,0,1
SOL-001713,26,1.2,2446.0,6093.0,731.0,1,digital,lima,0,0
SOL-001714,55,6.7,4200.0,9610.0,3031.0,0,digital,lima,1,0
SOL-001715,29,7.6,5307.0,22472.0,14168.0,1,presencial,lima,0,0
SOL-001716,19,4.1,4254.0,10197.0,3885.0,1,digital,lima,1,0
SOL-001717,42,6.1,2258.0,4015.0,368.0,1,presencial,lima,0,0
SOL-001718,40,3.0,5529.0,18350.0,2339.0,1,presencial,trujillo,1,0
SOL-001719,55,7.6,4560.0,10367.0,16896.0,1,presencial,arequipa,0,0
SOL-001720,39,15.9,1443.0,4346.0,3684.0,1,digital,lima,1,0
SOL-001721,43,2.1,3427.0,12957.0,1035.0,0,presencial,lima,1,0
SOL-001722,49,10.2,12620.0,39794.0,38346.0,1,presencial,trujillo,1,0
SOL-001723,37,0.9,2185.0,8537.0,3923.0,1,digital,lima,0,1
SOL-001724,66,9.1,3162.0,7806.0,10888.0,1,presencial,lima,0,0
SOL-001725,46,5.0,4839.0,9305.0,394.0,0,presencial,trujillo,0,0
SOL-001726,36,9.2,2889.0,7579.0,1299.0,1,presencial,lima,0,0
SOL-001727,45,2.2,4118.0,11024.0,7829.0,1,presencial,lima,1,0
SOL-001728,19,0.2,2122.0,7681.0,2837.0,0,digital,lima,1,0
SOL-001729,43,6.3,4718.0,16651.0,15077.0,1,presencial,arequipa,1,0
SOL-001730,55,9.8,3706.0,8743.0,8183.0,1,presencial,lima,0,0
SOL-001731,39,4.8,7394.0,31653.0,496.0,1,digital,arequipa,1,0
SOL-001732,46,8.6,3920.0,8837.0,6003.0,0,presencial,lima,1,0
SOL-001733,39,2.5,2386.0,10711.0,5577.0,0,digital,lima,1,0
SOL-001734,55,8.7,6537.0,9814.0,1520.0,1,presencial,lima,0,0
SOL-001735,48,12.4,1300.0,4535.0,1341.0,1,digital,trujillo,0,0
SOL-001736,37,2.5,6458.0,21458.0,1814.0,1,digital,lima,0,0
SOL-001737,29,6.9,1602.0,5148.0,2035.0,1,digital,arequipa,1,0
SOL-001738,19,3.3,7116.0,27150.0,5019.0,1,presencial,lima,1,0
SOL-001739,54,14.9,8164.0,26384.0,7360.0,0,presencial,lima,0,0
SOL-001740,38,0.2,2038.0,6707.0,4767.0,1,digital,lima,1,0
SOL-001741,45,7.3,3061.0,12611.0,1635.0,1,presencial,lima,1,0
SOL-001742,35,5.8,3616.0,7156.0,2262.0,1,presencial,lima,0,0
SOL-001743,54,4.1,5288.0,16110.0,3575.0,1,presencial,trujillo,0,0
SOL-001744,29,2.4,1595.0,5754.0,1833.0,1,digital,trujillo,0,0
SOL-001745,32,3.9,2531.0,5959.0,1388.0,1,digital,arequipa,1,0
SOL-001746,42,13.7,3252.0,6765.0,1152.0,1,presencial,arequipa,0,0
SOL-001747,37,5.1,1472.0,2649.0,2849.0,0,digital,lima,0,1
SOL-001748,30,1.2,2223.0,4922.0,1381.0,1,presencial,arequipa,1,0
SOL-001749,49,1.6,4092.0,14178.0,3274.0,1,presencial,lima,1,0
SOL-001750,35,6.7,4054.0,13404.0,6638.0,1,presencial,trujillo,0,0
SOL-001751,35,10.9,2573.0,4972.0,1217.0,1,presencial,trujillo,0,0
SOL-001752,53,3.0,3989.0,11658.0,614.0,0,presencial,lima,1,0
SOL-001753,21,4.9,1914.0,3948.0,5677.0,0,digital,trujillo,0,1
SOL-001754,42,9.4,5287.0,22742.0,6980.0,0,digital,trujillo,1,0
SOL-001755,44,7.1,3628.0,13223.0,3237.0,0,presencial,lima,1,0
SOL-001756,25,6.0,6773.0,13121.0,6645.0,1,presencial,trujillo,0,0
SOL-001757,58,4.5,1587.0,3647.0,5529.0,1,presencial,lima,0,0
SOL-001758,35,3.4,3169.0,12817.0,5258.0,0,digital,lima,1,0
SOL-001759,36,7.2,3653.0,11423.0,16.0,0,digital,lima,1,0
SOL-001760,43,7.9,2494.0,6244.0,2182.0,0,digital,arequipa,1,0
SOL-001761,59,9.4,2892.0,9414.0,2849.0,0,presencial,lima,1,0
SOL-001762,45,3.4,3533.0,9212.0,3171.0,1,presencial,trujillo,1,0
SOL-001763,50,0.5,5631.0,23793.0,257.0,1,presencial,lima,1,0
SOL-001764,47,4.2,2040.0,8380.0,436.0,0,presencial,lima,1,0
SOL-001765,39,10.1,5510.0,10454.0,426.0,1,presencial,arequipa,0,0
SOL-001766,26,15.6,4517.0,15810.0,17787.0,1,presencial,lima,0,0
SOL-001767,34,1.0,2340.0,9352.0,2137.0,0,digital,arequipa,1,0
SOL-001768,58,8.5,3417.0,7021.0,3661.0,1,presencial,lima,1,0
SOL-001769,49,3.6,3953.0,16214.0,2893.0,1,presencial,trujillo,1,0
SOL-001770,20,11.5,6347.0,17141.0,1901.0,0,digital,arequipa,1,0
SOL-001771,55,10.0,4587.0,10798.0,1622.0,1,presencial,lima,0,0
SOL-001772,29,5.4,1641.0,7303.0,6487.0,1,digital,lima,1,0
SOL-001773,20,7.3,3052.0,10782.0,2300.0,1,presencial,lima,0,0
SOL-001774,43,10.6,1478.0,3400.0,681.0,0,digital,trujillo,1,0
SOL-001775,33,1.3,1433.0,4359.0,3197.0,1,presencial,arequipa,0,0
SOL-001776,63,5.3,2092.0,7102.0,1320.0,1,presencial,lima,1,0
SOL-001777,45,0.8,2852.0,10287.0,462.0,0,digital,lima,1,1
SOL-001778,40,7.3,7424.0,15213.0,2155.0,0,presencial,trujillo,0,0
SOL-001779,48,6.3,6424.0,21273.0,14216.0,1,presencial,lima,1,0
SOL-001780,70,7.0,2099.0,8452.0,1044.0,1,presencial,arequipa,0,0
SOL-001781,54,2.1,2528.0,9837.0,2953.0,1,presencial,arequipa,1,0
SOL-001782,35,9.4,1645.0,3804.0,1233.0,1,digital,lima,0,0
SOL-001783,75,9.1,1000.0,4408.0,1760.0,1,presencial,lima,0,0
SOL-001784,44,4.1,3508.0,5048.0,2246.0,1,presencial,lima,1,0
SOL-001785,49,9.5,5812.0,22172.0,2093.0,1,presencial,lima,0,0
SOL-001786,22,0.2,2350.0,5600.0,660.0,0,digital,trujillo,0,1
SOL-001787,25,2.4,1980.0,8549.0,3788.0,0,presencial,arequipa,1,1
SOL-001788,29,3.9,1726.0,7024.0,798.0,0,digital,trujillo,1,0
SOL-001789,32,3.0,2258.0,9329.0,2495.0,1,digital,lima,1,0
SOL-001790,47,12.7,5713.0,12459.0,14429.0,1,presencial,lima,0,0
SOL-001791,19,7.1,2436.0,9425.0,2192.0,1,digital,arequipa,1,0
SOL-001792,50,14.3,5325.0,12946.0,6892.0,1,presencial,lima,0,0
SOL-001793,34,1.8,3669.0,10223.0,1742.0,0,presencial,lima,1,0
SOL-001794,39,2.9,3030.0,12736.0,1931.0,0,digital,lima,1,0
SOL-001795,42,0.7,1643.0,5970.0,4239.0,1,digital,arequipa,1,0
SOL-001796,39,7.0,2679.0,9070.0,4661.0,1,presencial,arequipa,0,0
SOL-001797,32,1.8,1992.0,3585.0,1436.0,0,presencial,lima,1,0
SOL-001798,60,6.4,5234.0,16061.0,4771.0,1,presencial,trujillo,1,0
SOL-001799,53,3.2,3290.0,5866.0,2256.0,1,presencial,lima,1,0
SOL-001800,45,9.6,589.0,962.0,920.0,1,presencial,lima,0,0
SOL-001801,59,5.5,4916.0,21308.0,2183.0,1,presencial,lima,1,0
SOL-001802,44,1.5,6352.0,20558.0,9906.0,1,presencial,trujillo,0,0
SOL-001803,36,10.6,2510.0,3562.0,8474.0,1,presencial,lima,1,0
SOL-001804,21,9.1,3439.0,9815.0,3475.0,1,digital,lima,1,0
SOL-001805,31,7.7,2403.0,5500.0,1872.0,1,digital,lima,1,0
SOL-001806,40,2.4,891.0,1673.0,2807.0,0,digital,arequipa,1,0
SOL-001807,58,8.1,10568.0,41630.0,9577.0,1,presencial,arequipa,1,0
SOL-001808,43,11.3,3443.0,6460.0,858.0,0,presencial,lima,1,0
SOL-001809,56,5.1,4250.0,8142.0,3157.0,0,presencial,trujillo,0,0
SOL-001810,41,5.3,2766.0,5867.0,7604.0,1,presencial,lima,0,0
SOL-001811,34,6.0,3282.0,11843.0,1466.0,1,presencial,lima,1,0
SOL-001812,29,9.4,4163.0,8290.0,11620.0,1,presencial,arequipa,0,0
SOL-001813,26,5.0,1558.0,3733.0,1065.0,1,digital,arequipa,0,0
SOL-001814,29,8.5,9236.0,38766.0,49116.0,1,presencial,lima,0,0
SOL-001815,54,3.4,4143.0,13058.0,2074.0,0,digital,arequipa,1,1
SOL-001816,48,4.9,5008.0,9697.0,1636.0,1,presencial,lima,0,0
SOL-001817,31,7.1,2489.0,10120.0,24.0,0,digital,arequipa,1,0
SOL-001818,62,3.6,2576.0,7696.0,2083.0,1,presencial,arequipa,0,0
SOL-001819,29,2.7,6540.0,26069.0,4356.0,1,presencial,trujillo,1,0
SOL-001820,41,3.5,5258.0,8645.0,16455.0,1,presencial,lima,0,0
SOL-001821,54,3.1,2177.0,4140.0,4260.0,1,digital,arequipa,0,0
SOL-001822,41,5.7,2178.0,3669.0,5847.0,1,presencial,arequipa,0,0
SOL-001823,70,4.0,1687.0,4879.0,3723.0,1,presencial,lima,1,1
SOL-001824,52,4.3,3885.0,10104.0,3266.0,0,presencial,lima,0,0
SOL-001825,46,5.6,2354.0,6331.0,28988.0,1,digital,trujillo,1,0
SOL-001826,58,3.2,7091.0,17985.0,5441.0,1,presencial,lima,0,0
SOL-001827,43,9.2,6412.0,17408.0,8278.0,0,presencial,arequipa,1,0
SOL-001828,38,2.9,3906.0,10085.0,15506.0,1,presencial,lima,0,0
SOL-001829,31,4.0,2569.0,4868.0,5172.0,0,digital,trujillo,1,0
SOL-001830,32,5.4,2103.0,6654.0,2127.0,1,presencial,lima,1,0
SOL-001831,42,12.6,6646.0,27212.0,10011.0,0,presencial,trujillo,1,0
SOL-001832,32,3.4,2601.0,11657.0,1144.0,1,digital,arequipa,1,0
SOL-001833,62,10.0,5244.0,9249.0,3098.0,0,presencial,lima,1,0
SOL-001834,50,8.7,7058.0,18879.0,9084.0,1,presencial,arequipa,0,0
SOL-001835,69,3.9,2852.0,6124.0,718.0,0,presencial,arequipa,0,0
SOL-001836,19,12.0,2489.0,7859.0,990.0,1,presencial,lima,0,0
SOL-001837,30,4.0,13818.0,34782.0,759.0,0,presencial,lima,0,0
SOL-001838,39,4.6,5214.0,21487.0,4574.0,0,presencial,arequipa,1,0
SOL-001839,48,6.0,2318.0,9965.0,2334.0,0,digital,arequipa,1,0
SOL-001840,31,2.7,5105.0,12292.0,11683.0,1,digital,lima,1,1
SOL-001841,27,1.8,3261.0,8168.0,1046.0,1,presencial,trujillo,1,0
SOL-001842,40,4.7,4534.0,13867.0,2704.0,0,presencial,lima,0,0
SOL-001843,30,4.6,2848.0,9598.0,5143.0,1,presencial,lima,0,0
SOL-001844,19,1.2,2656.0,9914.0,5590.0,0,digital,arequipa,1,1
SOL-001845,65,5.6,3319.0,5676.0,6699.0,1,presencial,lima,0,0
SOL-001846,39,5.7,2589.0,4035.0,924.0,1,presencial,lima,1,0
SOL-001847,45,7.3,4343.0,15211.0,4280.0,1,presencial,lima,0,0
SOL-001848,42,2.4,2746.0,7919.0,2320.0,1,presencial,lima,1,0
SOL-001849,40,2.5,5164.0,17999.0,5448.0,0,presencial,lima,0,1
SOL-001850,23,7.8,2287.0,5340.0,2831.0,1,digital,arequipa,1,1
SOL-001851,40,2.9,1565.0,3026.0,2253.0,0,presencial,lima,1,0
SOL-001852,36,5.1,3700.0,6456.0,5377.0,0,digital,trujillo,1,1
SOL-001853,59,4.9,5332.0,20462.0,3263.0,1,presencial,arequipa,1,1
SOL-001854,42,1.8,8649.0,22915.0,6257.0,1,digital,lima,1,0
SOL-001855,19,10.9,2704.0,4480.0,1371.0,1,digital,lima,1,0
SOL-001856,43,4.1,2947.0,6380.0,5464.0,0,digital,arequipa,1,0
SOL-001857,48,3.7,4909.0,19983.0,1208.0,0,presencial,lima,0,0
SOL-001858,36,1.6,6504.0,18815.0,24410.0,1,presencial,lima,1,0
SOL-001859,45,8.3,6296.0,25470.0,5462.0,1,presencial,trujillo,1,0
SOL-001860,49,2.8,4518.0,19565.0,3875.0,1,presencial,arequipa,0,0
SOL-001861,44,11.9,3763.0,6049.0,2655.0,1,presencial,arequipa,1,0
SOL-001862,37,3.7,4153.0,17958.0,7927.0,0,digital,lima,0,0
SOL-001863,23,20.6,2577.0,6572.0,2448.0,0,digital,lima,1,0
SOL-001864,65,4.6,1958.0,6980.0,1058.0,1,presencial,lima,1,0
SOL-001865,22,2.8,1753.0,4645.0,3204.0,1,presencial,arequipa,1,1
SOL-001866,38,4.2,2300.0,7602.0,1002.0,0,digital,lima,1,0
SOL-001867,36,2.0,2852.0,9914.0,5550.0,0,digital,lima,1,0
SOL-001868,50,1.0,13842.0,25085.0,1792.0,1,presencial,lima,0,0
SOL-001869,35,9.6,3596.0,9840.0,9731.0,0,presencial,arequipa,1,0
SOL-001870,45,5.2,2745.0,5601.0,1134.0,0,digital,arequipa,0,0
SOL-001871,42,3.2,3102.0,5490.0,612.0,0,presencial,lima,1,0
SOL-001872,30,2.4,5281.0,17084.0,3474.0,1,presencial,lima,1,0
SOL-001873,20,1.0,3100.0,10877.0,1745.0,0,digital,lima,0,0
SOL-001874,33,4.0,1923.0,4228.0,2400.0,0,digital,lima,0,0
SOL-001875,19,15.2,1583.0,2252.0,288.0,0,digital,lima,1,0
SOL-001876,52,3.2,2174.0,9586.0,2636.0,0,digital,lima,1,0
SOL-001877,55,1.5,2469.0,7091.0,1605.0,1,presencial,arequipa,1,0
SOL-001878,63,2.8,3394.0,11610.0,3209.0,1,presencial,arequipa,1,0
SOL-001879,62,6.1,4120.0,6729.0,1006.0,0,presencial,trujillo,0,0
SOL-001880,39,3.2,2949.0,9799.0,2614.0,1,presencial,trujillo,1,0
SOL-001881,33,2.1,8155.0,30696.0,3445.0,1,presencial,lima,0,0
SOL-001882,19,4.9,6995.0,10821.0,10894.0,1,presencial,lima,1,0
SOL-001883,39,2.8,3397.0,10269.0,1146.0,0,presencial,lima,1,0
SOL-001884,51,4.7,1623.0,2987.0,1976.0,0,digital,arequipa,1,1
SOL-001885,34,6.4,3769.0,6993.0,1295.0,1,presencial,lima,1,0
SOL-001886,41,7.7,3571.0,11805.0,3073.0,0,presencial,lima,1,0
SOL-001887,37,8.5,3705.0,12299.0,18025.0,0,presencial,lima,0,0
SOL-001888,47,3.1,3112.0,9699.0,6923.0,1,presencial,lima,0,0
SOL-001889,46,7.9,1553.0,4630.0,5348.0,1,digital,arequipa,0,0
SOL-001890,26,4.3,3898.0,11136.0,9090.0,0,presencial,arequipa,1,0
SOL-001891,28,1.2,3189.0,9222.0,2666.0,0,presencial,lima,0,0
SOL-001892,48,7.2,2338.0,5697.0,4464.0,1,digital,trujillo,0,0
SOL-001893,51,12.4,4019.0,8833.0,2934.0,1,presencial,lima,0,0
SOL-001894,40,4.7,3692.0,8209.0,663.0,1,presencial,lima,1,0
SOL-001895,62,9.8,3974.0,16751.0,4358.0,1,presencial,lima,1,0
SOL-001896,28,5.0,3113.0,6932.0,349.0,1,presencial,arequipa,0,0
SOL-001897,53,3.7,4616.0,11822.0,3244.0,1,presencial,arequipa,1,0
SOL-001898,42,5.0,2635.0,7807.0,6594.0,0,presencial,lima,1,1
SOL-001899,50,5.4,2174.0,8049.0,4595.0,1,presencial,trujillo,1,0
SOL-001900,19,6.1,2410.0,9180.0,1718.0,0,presencial,lima,1,0
SOL-001901,40,4.4,2692.0,9791.0,9235.0,1,presencial,lima,1,0
SOL-001902,51,8.6,1959.0,4583.0,2701.0,1,presencial,arequipa,0,0
SOL-001903,31,5.8,1111.0,2117.0,1818.0,1,digital,trujillo,1,0
SOL-001904,57,2.6,4973.0,19558.0,2794.0,1,presencial,arequipa,1,0
SOL-001905,56,3.8,7425.0,30523.0,13829.0,1,presencial,trujillo,1,0
SOL-001906,32,8.3,5115.0,21637.0,3911.0,1,presencial,lima,0,0
SOL-001907,52,4.9,2977.0,12089.0,844.0,1,presencial,arequipa,1,0
SOL-001908,32,3.2,1568.0,3952.0,2179.0,1,presencial,trujillo,1,0
SOL-001909,33,3.2,2961.0,5554.0,2645.0,1,digital,lima,1,0
SOL-001910,39,0.2,1162.0,4042.0,967.0,1,digital,lima,1,0
SOL-001911,34,11.4,3659.0,12489.0,5498.0,1,presencial,trujillo,0,0
SOL-001912,52,5.5,2526.0,5478.0,297.0,1,presencial,lima,1,0
SOL-001913,26,2.0,818.0,2718.0,372.0,0,digital,lima,0,0
SOL-001914,37,1.7,8266.0,37152.0,10215.0,0,presencial,trujillo,1,0
SOL-001915,51,14.8,1992.0,3830.0,497.0,1,presencial,trujillo,0,0
SOL-001916,34,1.6,3181.0,8187.0,1181.0,1,presencial,trujillo,0,0
SOL-001917,33,7.0,3579.0,9349.0,6648.0,1,presencial,trujillo,1,0
SOL-001918,43,2.8,2098.0,4326.0,384.0,1,digital,lima,1,0
SOL-001919,44,4.8,4874.0,18731.0,10812.0,1,presencial,trujillo,1,0
SOL-001920,19,3.6,1823.0,6549.0,2793.0,0,digital,lima,0,1
SOL-001921,52,3.7,4668.0,9675.0,7800.0,1,presencial,arequipa,0,0
SOL-001922,39,5.4,4517.0,18335.0,986.0,1,presencial,lima,1,0
SOL-001923,28,6.0,1870.0,5086.0,4286.0,1,presencial,trujillo,1,0
SOL-001924,19,8.0,4327.0,13448.0,4598.0,1,presencial,arequipa,0,0
SOL-001925,53,7.5,2213.0,7797.0,7712.0,1,presencial,trujillo,0,0
SOL-001926,34,2.6,2088.0,8581.0,3267.0,1,presencial,lima,1,0
SOL-001927,29,3.0,4452.0,9363.0,3657.0,1,presencial,lima,1,0
SOL-001928,39,7.9,2167.0,7013.0,290.0,1,digital,lima,1,1
SOL-001929,52,4.0,4647.0,16180.0,5968.0,1,presencial,lima,0,0
SOL-001930,34,6.7,4668.0,19362.0,9574.0,1,presencial,arequipa,0,0
SOL-001931,53,10.7,1822.0,6913.0,3340.0,1,presencial,lima,0,0
SOL-001932,66,5.6,5626.0,23825.0,1513.0,1,presencial,arequipa,1,0
SOL-001933,47,1.0,3107.0,5074.0,10456.0,0,digital,lima,1,0
SOL-001934,45,1.0,1975.0,5370.0,935.0,1,digital,lima,1,0
SOL-001935,35,2.8,2497.0,5867.0,5458.0,1,digital,arequipa,0,1
SOL-001936,38,4.4,5710.0,16795.0,1869.0,1,presencial,lima,1,0
SOL-001937,42,2.3,3242.0,12688.0,1048.0,1,presencial,lima,0,0
SOL-001938,48,2.9,11498.0,33654.0,4004.0,0,presencial,lima,1,0
SOL-001939,29,7.5,8310.0,12540.0,2962.0,1,presencial,lima,0,0
SOL-001940,35,9.6,4067.0,14151.0,700.0,1,presencial,arequipa,0,0
SOL-001941,27,4.1,3400.0,4868.0,895.0,1,presencial,lima,0,0
SOL-001942,46,0.3,3477.0,5921.0,82.0,1,presencial,lima,1,0
SOL-001943,44,7.1,2801.0,10240.0,171.0,1,presencial,arequipa,0,0
SOL-001944,36,1.4,4085.0,16242.0,16485.0,1,presencial,lima,1,0
SOL-001945,41,0.3,3831.0,9141.0,4557.0,1,digital,arequipa,1,0
SOL-001946,21,3.1,1328.0,4202.0,1140.0,1,digital,lima,0,0
SOL-001947,35,11.1,5347.0,16556.0,6271.0,1,presencial,trujillo,0,0
SOL-001948,41,6.6,4354.0,6846.0,2369.0,0,digital,lima,1,1
SOL-001949,53,7.7,5154.0,15921.0,4148.0,1,presencial,lima,0,0
SOL-001950,23,3.2,2504.0,3591.0,1511.0,0,digital,trujillo,1,1
SOL-001951,35,0.5,3531.0,13919.0,4963.0,1,digital,arequipa,0,0
SOL-001952,34,10.1,7522.0,27976.0,14805.0,1,presencial,arequipa,0,0
SOL-001953,30,0.6,2599.0,5924.0,996.0,0,digital,trujillo,0,1
SOL-001954,34,5.0,2712.0,6002.0,686.0,0,digital,lima,0,1
SOL-001955,38,4.3,8121.0,16156.0,3923.0,1,digital,trujillo,0,0
SOL-001956,35,0.4,3143.0,13683.0,1258.0,0,digital,arequipa,1,0
SOL-001957,46,1.3,2267.0,9118.0,3238.0,0,presencial,lima,1,0
SOL-001958,31,7.7,6027.0,24090.0,5267.0,1,presencial,lima,1,0
SOL-001959,36,3.7,3302.0,9395.0,971.0,1,digital,lima,0,0
SOL-001960,49,10.1,2722.0,10659.0,154.0,0,presencial,trujillo,1,0
SOL-001961,51,6.4,2156.0,6972.0,3577.0,1,presencial,lima,0,0
SOL-001962,35,5.9,4333.0,10089.0,1670.0,1,presencial,lima,1,1
SOL-001963,53,1.0,3710.0,10144.0,2178.0,1,presencial,arequipa,0,0
SOL-001964,29,5.8,2004.0,5347.0,2540.0,1,presencial,arequipa,1,0
SOL-001965,27,3.4,2559.0,6374.0,3309.0,0,digital,lima,0,1
SOL-001966,40,6.5,3538.0,7611.0,6673.0,1,presencial,trujillo,0,0
SOL-001967,19,3.4,2594.0,6834.0,6100.0,1,digital,lima,1,0
SOL-001968,29,3.3,3460.0,11272.0,1206.0,0,digital,trujillo,0,0
SOL-001969,45,4.7,1531.0,3075.0,2546.0,1,presencial,lima,1,0
SOL-001970,23,3.3,2147.0,3950.0,4476.0,1,presencial,lima,0,0
SOL-001971,39,7.6,2971.0,10516.0,5985.0,1,presencial,arequipa,0,1
SOL-001972,19,19.8,5340.0,16189.0,5535.0,1,digital,lima,1,0
SOL-001973,54,0.5,9178.0,22869.0,22384.0,0,digital,lima,1,0
SOL-001974,45,2.7,3837.0,16171.0,18089.0,1,presencial,lima,1,1
SOL-001975,44,7.6,3919.0,11091.0,3259.0,0,presencial,arequipa,1,0
SOL-001976,46,4.3,1074.0,2608.0,405.0,1,presencial,trujillo,0,0
SOL-001977,50,3.8,6126.0,12683.0,6687.0,1,presencial,trujillo,1,1
SOL-001978,43,0.2,3385.0,8130.0,1842.0,0,digital,trujillo,0,0
SOL-001979,19,1.2,3104.0,6980.0,1467.0,0,digital,trujillo,0,0
SOL-001980,57,2.5,2002.0,8182.0,7116.0,1,presencial,lima,0,0
SOL-001981,46,0.2,7502.0,31247.0,4713.0,0,digital,lima,1,0
SOL-001982,42,9.3,8440.0,22611.0,5095.0,1,presencial,trujillo,1,0
SOL-001983,31,4.0,3122.0,6896.0,1502.0,0,digital,trujillo,0,0
SOL-001984,19,20.1,6411.0,11566.0,7890.0,1,presencial,trujillo,0,0
SOL-001985,29,6.0,3931.0,14230.0,6031.0,1,presencial,arequipa,0,0
SOL-001986,38,0.6,4106.0,16938.0,11224.0,1,digital,lima,1,1
SOL-001987,56,6.4,1940.0,5188.0,482.0,1,presencial,trujillo,1,0
SOL-001988,40,5.7,821.0,3376.0,2190.0,1,digital,trujillo,0,0
SOL-001989,31,1.9,1385.0,3002.0,445.0,0,digital,arequipa,0,0
SOL-001990,64,7.1,2517.0,8273.0,602.0,1,presencial,trujillo,1,0
SOL-001991,54,7.0,2739.0,4523.0,2014.0,1,presencial,arequipa,0,0
SOL-001992,28,1.4,3382.0,10639.0,936.0,0,digital,trujillo,1,1
SOL-001993,67,7.9,3348.0,11316.0,4142.0,1,presencial,lima,1,0
SOL-001994,31,6.2,3771.0,12812.0,1745.0,1,presencial,trujillo,1,0
SOL-001995,27,5.3,2067.0,7884.0,3939.0,0,presencial,lima,1,1
SOL-001996,27,4.1,1383.0,2342.0,1971.0,0,digital,lima,1,0
SOL-001997,35,2.2,3910.0,8850.0,6063.0,0,presencial,lima,1,1
SOL-001998,39,11.6,2887.0,10245.0,3282.0,1,presencial,lima,1,0
SOL-001999,41,2.7,2686.0,8690.0,2930.0,1,digital,lima,1,1
SOL-002000,43,4.0,5080.0,22064.0,2133.0,1,presencial,trujillo,1,0
SOL-002001,32,4.9,6285.0,24078.0,3043.0,0,digital,arequipa,1,0
SOL-002002,44,18.4,3787.0,10831.0,1922.0,0,presencial,trujillo,0,0
SOL-002003,19,6.5,6879.0,21013.0,12272.0,0,digital,lima,1,0
SOL-002004,26,4.3,4728.0,16288.0,5786.0,1,presencial,lima,1,0
SOL-002005,39,6.5,5478.0,7843.0,2756.0,1,presencial,arequipa,1,0
SOL-002006,23,4.9,4633.0,11717.0,4140.0,0,digital,arequipa,0,1
SOL-002007,40,5.3,5565.0,9894.0,14475.0,1,presencial,lima,0,0
SOL-002008,58,2.3,2523.0,5405.0,2396.0,1,presencial,trujillo,0,0
SOL-002009,42,8.3,6722.0,26696.0,6200.0,1,presencial,trujillo,0,0
SOL-002010,19,2.2,2206.0,6839.0,1024.0,0,digital,arequipa,1,0
SOL-002011,34,3.1,4478.0,18214.0,603.0,1,presencial,trujillo,0,0
SOL-002012,62,4.1,4101.0,17041.0,1745.0,1,presencial,arequipa,1,0
SOL-002013,60,9.7,6939.0,27051.0,2355.0,0,presencial,arequipa,0,0
SOL-002014,50,3.8,4696.0,17668.0,4450.0,1,presencial,lima,0,0
SOL-002015,26,4.9,1862.0,3566.0,690.0,1,presencial,lima,0,0
SOL-002016,46,15.7,11358.0,25383.0,10172.0,0,presencial,lima,1,0
SOL-002017,47,3.9,5909.0,21170.0,18549.0,1,presencial,arequipa,1,0
SOL-002018,43,4.8,2875.0,6708.0,728.0,1,presencial,arequipa,1,0
SOL-002019,37,5.2,2119.0,5431.0,4356.0,0,presencial,lima,1,1
SOL-002020,39,3.9,6271.0,26982.0,4504.0,1,presencial,arequipa,0,0
SOL-002021,36,4.8,2253.0,8084.0,54.0,1,presencial,lima,0,0
SOL-002022,30,5.6,5804.0,10044.0,11193.0,1,presencial,lima,1,0
SOL-002023,58,3.8,6674.0,24265.0,12618.0,1,presencial,trujillo,0,0
SOL-002024,53,1.3,2730.0,10540.0,676.0,0,presencial,lima,1,0
SOL-002025,40,1.8,2606.0,11027.0,3247.0,1,presencial,lima,1,0
SOL-002026,47,5.1,2997.0,10561.0,2068.0,0,presencial,lima,1,0
SOL-002027,36,11.0,1602.0,2718.0,1658.0,0,digital,lima,1,0
SOL-002028,69,4.3,4313.0,16270.0,1771.0,1,presencial,arequipa,0,0
SOL-002029,53,6.2,4645.0,15953.0,1316.0,1,presencial,trujillo,0,0
SOL-002030,52,10.1,5588.0,15725.0,1171.0,0,presencial,arequipa,0,0
SOL-002031,43,7.1,2482.0,9327.0,5929.0,1,presencial,arequipa,1,0
SOL-002032,38,5.2,5924.0,17937.0,1510.0,1,presencial,lima,0,0
SOL-002033,58,4.8,2290.0,9824.0,2815.0,1,presencial,arequipa,1,1
SOL-002034,50,3.3,5922.0,25393.0,1563.0,1,presencial,lima,1,0
SOL-002035,34,8.2,1767.0,3709.0,8429.0,1,presencial,lima,0,0
SOL-002036,37,8.1,6054.0,16744.0,1537.0,0,digital,trujillo,0,1
SOL-002037,41,0.2,2043.0,4117.0,499.0,1,digital,lima,0,0
SOL-002038,20,8.2,5227.0,12677.0,14096.0,1,presencial,lima,1,0
SOL-002039,33,7.3,5447.0,11393.0,3440.0,1,presencial,lima,0,0
SOL-002040,36,2.5,1385.0,4137.0,244.0,0,digital,trujillo,1,0
SOL-002041,22,3.3,5909.0,8284.0,4554.0,0,presencial,lima,1,0
SOL-002042,19,5.2,2012.0,7753.0,629.0,0,digital,lima,0,0
SOL-002043,40,1.8,3264.0,6178.0,17709.0,1,presencial,trujillo,0,0
SOL-002044,37,2.6,1891.0,4254.0,127.0,0,digital,lima,0,1
SOL-002045,38,4.5,6201.0,12044.0,9283.0,0,digital,trujillo,0,0
SOL-002046,60,10.9,2083.0,5202.0,5783.0,1,presencial,lima,1,0
SOL-002047,44,13.5,4787.0,7845.0,7999.0,1,presencial,arequipa,0,0
SOL-002048,39,2.4,2767.0,11241.0,1079.0,1,presencial,trujillo,0,0
SOL-002049,29,6.5,6750.0,18133.0,14428.0,0,presencial,lima,1,0
SOL-002050,39,5.2,12799.0,54589.0,12383.0,0,presencial,arequipa,1,0
SOL-002051,40,6.0,1931.0,2985.0,2778.0,1,digital,lima,1,0
SOL-002052,51,4.7,4117.0,7967.0,7104.0,1,presencial,arequipa,0,0
SOL-002053,46,7.8,3133.0,12504.0,737.0,1,presencial,trujillo,0,0
SOL-002054,38,4.5,4597.0,13045.0,6249.0,0,digital,arequipa,0,1
SOL-002055,57,3.5,3363.0,5328.0,5472.0,0,presencial,trujillo,1,0
SOL-002056,44,7.9,6130.0,9469.0,4818.0,1,presencial,arequipa,1,0
SOL-002057,47,3.2,2179.0,9095.0,837.0,0,digital,arequipa,1,1
SOL-002058,35,5.5,12292.0,27181.0,8963.0,1,presencial,lima,1,0
SOL-002059,42,2.8,1225.0,3275.0,4266.0,1,presencial,arequipa,1,0
SOL-002060,38,4.4,4656.0,19465.0,5718.0,1,presencial,trujillo,1,0
SOL-002061,41,9.2,2665.0,9247.0,2298.0,1,digital,arequipa,1,0
SOL-002062,32,3.6,3736.0,14153.0,923.0,0,presencial,lima,1,0
SOL-002063,39,13.5,4440.0,12706.0,9340.0,1,presencial,lima,0,0
SOL-002064,23,5.6,3946.0,14029.0,5311.0,1,presencial,arequipa,1,0
SOL-002065,50,6.3,4289.0,13774.0,2276.0,1,presencial,trujillo,1,0
SOL-002066,46,1.6,3313.0,6387.0,1428.0,0,digital,lima,1,0
SOL-002067,53,8.2,9504.0,30178.0,1876.0,1,presencial,lima,0,0
SOL-002068,41,0.2,636.0,2715.0,890.0,0,digital,lima,0,1
SOL-002069,52,4.5,10001.0,24705.0,584.0,1,presencial,lima,0,1
SOL-002070,51,3.2,14488.0,42465.0,20971.0,1,presencial,trujillo,0,1
SOL-002071,39,0.3,1078.0,2900.0,73.0,0,digital,lima,0,0
SOL-002072,50,7.6,3924.0,13870.0,2628.0,1,presencial,lima,0,0
SOL-002073,36,4.6,7809.0,26111.0,16872.0,1,presencial,lima,1,0
SOL-002074,30,3.8,4320.0,12437.0,165.0,1,digital,lima,1,0
SOL-002075,44,3.3,9151.0,14153.0,23737.0,1,presencial,trujillo,1,0
SOL-002076,39,8.5,4644.0,10310.0,1944.0,1,presencial,lima,1,0
SOL-002077,19,4.4,931.0,2211.0,670.0,1,digital,lima,1,0
SOL-002078,29,12.0,7543.0,27688.0,3167.0,1,presencial,lima,1,0
SOL-002079,46,3.4,5326.0,13999.0,2554.0,1,presencial,trujillo,1,0
SOL-002080,53,3.4,8205.0,21109.0,2350.0,0,presencial,trujillo,0,0
SOL-002081,43,7.1,1724.0,4796.0,3433.0,1,presencial,lima,1,0
SOL-002082,73,12.7,2034.0,5571.0,3193.0,0,presencial,arequipa,1,0
SOL-002083,22,2.2,2702.0,9794.0,677.0,0,digital,lima,1,0
SOL-002084,48,0.8,7656.0,26627.0,9529.0,1,presencial,arequipa,1,0
SOL-002085,46,0.6,6194.0,23320.0,6244.0,1,digital,lima,0,0
SOL-002086,55,10.8,2624.0,5361.0,1469.0,1,presencial,trujillo,1,0
SOL-002087,50,4.3,3098.0,11458.0,4083.0,0,presencial,trujillo,1,0
SOL-002088,55,14.3,17042.0,39507.0,11848.0,1,presencial,lima,1,0
SOL-002089,33,0.8,2010.0,2814.0,3579.0,1,digital,lima,1,0
SOL-002090,61,7.2,5438.0,18395.0,1640.0,1,presencial,lima,1,0
SOL-002091,57,7.2,3026.0,4347.0,4925.0,0,presencial,lima,1,0
SOL-002092,23,0.2,3430.0,5844.0,196.0,1,digital,lima,1,1
SOL-002093,47,1.8,2439.0,3726.0,2269.0,1,presencial,lima,0,0
SOL-002094,26,4.4,2476.0,8121.0,2023.0,0,presencial,trujillo,0,0
SOL-002095,49,5.9,2209.0,4516.0,707.0,1,digital,lima,1,0
SOL-002096,45,6.6,2883.0,11268.0,3901.0,0,presencial,trujillo,1,1
SOL-002097,58,4.7,3268.0,8185.0,4787.0,1,presencial,lima,0,1
SOL-002098,42,4.6,5031.0,12271.0,2068.0,1,presencial,lima,1,1
SOL-002099,23,1.0,10229.0,30645.0,5717.0,1,presencial,lima,0,0
SOL-002100,72,2.9,2816.0,10708.0,3207.0,1,presencial,trujillo,1,0
SOL-002101,33,0.2,1603.0,5705.0,143.0,0,digital,lima,1,1
SOL-002102,32,6.5,3847.0,7849.0,1676.0,0,presencial,lima,1,0
SOL-002103,45,0.6,1721.0,6483.0,816.0,0,digital,arequipa,0,0
SOL-002104,54,9.1,1145.0,3402.0,693.0,0,digital,arequipa,0,0
SOL-002105,41,5.4,6657.0,29697.0,11238.0,1,presencial,arequipa,0,0
SOL-002106,31,1.2,2794.0,8388.0,4459.0,0,digital,lima,1,0
SOL-002107,35,8.1,2940.0,6724.0,842.0,1,digital,lima,0,0
SOL-002108,20,0.4,984.0,3699.0,876.0,1,digital,trujillo,1,1
SOL-002109,35,2.1,2824.0,4210.0,3070.0,1,presencial,arequipa,1,0
SOL-002110,63,2.7,1833.0,6684.0,2355.0,0,presencial,arequipa,0,1
SOL-002111,42,9.7,3787.0,11679.0,689.0,1,presencial,lima,0,0
SOL-002112,34,14.4,4105.0,7982.0,15929.0,1,presencial,lima,1,0
SOL-002113,38,1.5,4103.0,6051.0,1460.0,0,presencial,trujillo,1,0
SOL-002114,55,24.0,2706.0,4179.0,2044.0,1,presencial,arequipa,1,0
SOL-002115,21,7.7,2456.0,4061.0,2738.0,1,presencial,lima,1,0
SOL-002116,35,2.3,2423.0,7056.0,1763.0,0,digital,trujillo,1,1
SOL-002117,70,7.3,4608.0,16559.0,3610.0,1,presencial,arequipa,0,0
SOL-002118,65,9.8,2832.0,5139.0,3023.0,0,presencial,lima,1,0
SOL-002119,49,2.8,2351.0,4450.0,762.0,1,presencial,lima,0,0
SOL-002120,57,9.9,2404.0,9432.0,798.0,1,presencial,arequipa,1,0
SOL-002121,57,5.2,2718.0,5726.0,969.0,1,presencial,lima,1,0
SOL-002122,42,1.5,3025.0,11999.0,3652.0,1,presencial,arequipa,1,0
SOL-002123,53,7.6,2162.0,3664.0,3208.0,0,presencial,arequipa,1,0
SOL-002124,63,12.3,3036.0,12127.0,856.0,1,presencial,lima,1,0
SOL-002125,29,6.8,7279.0,26721.0,2341.0,0,presencial,trujillo,0,0
SOL-002126,49,2.4,3284.0,6101.0,4420.0,1,presencial,lima,0,0
SOL-002127,47,6.9,2010.0,4920.0,3403.0,1,presencial,lima,1,0
SOL-002128,44,6.2,1183.0,2878.0,2227.0,1,presencial,arequipa,0,0
SOL-002129,43,7.2,9946.0,18051.0,3721.0,0,presencial,arequipa,0,1
SOL-002130,46,1.4,6922.0,17783.0,8547.0,1,presencial,lima,1,0
SOL-002131,46,1.6,4438.0,15539.0,13880.0,1,presencial,arequipa,0,0
SOL-002132,44,2.0,4905.0,17975.0,2352.0,1,digital,trujillo,0,0
SOL-002133,37,7.2,3525.0,7152.0,5548.0,0,digital,trujillo,0,0
SOL-002134,30,6.3,2576.0,9370.0,2400.0,0,digital,trujillo,1,0
SOL-002135,34,9.4,2008.0,4471.0,8834.0,1,presencial,lima,0,1
SOL-002136,38,7.3,10327.0,15819.0,10954.0,1,presencial,lima,1,0
SOL-002137,46,8.4,3050.0,6110.0,7723.0,1,presencial,arequipa,0,0
SOL-002138,24,4.5,2196.0,5404.0,565.0,1,digital,lima,0,0
SOL-002139,42,3.1,2732.0,4129.0,4409.0,0,digital,arequipa,1,0
SOL-002140,37,6.2,2757.0,4674.0,1386.0,0,digital,lima,0,0
SOL-002141,45,0.6,3613.0,9048.0,242.0,0,digital,lima,1,0
SOL-002142,36,2.7,4861.0,20738.0,2356.0,1,presencial,lima,1,0
SOL-002143,23,0.4,1985.0,6691.0,565.0,0,digital,lima,1,1
SOL-002144,44,4.2,2716.0,11669.0,5586.0,0,digital,lima,0,0
SOL-002145,44,2.2,5077.0,7694.0,22618.0,1,presencial,arequipa,1,0
SOL-002146,30,0.2,1899.0,7769.0,1006.0,0,digital,arequipa,0,1
SOL-002147,51,1.8,8121.0,14786.0,3976.0,1,presencial,lima,1,0
SOL-002148,39,10.7,2651.0,5659.0,99.0,1,digital,lima,0,0
SOL-002149,19,4.3,6152.0,10526.0,11693.0,1,digital,trujillo,1,0
SOL-002150,58,9.7,1856.0,4964.0,5354.0,1,presencial,lima,0,0
SOL-002151,38,1.6,5380.0,10908.0,7365.0,1,presencial,lima,1,0
SOL-002152,62,7.1,2409.0,8894.0,1122.0,0,presencial,lima,1,1
SOL-002153,19,0.5,1926.0,7204.0,2135.0,0,digital,arequipa,0,0
SOL-002154,35,5.4,4289.0,9867.0,7909.0,1,digital,trujillo,1,0
SOL-002155,41,0.6,3399.0,13186.0,2465.0,1,presencial,arequipa,1,0
SOL-002156,19,7.8,10342.0,19726.0,15370.0,0,digital,trujillo,0,0
SOL-002157,50,7.7,5011.0,7641.0,2810.0,1,presencial,trujillo,0,0
SOL-002158,22,5.5,2666.0,5096.0,399.0,1,presencial,lima,0,0
SOL-002159,40,11.9,5016.0,10844.0,8859.0,1,presencial,lima,0,0
SOL-002160,55,8.7,3383.0,5264.0,3303.0,1,presencial,lima,0,0
SOL-002161,37,3.0,5900.0,10268.0,6598.0,1,presencial,lima,1,0
SOL-002162,33,2.1,3281.0,7672.0,6533.0,0,presencial,arequipa,0,0
SOL-002163,52,19.2,4729.0,19117.0,1409.0,1,presencial,lima,0,0
SOL-002164,40,3.2,4244.0,17197.0,2087.0,1,presencial,lima,0,0
SOL-002165,28,3.2,2791.0,12504.0,7934.0,0,digital,lima,1,0
SOL-002166,57,2.6,6580.0,11211.0,7033.0,1,presencial,arequipa,1,0
SOL-002167,19,6.8,1049.0,1475.0,1931.0,0,digital,arequipa,1,1
SOL-002168,38,2.8,4027.0,12699.0,3516.0,1,presencial,trujillo,0,0
SOL-002169,53,5.3,2658.0,8692.0,3866.0,0,presencial,lima,1,0
SOL-002170,29,6.8,1898.0,4047.0,2863.0,1,presencial,lima,0,1
SOL-002171,63,3.4,2476.0,9584.0,1019.0,1,presencial,trujillo,0,0
SOL-002172,41,6.8,2773.0,12100.0,3067.0,1,presencial,arequipa,1,0
SOL-002173,53,13.6,3387.0,8224.0,329.0,0,presencial,arequipa,0,0
SOL-002174,53,6.1,4562.0,19763.0,633.0,1,presencial,lima,1,0
SOL-002175,41,8.0,5075.0,8745.0,2651.0,0,presencial,lima,1,0
SOL-002176,38,4.1,3094.0,8894.0,7794.0,1,presencial,trujillo,1,1
SOL-002177,43,3.8,8725.0,17548.0,3689.0,1,presencial,arequipa,1,0
SOL-002178,40,0.4,2209.0,7095.0,451.0,1,digital,arequipa,0,0
SOL-002179,32,5.8,1391.0,2254.0,1633.0,0,presencial,lima,1,1
SOL-002180,19,8.1,2240.0,6638.0,3301.0,0,digital,lima,1,1
SOL-002181,48,6.2,2746.0,5319.0,1554.0,1,digital,lima,1,1
SOL-002182,24,2.2,489.0,1317.0,730.0,1,digital,arequipa,0,0
SOL-002183,36,2.7,5020.0,17735.0,9128.0,0,digital,lima,1,0
SOL-002184,41,13.8,3635.0,8850.0,1994.0,1,presencial,lima,1,1
SOL-002185,41,7.2,2102.0,6464.0,363.0,1,presencial,lima,0,0
SOL-002186,59,8.6,2323.0,10248.0,1109.0,1,presencial,trujillo,1,0
SOL-002187,31,7.6,3982.0,16380.0,2690.0,0,digital,lima,1,0
SOL-002188,39,3.9,6061.0,27218.0,5378.0,0,presencial,lima,1,0
SOL-002189,40,3.6,2732.0,5324.0,5076.0,1,presencial,arequipa,0,0
SOL-002190,26,2.3,1324.0,3882.0,929.0,0,digital,trujillo,0,0
SOL-002191,36,3.5,4097.0,15696.0,1411.0,1,presencial,arequipa,1,0
SOL-002192,38,12.1,4507.0,19290.0,2080.0,1,presencial,trujillo,0,0
SOL-002193,50,3.1,3595.0,7718.0,3722.0,1,digital,lima,0,0
SOL-002194,51,11.1,2856.0,12744.0,3228.0,1,presencial,trujillo,0,0
SOL-002195,39,4.8,3592.0,9943.0,11810.0,1,presencial,trujillo,0,0
SOL-002196,43,3.4,2708.0,10273.0,1804.0,0,digital,lima,0,0
SOL-002197,26,1.2,6328.0,19028.0,2198.0,1,presencial,arequipa,1,0
SOL-002198,58,3.7,7641.0,17747.0,225.0,1,presencial,lima,1,0
SOL-002199,57,12.3,8799.0,15289.0,625.0,1,presencial,lima,0,0
SOL-002200,57,10.4,5274.0,10030.0,7043.0,0,digital,lima,1,1
SOL-002201,54,3.7,9828.0,33483.0,4276.0,1,presencial,lima,1,0
SOL-002202,37,0.2,4538.0,14145.0,10480.0,0,digital,trujillo,0,1
SOL-002203,46,1.0,1972.0,5406.0,99.0,0,digital,lima,0,0
SOL-002204,36,3.6,8497.0,28388.0,4325.0,1,presencial,arequipa,0,0
SOL-002205,39,3.7,1871.0,5562.0,3338.0,1,presencial,lima,0,0
SOL-002206,42,3.7,13089.0,24059.0,33548.0,1,presencial,lima,1,0
SOL-002207,47,3.8,1614.0,3568.0,2323.0,1,digital,lima,0,0
SOL-002208,34,2.4,6073.0,16631.0,11859.0,1,presencial,lima,0,0
SOL-002209,32,4.9,8111.0,21359.0,2648.0,1,presencial,arequipa,1,0
SOL-002210,46,6.4,4860.0,20401.0,2991.0,1,presencial,trujillo,1,1
SOL-002211,40,2.3,923.0,3987.0,2488.0,1,digital,lima,0,0
SOL-002212,35,5.6,2338.0,7144.0,685.0,1,presencial,trujillo,1,0
SOL-002213,39,11.9,3226.0,7173.0,2764.0,1,digital,arequipa,1,0
SOL-002214,58,8.0,5327.0,20650.0,8361.0,1,presencial,arequipa,1,0
SOL-002215,45,5.7,2441.0,4793.0,5899.0,0,digital,lima,1,0
SOL-002216,47,4.1,3978.0,11639.0,3012.0,1,presencial,lima,1,0
SOL-002217,42,3.5,1783.0,7992.0,1045.0,1,presencial,trujillo,0,0
SOL-002218,51,3.5,6741.0,27717.0,8352.0,1,digital,arequipa,1,0
SOL-002219,32,5.6,2201.0,9424.0,7628.0,0,digital,lima,0,1
SOL-002220,53,6.1,5768.0,9825.0,7080.0,1,presencial,trujillo,1,0
SOL-002221,65,5.7,7941.0,22494.0,10162.0,1,presencial,lima,1,0
SOL-002222,52,8.8,2099.0,7943.0,1584.0,1,presencial,arequipa,1,1
SOL-002223,32,6.9,4091.0,7706.0,1308.0,1,presencial,lima,0,0
SOL-002224,29,8.4,4423.0,16736.0,2657.0,1,presencial,trujillo,0,0
SOL-002225,29,1.2,2343.0,5763.0,1735.0,1,digital,lima,1,0
SOL-002226,51,2.1,6200.0,25732.0,3664.0,0,presencial,lima,0,1
SOL-002227,37,11.3,1894.0,5104.0,1573.0,1,digital,arequipa,1,0
SOL-002228,67,0.7,3939.0,8571.0,5224.0,1,presencial,lima,1,0
SOL-002229,48,2.3,3156.0,13389.0,1393.0,0,presencial,trujillo,0,0
SOL-002230,39,4.1,12827.0,46301.0,24058.0,1,presencial,arequipa,1,0
SOL-002231,31,11.0,2712.0,7689.0,3364.0,1,presencial,lima,0,0
SOL-002232,56,2.1,5638.0,24690.0,5145.0,0,presencial,lima,1,1
SOL-002233,43,1.2,9743.0,31834.0,6729.0,0,presencial,trujillo,0,0
SOL-002234,19,1.3,1662.0,5351.0,490.0,0,digital,arequipa,1,1
SOL-002235,32,2.1,2816.0,7096.0,3783.0,1,digital,trujillo,1,0
SOL-002236,21,3.9,1604.0,6396.0,7636.0,1,digital,lima,1,0
SOL-002237,38,7.4,1344.0,4320.0,3344.0,1,presencial,trujillo,0,0
SOL-002238,43,8.9,2545.0,8467.0,3839.0,1,presencial,lima,0,0
SOL-002239,33,1.7,2845.0,12240.0,7825.0,1,presencial,arequipa,0,1
SOL-002240,38,0.7,2935.0,6565.0,1421.0,0,presencial,lima,1,0
SOL-002241,35,5.4,3275.0,12615.0,1240.0,1,presencial,lima,1,0
SOL-002242,35,2.0,3840.0,15027.0,3193.0,1,presencial,trujillo,1,0
SOL-002243,32,3.5,2054.0,3279.0,1818.0,1,presencial,trujillo,0,0
SOL-002244,38,4.2,4596.0,16726.0,10502.0,1,presencial,lima,1,1
SOL-002245,33,3.6,7193.0,28586.0,13173.0,1,presencial,trujillo,1,0
SOL-002246,49,1.1,7646.0,23418.0,346.0,1,presencial,lima,0,0
SOL-002247,45,5.8,3343.0,5832.0,6255.0,0,presencial,lima,0,0
SOL-002248,56,15.7,6093.0,10021.0,4276.0,1,presencial,lima,1,0
SOL-002249,64,4.9,2686.0,3957.0,3146.0,0,presencial,lima,1,0
SOL-002250,50,17.2,3202.0,8117.0,2514.0,0,presencial,lima,1,0
SOL-002251,48,0.7,4709.0,15661.0,2039.0,1,presencial,lima,0,0
SOL-002252,40,1.2,2251.0,7130.0,2613.0,0,digital,lima,1,1
SOL-002253,48,14.2,1984.0,5913.0,790.0,1,presencial,arequipa,0,0
SOL-002254,44,2.8,5903.0,15900.0,4232.0,0,presencial,trujillo,1,0
SOL-002255,32,4.4,1741.0,6112.0,565.0,0,digital,arequipa,0,0
SOL-002256,32,5.0,2921.0,12087.0,607.0,0,presencial,lima,0,0
SOL-002257,41,2.5,4645.0,18404.0,21228.0,1,digital,arequipa,1,0
SOL-002258,32,7.4,3543.0,12814.0,1824.0,0,digital,lima,1,1
SOL-002259,59,5.1,4195.0,9675.0,3011.0,0,presencial,arequipa,1,0
SOL-002260,53,8.0,1783.0,7694.0,4377.0,1,presencial,arequipa,0,0
SOL-002261,25,12.8,1463.0,5954.0,1426.0,0,digital,lima,1,1
SOL-002262,46,7.6,3294.0,14290.0,1012.0,1,digital,lima,1,0
SOL-002263,19,2.3,5311.0,17628.0,1653.0,1,presencial,trujillo,1,0
SOL-002264,64,19.4,4366.0,10619.0,1227.0,1,presencial,trujillo,1,0
SOL-002265,28,7.2,2992.0,8383.0,101.0,1,presencial,arequipa,0,0
SOL-002266,48,4.4,2941.0,7102.0,696.0,1,presencial,trujillo,0,0
SOL-002267,37,0.4,2998.0,7459.0,1595.0,0,digital,trujillo,0,0
SOL-002268,55,5.3,1996.0,5428.0,1055.0,1,presencial,lima,0,0
SOL-002269,28,1.4,2810.0,12079.0,1319.0,0,digital,arequipa,1,0
SOL-002270,19,0.2,1301.0,3828.0,1776.0,0,digital,lima,1,1
SOL-002271,39,2.2,2214.0,5875.0,2378.0,1,presencial,lima,0,0
SOL-002272,41,1.4,4199.0,14201.0,1572.0,1,presencial,lima,0,0
SOL-002273,19,0.2,3629.0,8302.0,1799.0,0,digital,trujillo,0,0
SOL-002274,32,2.3,3200.0,4567.0,18055.0,1,digital,arequipa,0,0
SOL-002275,20,3.1,1501.0,5498.0,1675.0,0,digital,lima,1,0
SOL-002276,50,6.6,1447.0,3517.0,2.0,1,presencial,lima,0,0
SOL-002277,40,7.1,3811.0,8141.0,1181.0,0,presencial,lima,0,0
SOL-002278,65,3.5,1426.0,4362.0,674.0,1,presencial,arequipa,1,0
SOL-002279,29,2.2,4378.0,8316.0,19619.0,0,digital,trujillo,1,1
SOL-002280,48,5.8,2181.0,4933.0,1111.0,1,presencial,lima,1,0
SOL-002281,41,2.2,12232.0,36551.0,6757.0,1,presencial,lima,1,0
SOL-002282,25,7.8,2321.0,10260.0,175.0,1,presencial,arequipa,1,0
SOL-002283,41,4.1,4869.0,10498.0,4255.0,1,presencial,lima,0,0
SOL-002284,40,7.1,1827.0,5203.0,3090.0,0,digital,lima,0,0
SOL-002285,50,5.5,3507.0,10650.0,2856.0,1,presencial,lima,1,0
SOL-002286,40,4.4,4212.0,15205.0,2125.0,1,presencial,lima,1,0
SOL-002287,19,8.6,4191.0,12649.0,2852.0,1,digital,lima,1,0
SOL-002288,39,0.2,4553.0,16726.0,7395.0,0,digital,trujillo,1,0
SOL-002289,48,6.4,5587.0,22790.0,3446.0,1,presencial,lima,1,0
SOL-002290,52,12.9,6565.0,14946.0,4137.0,1,presencial,lima,1,0
SOL-002291,29,4.0,1945.0,7762.0,2412.0,0,digital,arequipa,0,0
SOL-002292,19,3.3,3754.0,8313.0,1538.0,1,digital,trujillo,1,0
SOL-002293,49,8.8,3206.0,12532.0,890.0,1,presencial,lima,0,0
SOL-002294,43,3.5,6392.0,21564.0,527.0,1,presencial,lima,0,0
SOL-002295,58,4.2,4065.0,12855.0,2940.0,1,presencial,arequipa,1,0
SOL-002296,43,2.0,5285.0,15000.0,2092.0,1,presencial,lima,0,0
SOL-002297,31,1.7,3118.0,9637.0,5841.0,1,digital,arequipa,1,0
SOL-002298,48,7.5,5684.0,12091.0,3580.0,1,presencial,lima,1,0
SOL-002299,36,4.3,2515.0,7404.0,4231.0,0,presencial,lima,1,0
SOL-002300,25,1.0,1183.0,3888.0,1673.0,0,digital,lima,1,1
SOL-002301,31,8.9,4481.0,11574.0,294.0,1,digital,arequipa,0,0
SOL-002302,22,8.0,5392.0,13931.0,1005.0,0,digital,lima,1,1
SOL-002303,40,17.7,3604.0,8927.0,13243.0,1,presencial,lima,0,0
SOL-002304,64,2.9,5836.0,22968.0,2436.0,1,presencial,lima,1,0
SOL-002305,54,9.6,1641.0,4253.0,1892.0,1,presencial,arequipa,0,0
SOL-002306,46,7.4,2771.0,8864.0,1978.0,0,presencial,lima,1,0
SOL-002307,60,5.8,3994.0,17629.0,278.0,0,presencial,arequipa,1,0
SOL-002308,34,13.4,1553.0,2319.0,480.0,1,presencial,arequipa,0,0
SOL-002309,70,6.4,1728.0,3597.0,409.0,1,presencial,lima,1,0
SOL-002310,27,1.5,2909.0,12416.0,4554.0,1,digital,trujillo,1,0
SOL-002311,54,2.4,1955.0,7081.0,600.0,0,digital,trujillo,1,0
SOL-002312,65,1.5,3196.0,8204.0,4057.0,1,presencial,lima,1,0
SOL-002313,24,7.2,3099.0,5201.0,459.0,1,presencial,lima,0,0
SOL-002314,59,13.2,1964.0,5879.0,16.0,0,presencial,lima,1,0
SOL-002315,40,6.4,3418.0,13091.0,3055.0,1,presencial,lima,0,0
SOL-002316,37,5.8,3800.0,10302.0,4572.0,1,presencial,lima,1,0
SOL-002317,49,8.7,2827.0,11354.0,1499.0,1,presencial,trujillo,0,0
SOL-002318,21,6.2,2064.0,4748.0,1761.0,0,digital,trujillo,0,1
SOL-002319,49,10.7,3442.0,10102.0,374.0,1,presencial,lima,0,0
SOL-002320,22,3.5,4104.0,6893.0,2362.0,0,digital,lima,1,0
SOL-002321,45,6.8,3644.0,11039.0,6831.0,1,presencial,lima,0,0
SOL-002322,58,4.9,1406.0,5721.0,5309.0,1,presencial,lima,0,0
SOL-002323,47,2.0,2057.0,3850.0,1536.0,1,presencial,lima,0,0
SOL-002324,39,2.3,6214.0,20442.0,6842.0,1,presencial,trujillo,1,0
SOL-002325,49,3.2,2680.0,6363.0,5162.0,1,presencial,trujillo,1,0
SOL-002326,19,0.3,2559.0,6386.0,2365.0,1,digital,lima,1,0
SOL-002327,34,5.7,10414.0,14857.0,12180.0,0,presencial,arequipa,1,0
SOL-002328,38,9.0,5316.0,16226.0,15237.0,1,presencial,arequipa,1,0
SOL-002329,52,3.5,1252.0,5577.0,1400.0,0,presencial,trujillo,0,0
SOL-002330,47,1.2,8114.0,15054.0,4465.0,1,presencial,lima,1,0
SOL-002331,49,3.0,4137.0,8796.0,11679.0,1,presencial,lima,1,1
SOL-002332,43,4.3,4638.0,9747.0,4727.0,0,presencial,arequipa,0,0
SOL-002333,23,7.0,3138.0,9862.0,539.0,1,digital,lima,1,0
SOL-002334,59,5.4,6155.0,12241.0,3832.0,1,presencial,arequipa,1,0
SOL-002335,35,5.4,3672.0,15974.0,15197.0,1,presencial,lima,1,0
SOL-002336,37,5.4,1240.0,4413.0,2548.0,0,digital,arequipa,1,0
SOL-002337,31,7.9,3170.0,10583.0,1362.0,1,digital,trujillo,1,0
SOL-002338,49,12.9,1866.0,2635.0,4264.0,1,presencial,lima,0,0
SOL-002339,36,3.5,9844.0,28142.0,6055.0,0,presencial,lima,1,0
SOL-002340,55,5.1,3171.0,12396.0,1015.0,0,presencial,arequipa,1,0
SOL-002341,58,3.5,3726.0,11072.0,7120.0,0,presencial,lima,0,0
SOL-002342,54,6.8,2693.0,9934.0,494.0,1,presencial,arequipa,1,0
SOL-002343,34,0.2,3196.0,11232.0,1052.0,0,digital,arequipa,1,1
SOL-002344,38,15.1,4848.0,20756.0,4397.0,1,presencial,lima,1,0
SOL-002345,63,5.7,1883.0,4776.0,2009.0,0,digital,trujillo,1,0
SOL-002346,32,6.5,4844.0,19176.0,8052.0,1,presencial,lima,1,0
SOL-002347,42,1.4,2775.0,6125.0,680.0,0,digital,arequipa,1,0
SOL-002348,36,2.3,2549.0,7974.0,2354.0,1,digital,lima,0,0
SOL-002349,42,1.9,2589.0,8584.0,53.0,1,presencial,lima,0,0
SOL-002350,45,2.9,12752.0,35354.0,431.0,1,presencial,lima,0,0
SOL-002351,37,9.5,7080.0,12159.0,2476.0,1,presencial,trujillo,1,0
SOL-002352,37,0.2,3913.0,10745.0,6498.0,0,digital,trujillo,0,0
SOL-002353,46,17.0,6876.0,13825.0,9034.0,1,presencial,trujillo,0,0
SOL-002354,72,10.6,4474.0,13022.0,2739.0,1,presencial,lima,1,0
SOL-002355,55,6.5,3192.0,4673.0,189.0,1,presencial,lima,0,0
SOL-002356,38,1.2,678.0,1965.0,716.0,1,digital,arequipa,0,1
SOL-002357,49,8.1,2031.0,5219.0,13380.0,1,presencial,arequipa,1,0
SOL-002358,63,7.6,11800.0,17014.0,9301.0,1,presencial,lima,0,0
SOL-002359,21,1.9,4898.0,16313.0,904.0,1,digital,trujillo,1,0
SOL-002360,41,7.1,4252.0,10079.0,3091.0,0,presencial,lima,1,0
SOL-002361,19,2.7,1180.0,3782.0,98.0,0,digital,lima,1,0
SOL-002362,49,1.1,5325.0,22079.0,2260.0,1,presencial,trujillo,1,0
SOL-002363,52,2.0,3312.0,13512.0,5119.0,0,presencial,lima,0,0
SOL-002364,21,8.8,3852.0,11406.0,10240.0,1,digital,lima,1,0
SOL-002365,48,2.2,1503.0,4300.0,852.0,0,digital,arequipa,1,0
SOL-002366,24,1.5,2077.0,6342.0,288.0,0,digital,trujillo,0,1
SOL-002367,39,5.7,6065.0,15830.0,3223.0,0,presencial,lima,0,0
SOL-002368,44,0.8,10430.0,24143.0,13406.0,1,presencial,arequipa,0,0
SOL-002369,61,5.3,2718.0,5133.0,821.0,1,presencial,lima,0,0
SOL-002370,34,5.9,2276.0,9643.0,1283.0,1,presencial,lima,0,0
SOL-002371,46,7.9,6515.0,10366.0,6733.0,1,presencial,lima,0,0
SOL-002372,52,2.3,1988.0,4910.0,1772.0,0,presencial,lima,1,0
SOL-002373,49,3.4,2064.0,3955.0,824.0,0,presencial,lima,0,0
SOL-002374,50,5.8,4395.0,6978.0,697.0,0,presencial,lima,1,0
SOL-002375,51,2.5,11323.0,21916.0,2387.0,1,presencial,arequipa,1,0
SOL-002376,37,6.2,2462.0,6927.0,3324.0,1,presencial,arequipa,1,0
SOL-002377,51,4.1,2211.0,6926.0,4734.0,1,digital,arequipa,1,0
SOL-002378,42,0.8,4056.0,16924.0,1672.0,1,presencial,trujillo,0,0
SOL-002379,40,9.3,2993.0,10535.0,7313.0,1,presencial,lima,0,0
SOL-002380,47,1.0,1069.0,4154.0,962.0,0,digital,lima,1,0
SOL-002381,25,3.8,4066.0,12667.0,7867.0,0,digital,lima,1,0
SOL-002382,47,15.2,4217.0,8535.0,5627.0,0,presencial,arequipa,1,0
SOL-002383,35,2.8,4632.0,18688.0,9324.0,0,presencial,lima,0,0
SOL-002384,71,7.0,3556.0,10209.0,6722.0,1,presencial,lima,1,1
SOL-002385,68,17.5,8407.0,31870.0,12822.0,1,presencial,lima,1,0
SOL-002386,31,6.1,2061.0,2926.0,649.0,1,digital,lima,1,0
SOL-002387,38,9.0,1530.0,4256.0,752.0,0,digital,trujillo,1,0
SOL-002388,43,2.1,9092.0,22280.0,6343.0,1,presencial,arequipa,1,0
SOL-002389,28,11.3,854.0,1982.0,4257.0,0,digital,lima,1,0
SOL-002390,44,1.2,3533.0,12337.0,3479.0,1,presencial,arequipa,1,0
SOL-002391,43,7.4,3680.0,14558.0,6914.0,1,presencial,arequipa,0,0
SOL-002392,19,3.6,2524.0,10294.0,5507.0,1,digital,lima,1,0
SOL-002393,46,4.2,1708.0,6631.0,2485.0,0,presencial,lima,1,0
SOL-002394,43,3.7,2067.0,8095.0,1507.0,1,presencial,arequipa,0,0
SOL-002395,46,7.8,6299.0,25125.0,10164.0,1,presencial,lima,0,0
SOL-002396,31,1.4,5507.0,19550.0,10248.0,1,digital,lima,1,0
SOL-002397,39,3.8,3081.0,11571.0,3399.0,1,presencial,lima,0,0
SOL-002398,53,7.4,2359.0,4920.0,1060.0,1,presencial,arequipa,1,0
SOL-002399,49,10.3,1513.0,6608.0,2173.0,1,presencial,trujillo,1,0
SOL-002400,58,4.8,6242.0,18475.0,102.0,1,presencial,arequipa,0,0
SOL-002401,48,13.2,6437.0,14255.0,3700.0,0,presencial,lima,1,0
SOL-002402,30,4.3,621.0,1744.0,626.0,1,digital,lima,1,0
SOL-002403,39,3.9,760.0,3004.0,866.0,0,digital,arequipa,0,0
SOL-002404,19,21.3,2877.0,10204.0,6821.0,0,digital,trujillo,0,0
SOL-002405,55,5.1,3077.0,5763.0,16653.0,0,digital,trujillo,0,1
SOL-002406,46,16.2,2986.0,8241.0,9442.0,1,presencial,trujillo,0,0
SOL-002407,67,21.8,3763.0,14077.0,2079.0,0,presencial,lima,1,0
SOL-002408,33,2.2,3366.0,11954.0,697.0,1,presencial,arequipa,0,0
SOL-002409,31,3.0,3881.0,7714.0,12664.0,1,presencial,trujillo,1,0
SOL-002410,36,0.2,1677.0,6210.0,5727.0,0,digital,arequipa,0,0
SOL-002411,36,6.6,2662.0,9296.0,117.0,0,digital,arequipa,1,1
SOL-002412,36,6.7,1887.0,4071.0,4275.0,1,digital,lima,1,1
SOL-002413,45,3.5,2581.0,6074.0,5722.0,0,presencial,arequipa,1,1
SOL-002414,36,0.7,1450.0,3915.0,1706.0,0,presencial,lima,0,1
SOL-002415,27,7.0,3494.0,12189.0,4069.0,1,presencial,lima,1,0
SOL-002416,46,1.5,5811.0,25275.0,3303.0,1,presencial,trujillo,0,0
SOL-002417,29,4.6,3231.0,14487.0,13333.0,0,presencial,trujillo,0,1
SOL-002418,28,8.5,3185.0,11264.0,1605.0,0,presencial,trujillo,0,1
SOL-002419,39,5.8,7354.0,19698.0,162.0,1,presencial,lima,1,0
SOL-002420,37,8.7,4566.0,7361.0,5502.0,1,digital,lima,1,0
SOL-002421,65,4.4,9433.0,30547.0,5139.0,0,presencial,lima,0,0
SOL-002422,54,3.1,12378.0,35814.0,3508.0,1,presencial,trujillo,1,0
SOL-002423,48,1.1,2764.0,9617.0,5321.0,0,digital,arequipa,1,1
SOL-002424,50,8.4,2097.0,9206.0,927.0,0,presencial,trujillo,0,0
SOL-002425,36,3.4,2043.0,3917.0,3490.0,1,digital,lima,1,0
SOL-002426,60,1.4,3609.0,9199.0,6913.0,1,digital,arequipa,1,0
SOL-002427,28,6.7,8094.0,25788.0,2225.0,0,presencial,arequipa,1,0
SOL-002428,27,0.2,1553.0,3863.0,542.0,1,digital,lima,1,0
SOL-002429,39,5.5,4371.0,8505.0,15379.0,1,presencial,trujillo,1,0
SOL-002430,42,4.7,1774.0,5775.0,801.0,1,digital,arequipa,0,0
SOL-002431,21,5.3,2483.0,3779.0,960.0,1,digital,lima,1,0
SOL-002432,40,11.6,2463.0,6327.0,157.0,1,digital,lima,0,0
SOL-002433,49,4.2,4667.0,20606.0,2104.0,1,presencial,trujillo,0,0
SOL-002434,52,6.4,11013.0,31744.0,25084.0,0,presencial,arequipa,0,0
SOL-002435,41,5.5,3430.0,5882.0,11415.0,1,digital,arequipa,1,0
SOL-002436,49,3.4,2143.0,8543.0,82.0,1,digital,arequipa,0,0
SOL-002437,42,2.0,2809.0,5492.0,2584.0,1,presencial,lima,1,0
SOL-002438,38,7.3,2426.0,5283.0,2597.0,0,digital,arequipa,0,0
SOL-002439,35,0.7,2433.0,10665.0,6286.0,1,presencial,trujillo,1,0
SOL-002440,21,0.5,2881.0,10956.0,3275.0,1,digital,lima,0,1
SOL-002441,51,2.5,765.0,1834.0,182.0,1,digital,arequipa,1,0
SOL-002442,34,2.1,3430.0,11684.0,589.0,1,presencial,lima,0,0
SOL-002443,50,5.5,3574.0,10408.0,4232.0,1,presencial,lima,1,0
SOL-002444,49,10.9,2093.0,8721.0,6533.0,1,presencial,lima,1,0
SOL-002445,56,16.5,3138.0,9844.0,8747.0,1,presencial,trujillo,0,0
SOL-002446,25,5.1,6852.0,23629.0,9019.0,1,presencial,lima,1,0
SOL-002447,53,6.7,7114.0,13249.0,3207.0,0,presencial,lima,0,0
SOL-002448,42,5.4,2901.0,6308.0,1617.0,1,presencial,arequipa,0,0
SOL-002449,36,4.9,5025.0,7448.0,3324.0,1,presencial,lima,0,0
SOL-002450,40,4.9,1756.0,5661.0,483.0,1,presencial,arequipa,0,0
SOL-002451,54,14.7,3281.0,10315.0,465.0,1,presencial,trujillo,0,0
SOL-002452,40,0.2,3021.0,7112.0,3543.0,1,digital,lima,0,0
SOL-002453,42,9.4,8468.0,17949.0,8658.0,1,presencial,lima,1,0
SOL-002454,19,1.2,4982.0,13972.0,948.0,1,digital,trujillo,1,0
SOL-002455,31,4.5,4267.0,7347.0,9916.0,1,presencial,lima,0,0
SOL-002456,51,2.0,2383.0,9637.0,3250.0,0,presencial,lima,1,1
SOL-002457,29,1.9,7758.0,30868.0,17253.0,1,presencial,trujillo,1,0
SOL-002458,42,10.3,3207.0,10417.0,8088.0,1,presencial,trujillo,1,0
SOL-002459,72,3.2,4833.0,20274.0,665.0,1,presencial,arequipa,0,0
SOL-002460,48,5.3,3591.0,11857.0,8985.0,1,presencial,arequipa,1,1
SOL-002461,40,5.7,7550.0,22060.0,11794.0,1,digital,trujillo,1,0
SOL-002462,20,11.6,1951.0,6360.0,2611.0,1,digital,arequipa,1,0
SOL-002463,29,2.0,6164.0,10262.0,3895.0,1,presencial,arequipa,0,0
SOL-002464,52,13.7,3659.0,7590.0,8709.0,0,presencial,trujillo,1,0
SOL-002465,40,6.2,5146.0,16111.0,13900.0,1,presencial,arequipa,0,0
SOL-002466,45,4.4,6221.0,10874.0,7741.0,0,digital,lima,1,1
SOL-002467,34,2.6,945.0,3695.0,1270.0,0,digital,lima,1,0
SOL-002468,78,3.8,3700.0,7132.0,16661.0,1,presencial,lima,1,0
SOL-002469,38,1.3,2404.0,6484.0,7113.0,1,presencial,lima,1,0
SOL-002470,47,11.4,4826.0,14006.0,4218.0,1,presencial,lima,0,0
SOL-002471,34,1.8,5483.0,10361.0,17414.0,1,presencial,lima,1,0
SOL-002472,44,1.8,2098.0,4512.0,609.0,0,digital,trujillo,1,0
SOL-002473,38,8.7,2042.0,5925.0,2475.0,0,digital,lima,1,0
SOL-002474,34,4.8,4256.0,7367.0,5054.0,1,presencial,lima,1,0
SOL-002475,41,2.2,1974.0,3909.0,2894.0,1,presencial,lima,1,0
SOL-002476,59,9.0,4552.0,6700.0,3039.0,1,presencial,lima,0,0
SOL-002477,58,3.8,2502.0,7431.0,1187.0,1,presencial,arequipa,1,0
SOL-002478,29,3.4,5605.0,22135.0,8197.0,1,presencial,lima,0,0
SOL-002479,39,1.9,1929.0,7549.0,3150.0,0,presencial,lima,1,0
SOL-002480,53,2.0,1995.0,4988.0,1560.0,0,digital,trujillo,1,1
SOL-002481,42,4.1,2590.0,9145.0,3615.0,1,presencial,lima,0,0
SOL-002482,46,7.2,3278.0,14648.0,11934.0,1,presencial,lima,0,0
SOL-002483,55,3.0,7830.0,21239.0,7371.0,1,presencial,trujillo,0,0
SOL-002484,29,11.6,5943.0,25156.0,7502.0,1,presencial,arequipa,1,0
SOL-002485,23,8.9,2088.0,7963.0,371.0,1,digital,arequipa,1,0
SOL-002486,41,10.5,2981.0,5808.0,3397.0,1,presencial,trujillo,0,0
SOL-002487,46,4.3,4246.0,11792.0,8584.0,1,digital,trujillo,1,0
SOL-002488,44,7.0,1463.0,6270.0,1089.0,1,digital,lima,0,1
SOL-002489,52,8.1,3872.0,7432.0,7042.0,1,presencial,arequipa,1,0
SOL-002490,43,9.8,2793.0,4409.0,5215.0,1,presencial,arequipa,1,0
SOL-002491,46,8.8,2450.0,5460.0,6229.0,1,digital,lima,0,0
SOL-002492,42,8.3,5830.0,8250.0,23965.0,1,presencial,trujillo,0,0
SOL-002493,50,8.4,2703.0,4849.0,8626.0,1,presencial,lima,0,0
SOL-002494,43,6.3,4447.0,12102.0,48.0,1,digital,trujillo,0,0
SOL-002495,52,6.8,8409.0,31700.0,3819.0,1,digital,arequipa,1,0
SOL-002496,43,5.6,5240.0,10808.0,1458.0,1,presencial,lima,0,0
SOL-002497,40,3.4,3664.0,14780.0,5778.0,1,presencial,lima,0,0
SOL-002498,58,2.3,6986.0,31175.0,5265.0,1,presencial,trujillo,1,0
SOL-002499,48,0.3,1505.0,4273.0,506.0,1,digital,arequipa,1,0
SOL-002500,38,2.5,8442.0,37783.0,3955.0,1,presencial,lima,0,0
SOL-002501,32,10.0,2587.0,8256.0,1410.0,1,presencial,lima,1,0
SOL-002502,47,11.1,8273.0,13127.0,14980.0,0,digital,arequipa,0,0
SOL-002503,19,6.6,1845.0,3215.0,154.0,0,digital,lima,1,0
SOL-002504,19,4.7,3780.0,11303.0,1281.0,1,digital,arequipa,0,0
SOL-002505,41,1.3,1701.0,7242.0,3040.0,1,presencial,arequipa,0,0
SOL-002506,44,4.9,3426.0,5842.0,8038.0,1,presencial,lima,0,0
SOL-002507,20,1.7,1528.0,4847.0,2101.0,1,digital,arequipa,0,0
SOL-002508,34,1.7,1266.0,4955.0,2001.0,0,digital,lima,1,1
SOL-002509,46,5.8,7164.0,31863.0,7685.0,1,presencial,trujillo,0,0
SOL-002510,38,8.1,2022.0,8522.0,2744.0,1,presencial,trujillo,0,0
SOL-002511,65,5.4,2612.0,4515.0,110.0,0,presencial,lima,0,0
SOL-002512,48,18.4,2458.0,4026.0,3218.0,0,presencial,lima,0,0
SOL-002513,55,6.2,6923.0,14097.0,2087.0,1,presencial,lima,0,0
SOL-002514,27,1.2,6497.0,14733.0,10358.0,1,presencial,trujillo,0,0
SOL-002515,27,14.8,7410.0,30262.0,5076.0,1,presencial,lima,1,0
SOL-002516,37,3.6,1780.0,6052.0,5151.0,1,digital,arequipa,1,0
SOL-002517,63,12.6,7722.0,33366.0,8669.0,1,presencial,trujillo,0,0
SOL-002518,32,1.8,2532.0,6832.0,673.0,0,presencial,lima,1,0
SOL-002519,45,2.9,2585.0,6906.0,402.0,1,presencial,arequipa,1,0
SOL-002520,29,2.4,2662.0,6034.0,823.0,1,presencial,lima,0,0
SOL-002521,35,9.8,2712.0,7475.0,2277.0,1,presencial,arequipa,1,0
SOL-002522,45,11.4,3651.0,14063.0,9950.0,1,presencial,lima,1,0
SOL-002523,38,7.5,2475.0,8810.0,1295.0,0,presencial,trujillo,1,1
SOL-002524,29,6.5,4317.0,16613.0,5444.0,1,presencial,lima,0,0
SOL-002525,19,0.2,690.0,2743.0,95.0,1,digital,lima,0,0
SOL-002526,22,3.2,4310.0,6091.0,6692.0,1,presencial,trujillo,0,0
SOL-002527,37,1.9,1520.0,3246.0,1100.0,1,digital,trujillo,0,1
SOL-002528,39,0.2,1892.0,6486.0,2354.0,0,digital,arequipa,0,0
SOL-002529,39,3.4,1916.0,5333.0,5950.0,0,digital,arequipa,1,0
SOL-002530,33,7.6,6251.0,11027.0,5978.0,0,presencial,lima,1,0
SOL-002531,54,9.2,4976.0,7966.0,838.0,1,presencial,arequipa,1,0
SOL-002532,51,8.0,3512.0,15187.0,3628.0,0,presencial,lima,1,0
SOL-002533,32,2.8,1847.0,7444.0,1840.0,1,digital,lima,1,0
SOL-002534,41,3.7,5751.0,13739.0,10473.0,1,presencial,trujillo,1,1
SOL-002535,25,3.0,6813.0,23040.0,6425.0,0,digital,arequipa,0,0
SOL-002536,45,4.9,3772.0,6997.0,11290.0,1,presencial,lima,0,0
SOL-002537,50,0.8,1167.0,2122.0,2213.0,1,digital,lima,1,0
SOL-002538,56,3.8,2656.0,6465.0,2566.0,1,presencial,trujillo,0,0
SOL-002539,40,3.4,5119.0,11630.0,4358.0,0,presencial,lima,0,0
SOL-002540,49,13.7,3041.0,13490.0,686.0,1,presencial,lima,0,0
SOL-002541,31,9.7,2449.0,3614.0,1437.0,1,presencial,lima,0,0
SOL-002542,51,7.6,2394.0,7413.0,212.0,0,presencial,lima,0,0
SOL-002543,34,2.7,4015.0,16252.0,2983.0,0,presencial,lima,0,0
SOL-002544,51,8.6,1724.0,2552.0,97.0,1,presencial,trujillo,0,0
SOL-002545,76,3.1,3759.0,11715.0,3721.0,1,presencial,lima,1,0
SOL-002546,37,8.6,4008.0,10333.0,791.0,0,presencial,lima,1,0
SOL-002547,64,2.9,2121.0,4389.0,2719.0,0,digital,arequipa,1,0
SOL-002548,48,10.7,2225.0,4738.0,2026.0,1,presencial,arequipa,1,0
SOL-002549,35,1.8,6500.0,25511.0,3064.0,1,presencial,arequipa,1,0
SOL-002550,34,8.4,1914.0,5435.0,241.0,1,presencial,arequipa,1,0
SOL-002551,69,11.3,4187.0,6457.0,3488.0,1,presencial,arequipa,1,0
SOL-002552,48,4.6,5588.0,14905.0,4285.0,1,presencial,arequipa,1,0
SOL-002553,37,4.4,4159.0,16353.0,16382.0,1,presencial,arequipa,1,0
SOL-002554,30,3.8,5082.0,17972.0,2809.0,0,digital,arequipa,0,0
SOL-002555,48,7.5,2121.0,9248.0,3629.0,1,presencial,arequipa,0,0
SOL-002556,32,2.0,1776.0,6743.0,666.0,1,digital,lima,1,0
SOL-002557,47,3.2,3011.0,5811.0,756.0,1,presencial,arequipa,1,0
SOL-002558,63,14.9,21187.0,34051.0,29525.0,1,presencial,arequipa,0,0
SOL-002559,31,4.3,4984.0,14124.0,2569.0,0,presencial,lima,1,0
SOL-002560,50,5.2,5494.0,15267.0,4448.0,0,presencial,trujillo,1,0
SOL-002561,42,3.9,5376.0,16654.0,56.0,1,presencial,lima,1,0
SOL-002562,27,6.3,2791.0,9719.0,1111.0,0,digital,lima,0,0
SOL-002563,44,1.8,4624.0,10119.0,2156.0,1,digital,trujillo,0,0
SOL-002564,27,4.9,1447.0,6459.0,310.0,1,presencial,lima,0,0
SOL-002565,19,10.0,4421.0,12970.0,2564.0,0,presencial,lima,0,0
SOL-002566,45,9.2,4782.0,17294.0,337.0,1,presencial,lima,1,0
SOL-002567,41,4.2,6501.0,17332.0,6436.0,1,presencial,trujillo,0,0
SOL-002568,28,5.5,2099.0,7392.0,1223.0,0,presencial,lima,1,1
SOL-002569,24,2.8,2181.0,9702.0,1172.0,1,presencial,arequipa,1,0
SOL-002570,53,3.9,1577.0,2959.0,2216.0,0,digital,arequipa,0,1
SOL-002571,48,16.6,5022.0,13817.0,1141.0,1,presencial,arequipa,0,0
SOL-002572,43,8.8,5060.0,18018.0,15640.0,1,presencial,trujillo,1,0
SOL-002573,56,1.2,1635.0,6632.0,356.0,0,digital,trujillo,1,0
SOL-002574,43,0.2,7250.0,24471.0,14004.0,0,digital,lima,1,0
SOL-002575,62,2.8,4442.0,9404.0,12036.0,0,presencial,trujillo,1,0
SOL-002576,30,2.1,4083.0,13882.0,147.0,0,presencial,lima,1,0
SOL-002577,19,3.3,2405.0,8010.0,826.0,0,digital,lima,1,0
SOL-002578,39,9.0,4347.0,6674.0,584.0,1,digital,lima,1,1
SOL-002579,48,4.9,4687.0,15380.0,6385.0,1,presencial,arequipa,1,0
SOL-002580,46,1.8,7158.0,21839.0,2912.0,1,digital,lima,1,0
SOL-002581,25,4.3,2036.0,4677.0,484.0,1,presencial,arequipa,0,0
SOL-002582,40,5.8,1199.0,2567.0,811.0,0,digital,lima,1,0
SOL-002583,54,6.0,2605.0,9848.0,2192.0,1,presencial,lima,1,0
SOL-002584,53,2.9,5104.0,8173.0,12273.0,1,presencial,lima,0,0
SOL-002585,39,8.9,3064.0,6992.0,7389.0,1,presencial,trujillo,0,0
SOL-002586,49,2.5,7413.0,26489.0,2450.0,1,presencial,lima,1,0
SOL-002587,34,5.7,3119.0,6389.0,289.0,0,presencial,lima,0,0
SOL-002588,40,3.9,6718.0,11854.0,7995.0,1,presencial,lima,1,0
SOL-002589,32,4.7,2485.0,11051.0,1610.0,1,presencial,lima,0,0
SOL-002590,35,2.5,7081.0,22330.0,18199.0,1,presencial,arequipa,1,0
SOL-002591,29,3.9,5460.0,12193.0,14423.0,0,digital,lima,0,1
SOL-002592,27,0.7,1997.0,3749.0,2522.0,1,digital,lima,0,1
SOL-002593,35,3.7,4937.0,7021.0,4720.0,0,presencial,trujillo,0,0
SOL-002594,29,4.5,4399.0,16383.0,4634.0,1,presencial,lima,0,0
SOL-002595,65,2.9,5007.0,12559.0,4682.0,0,presencial,lima,1,0
SOL-002596,26,10.1,5225.0,10466.0,5392.0,0,digital,arequipa,1,0
SOL-002597,47,3.7,6349.0,26672.0,3004.0,0,presencial,arequipa,1,0
SOL-002598,24,4.3,5001.0,17797.0,2070.0,1,presencial,arequipa,1,0
SOL-002599,47,3.8,3782.0,14796.0,1977.0,0,digital,lima,1,0
SOL-002600,34,0.3,1385.0,4754.0,5180.0,0,digital,lima,0,1
SOL-002601,38,1.3,3747.0,15894.0,43.0,1,presencial,lima,0,0
SOL-002602,27,2.9,1511.0,3729.0,621.0,0,digital,lima,0,0
SOL-002603,53,1.5,3792.0,7147.0,1945.0,0,presencial,lima,1,0
SOL-002604,19,5.0,4789.0,6804.0,5701.0,1,digital,trujillo,0,1
SOL-002605,34,6.8,3814.0,5739.0,1456.0,1,presencial,arequipa,0,0
SOL-002606,42,6.6,1040.0,4209.0,2890.0,0,presencial,lima,0,0
SOL-002607,42,8.4,2221.0,7343.0,4992.0,1,presencial,lima,1,0
SOL-002608,71,4.5,5178.0,7981.0,15045.0,0,presencial,arequipa,1,0
SOL-002609,28,10.3,2024.0,3503.0,1968.0,0,digital,lima,0,0
SOL-002610,54,6.1,5754.0,20480.0,14961.0,1,presencial,lima,0,0
SOL-002611,52,9.7,1430.0,3708.0,472.0,1,digital,lima,1,0
SOL-002612,39,6.6,3268.0,12421.0,2712.0,0,digital,arequipa,1,1
SOL-002613,36,4.6,4792.0,20622.0,198.0,0,presencial,arequipa,1,0
SOL-002614,19,4.5,4040.0,15124.0,5445.0,1,digital,lima,1,0
SOL-002615,51,7.4,2722.0,5343.0,3607.0,1,presencial,lima,0,0
SOL-002616,61,1.2,5742.0,19603.0,5653.0,0,presencial,arequipa,1,0
SOL-002617,49,1.9,8378.0,27191.0,5316.0,1,presencial,arequipa,1,0
SOL-002618,46,11.7,822.0,3311.0,1461.0,1,digital,arequipa,0,0
SOL-002619,61,5.7,2752.0,5561.0,6904.0,0,digital,lima,1,1
SOL-002620,41,8.2,1047.0,3799.0,4065.0,1,digital,arequipa,1,0
SOL-002621,20,2.8,1713.0,5583.0,2195.0,0,digital,trujillo,1,0
SOL-002622,33,9.9,1787.0,5147.0,1385.0,0,digital,arequipa,1,0
SOL-002623,58,4.6,3698.0,8514.0,1711.0,1,presencial,lima,0,0
SOL-002624,29,5.7,3261.0,4829.0,4724.0,1,digital,arequipa,0,0
SOL-002625,60,12.5,6128.0,23883.0,2002.0,1,presencial,lima,0,0
SOL-002626,42,7.9,4391.0,7610.0,5979.0,1,presencial,lima,1,0
SOL-002627,47,2.5,5433.0,13962.0,1855.0,1,presencial,lima,0,0
SOL-002628,39,4.8,2185.0,6420.0,1770.0,1,presencial,trujillo,1,0
SOL-002629,45,6.3,6631.0,16061.0,1873.0,1,presencial,lima,0,0
SOL-002630,45,7.6,690.0,2383.0,352.0,1,presencial,trujillo,1,0
SOL-002631,25,10.7,8467.0,20476.0,10484.0,1,presencial,lima,1,0
SOL-002632,38,7.6,7712.0,23140.0,15326.0,0,presencial,lima,1,0
SOL-002633,19,3.4,3957.0,6708.0,2392.0,1,digital,lima,0,0
SOL-002634,39,4.3,12198.0,33507.0,709.0,1,presencial,arequipa,0,0
SOL-002635,34,4.4,1498.0,4805.0,93.0,0,presencial,lima,1,0
SOL-002636,54,3.7,5741.0,23375.0,15304.0,1,presencial,lima,0,0
SOL-002637,54,3.6,4106.0,8060.0,23634.0,1,presencial,lima,0,0
SOL-002638,49,9.7,4346.0,10647.0,3295.0,0,presencial,lima,1,0
SOL-002639,19,4.1,1463.0,3224.0,102.0,0,digital,lima,1,1
SOL-002640,42,3.8,4700.0,8804.0,1164.0,0,presencial,lima,0,0
SOL-002641,19,3.7,3211.0,8334.0,675.0,0,digital,lima,1,0
SOL-002642,30,2.4,1872.0,7892.0,4789.0,0,digital,trujillo,0,0
SOL-002643,50,1.4,3693.0,9440.0,1956.0,0,presencial,lima,0,0
SOL-002644,43,6.1,1353.0,3036.0,12207.0,0,digital,lima,0,1
SOL-002645,48,10.1,3116.0,13617.0,628.0,1,presencial,lima,1,0
SOL-002646,46,7.4,4416.0,15977.0,1030.0,0,digital,lima,0,0
SOL-002647,35,7.1,4462.0,11360.0,2349.0,0,digital,arequipa,1,1
SOL-002648,29,0.8,3996.0,14877.0,1846.0,0,digital,lima,0,0
SOL-002649,42,9.8,4415.0,14920.0,9787.0,0,digital,lima,0,0
SOL-002650,42,1.9,4445.0,18002.0,3979.0,0,digital,arequipa,1,0
SOL-002651,26,0.5,1917.0,3343.0,2961.0,0,digital,lima,1,0
SOL-002652,47,0.8,4567.0,14037.0,5208.0,1,presencial,trujillo,1,0
SOL-002653,29,4.6,4715.0,16864.0,5371.0,0,digital,trujillo,1,0
SOL-002654,19,10.0,1308.0,5877.0,892.0,1,digital,lima,1,0
SOL-002655,48,10.6,1862.0,6080.0,4401.0,1,presencial,lima,1,1
SOL-002656,19,3.8,1267.0,2326.0,2470.0,1,digital,lima,1,0
SOL-002657,47,9.5,1512.0,6671.0,487.0,1,presencial,lima,0,0
SOL-002658,26,17.0,2216.0,6254.0,1202.0,0,presencial,lima,1,0
SOL-002659,35,4.1,2912.0,8484.0,806.0,1,presencial,arequipa,1,0
SOL-002660,38,7.1,8403.0,18358.0,7899.0,1,presencial,lima,1,0
SOL-002661,45,10.2,2134.0,8370.0,2673.0,1,digital,lima,1,0
SOL-002662,37,2.1,1740.0,5291.0,813.0,1,presencial,lima,1,0
SOL-002663,31,2.3,4173.0,18441.0,2311.0,1,presencial,trujillo,0,0
SOL-002664,47,12.9,3469.0,10438.0,1101.0,0,presencial,trujillo,1,0
SOL-002665,41,9.7,2549.0,4995.0,614.0,1,presencial,lima,1,0
SOL-002666,41,1.7,1973.0,7474.0,1046.0,1,digital,arequipa,1,0
SOL-002667,21,1.0,4667.0,8671.0,3278.0,0,digital,lima,1,0
SOL-002668,45,2.3,1839.0,4190.0,572.0,1,presencial,arequipa,0,0
SOL-002669,70,6.1,1610.0,6943.0,352.0,0,presencial,arequipa,1,1
SOL-002670,40,3.3,4879.0,21598.0,22673.0,1,presencial,trujillo,1,0
SOL-002671,45,3.4,2781.0,10589.0,1368.0,1,presencial,lima,1,0
SOL-002672,25,2.3,8580.0,17515.0,8805.0,1,presencial,lima,1,0
SOL-002673,34,5.5,3533.0,13072.0,5168.0,1,presencial,trujillo,1,0
SOL-002674,48,2.1,3633.0,11777.0,4138.0,1,presencial,lima,1,0
SOL-002675,39,7.8,5762.0,16047.0,9273.0,1,presencial,lima,0,0
SOL-002676,50,10.8,1604.0,4464.0,1526.0,1,presencial,arequipa,1,0
SOL-002677,48,6.2,4562.0,12794.0,452.0,1,presencial,arequipa,0,0
SOL-002678,19,8.1,2215.0,5314.0,2217.0,1,digital,arequipa,0,1
SOL-002679,43,3.2,4570.0,14020.0,2741.0,1,digital,arequipa,1,0
SOL-002680,29,3.0,2734.0,4137.0,805.0,1,presencial,arequipa,0,0
SOL-002681,24,2.6,2937.0,11837.0,10622.0,1,digital,lima,0,0
SOL-002682,35,0.2,2223.0,9294.0,125.0,0,digital,arequipa,0,1
SOL-002683,60,3.5,4744.0,12389.0,6220.0,1,presencial,arequipa,0,0
SOL-002684,32,4.7,3359.0,14580.0,4176.0,1,presencial,trujillo,0,0
SOL-002685,45,5.4,4387.0,16697.0,12853.0,0,presencial,lima,1,0
SOL-002686,34,8.3,6668.0,26862.0,7408.0,1,digital,lima,0,0
SOL-002687,50,12.0,3299.0,13734.0,1452.0,1,presencial,arequipa,1,0
SOL-002688,45,4.5,3304.0,8111.0,159.0,0,digital,lima,1,0
SOL-002689,39,2.5,12569.0,49263.0,858.0,1,presencial,lima,0,0
SOL-002690,54,2.5,4688.0,8672.0,2354.0,1,presencial,trujillo,0,0
SOL-002691,47,1.9,756.0,3348.0,1927.0,0,digital,lima,0,1
SOL-002692,63,3.1,2707.0,8785.0,249.0,1,presencial,lima,1,0
SOL-002693,38,4.6,1433.0,5090.0,1396.0,1,digital,lima,0,0
SOL-002694,34,1.0,4328.0,10170.0,10138.0,0,digital,lima,1,0
SOL-002695,27,10.6,2552.0,3825.0,8633.0,1,digital,arequipa,0,0
SOL-002696,27,8.9,6654.0,12680.0,4299.0,1,presencial,lima,0,0
SOL-002697,29,8.5,3682.0,6776.0,7645.0,1,digital,lima,1,0
SOL-002698,44,3.4,5249.0,14548.0,2614.0,1,presencial,lima,0,0
SOL-002699,42,2.6,2026.0,4674.0,2726.0,0,presencial,lima,1,0
SOL-002700,39,1.7,3484.0,15077.0,4817.0,0,digital,lima,1,0
SOL-002701,19,4.0,5453.0,21860.0,1488.0,1,digital,lima,0,0
SOL-002702,41,5.2,1804.0,5545.0,1706.0,1,presencial,lima,0,0
SOL-002703,65,11.5,3246.0,13122.0,5785.0,1,presencial,lima,0,0
SOL-002704,43,11.1,3222.0,10355.0,7061.0,0,digital,lima,1,0
SOL-002705,39,4.2,2819.0,11987.0,3373.0,0,digital,lima,1,0
SOL-002706,47,1.9,8079.0,29973.0,13589.0,0,presencial,lima,1,0
SOL-002707,28,2.7,3913.0,14396.0,1388.0,0,digital,lima,1,0
SOL-002708,24,21.7,4728.0,10648.0,11110.0,0,presencial,lima,1,0
SOL-002709,48,2.0,5856.0,22621.0,11202.0,1,presencial,lima,1,0
SOL-002710,19,6.3,5695.0,21609.0,8414.0,1,presencial,lima,0,0
SOL-002711,28,1.7,2737.0,4519.0,1073.0,0,digital,arequipa,1,1
SOL-002712,43,15.9,3183.0,5027.0,2758.0,0,presencial,lima,0,0
SOL-002713,38,6.7,6406.0,26469.0,3785.0,1,presencial,arequipa,0,0
SOL-002714,67,3.3,2601.0,11534.0,1676.0,1,presencial,arequipa,1,0
SOL-002715,52,2.3,2581.0,8451.0,4132.0,0,digital,lima,1,0
SOL-002716,54,1.2,2097.0,4046.0,3096.0,1,presencial,lima,1,0
SOL-002717,33,6.3,5600.0,15152.0,162.0,1,presencial,lima,1,0
SOL-002718,53,4.8,5086.0,7452.0,1942.0,1,digital,lima,0,0
SOL-002719,50,1.9,2353.0,9288.0,2923.0,1,presencial,lima,1,0
SOL-002720,33,7.7,3533.0,6076.0,2349.0,1,presencial,lima,1,0
SOL-002721,43,12.6,2982.0,7273.0,547.0,1,presencial,trujillo,0,0
SOL-002722,43,0.7,4687.0,14738.0,9984.0,1,digital,lima,1,1
SOL-002723,36,7.6,7997.0,28501.0,72690.0,1,presencial,arequipa,0,0
SOL-002724,45,7.7,2984.0,12568.0,545.0,1,presencial,arequipa,0,0
SOL-002725,46,5.8,767.0,2077.0,27.0,1,presencial,lima,1,0
SOL-002726,20,4.5,4879.0,9720.0,15633.0,0,digital,trujillo,0,0
SOL-002727,29,2.2,2743.0,4766.0,873.0,1,digital,trujillo,1,0
SOL-002728,32,1.1,3926.0,13511.0,6667.0,0,presencial,lima,1,1
SOL-002729,53,6.6,6318.0,11368.0,1952.0,1,presencial,lima,0,0
SOL-002730,22,7.2,2217.0,7628.0,8410.0,0,digital,lima,1,0
SOL-002731,46,2.7,2758.0,7762.0,5055.0,0,presencial,lima,0,0
SOL-002732,28,3.3,3181.0,8561.0,1000.0,0,presencial,lima,1,1
SOL-002733,31,3.0,4936.0,10903.0,1238.0,1,presencial,lima,1,0
SOL-002734,30,6.9,6045.0,25362.0,1737.0,1,presencial,lima,0,0
SOL-002735,40,6.3,8948.0,32393.0,4491.0,1,presencial,arequipa,0,0
SOL-002736,45,2.8,4721.0,14288.0,10452.0,0,presencial,lima,1,0
SOL-002737,47,5.2,3550.0,9634.0,169.0,1,presencial,lima,0,0
SOL-002738,24,5.3,6068.0,15275.0,2319.0,0,presencial,lima,1,0
SOL-002739,30,5.1,1617.0,4265.0,3022.0,0,digital,arequipa,1,0
SOL-002740,35,4.1,8007.0,32399.0,15352.0,1,presencial,arequipa,0,0
SOL-002741,49,10.4,4272.0,11562.0,10337.0,1,presencial,lima,0,0
SOL-002742,29,5.1,2379.0,3363.0,285.0,0,digital,arequipa,1,0
SOL-002743,42,10.3,2314.0,9862.0,1445.0,1,presencial,lima,0,0
SOL-002744,24,5.0,3712.0,12019.0,1302.0,1,digital,arequipa,1,0
SOL-002745,62,7.0,3308.0,6330.0,11421.0,1,presencial,arequipa,0,0
SOL-002746,19,0.2,2551.0,4572.0,2434.0,0,digital,lima,0,1
SOL-002747,39,6.3,1605.0,4121.0,411.0,0,presencial,arequipa,1,0
SOL-002748,44,5.1,3053.0,10069.0,10022.0,1,presencial,trujillo,1,0
SOL-002749,40,10.9,2848.0,12279.0,2029.0,0,presencial,arequipa,0,0
SOL-002750,35,10.0,4758.0,7464.0,4429.0,1,presencial,lima,0,1
SOL-002751,23,11.6,3330.0,8304.0,13117.0,1,presencial,arequipa,1,1
SOL-002752,24,1.8,676.0,1485.0,676.0,0,digital,lima,1,0
SOL-002753,21,3.7,2159.0,5842.0,5648.0,1,digital,arequipa,1,0
SOL-002754,61,12.3,1797.0,6928.0,922.0,1,presencial,trujillo,0,0
SOL-002755,57,1.7,1558.0,2947.0,2765.0,1,digital,lima,0,0
SOL-002756,31,9.3,4516.0,19412.0,4852.0,0,digital,lima,0,0
SOL-002757,19,8.6,1113.0,2443.0,2312.0,1,digital,lima,1,0
SOL-002758,40,3.6,3123.0,11659.0,2968.0,0,digital,lima,0,0
SOL-002759,21,12.5,2058.0,6961.0,1898.0,0,digital,lima,1,0
SOL-002760,37,10.5,2660.0,8241.0,6656.0,1,presencial,lima,1,0
SOL-002761,36,2.1,2300.0,9237.0,865.0,1,presencial,arequipa,1,1
SOL-002762,26,11.2,3164.0,10385.0,1379.0,1,digital,lima,1,0
SOL-002763,39,5.2,4791.0,18329.0,21382.0,1,presencial,lima,1,0
SOL-002764,29,6.9,1561.0,5036.0,544.0,1,presencial,arequipa,1,0
SOL-002765,35,6.9,6962.0,25296.0,3754.0,1,presencial,lima,1,0
SOL-002766,43,6.4,1446.0,2237.0,509.0,0,digital,lima,0,0
SOL-002767,43,12.4,4685.0,15928.0,2134.0,0,presencial,arequipa,1,0
SOL-002768,33,5.2,1450.0,6026.0,154.0,0,digital,trujillo,1,0
SOL-002769,19,3.4,2110.0,7208.0,3092.0,0,digital,arequipa,1,0
SOL-002770,42,1.2,1378.0,5424.0,2366.0,0,digital,lima,1,1
SOL-002771,35,3.9,2908.0,13005.0,53.0,1,presencial,lima,1,0
SOL-002772,44,8.5,2413.0,4547.0,1396.0,1,digital,trujillo,0,0
SOL-002773,34,9.8,1474.0,5212.0,827.0,0,digital,arequipa,1,0
SOL-002774,37,4.3,4508.0,18850.0,874.0,1,presencial,arequipa,1,0
SOL-002775,19,7.3,3378.0,5030.0,625.0,1,digital,arequipa,0,0
SOL-002776,67,3.7,15633.0,30302.0,8573.0,0,presencial,lima,1,1
SOL-002777,52,1.3,6204.0,13487.0,15308.0,1,presencial,lima,0,0
SOL-002778,52,1.9,7057.0,29137.0,7876.0,1,presencial,arequipa,1,0
SOL-002779,63,10.6,1526.0,6759.0,1764.0,1,presencial,trujillo,0,0
SOL-002780,45,1.4,1382.0,5848.0,571.0,1,presencial,lima,1,0
SOL-002781,58,8.5,3280.0,9412.0,650.0,1,presencial,arequipa,1,0
SOL-002782,38,6.5,9693.0,33632.0,38134.0,1,presencial,lima,0,0
SOL-002783,51,11.0,13859.0,23869.0,32861.0,1,presencial,trujillo,0,0
SOL-002784,36,6.1,2677.0,11873.0,6013.0,1,presencial,lima,0,1
SOL-002785,37,7.5,2822.0,12209.0,3298.0,1,presencial,arequipa,1,0
SOL-002786,33,4.8,3555.0,11549.0,7270.0,1,digital,lima,1,0
SOL-002787,19,5.3,2418.0,4458.0,3846.0,0,digital,arequipa,0,0
SOL-002788,47,5.4,3500.0,15180.0,899.0,1,presencial,arequipa,0,0
SOL-002789,29,6.0,3727.0,15568.0,15025.0,0,digital,lima,1,1
SOL-002790,21,4.6,15710.0,70241.0,32604.0,1,presencial,trujillo,1,0
SOL-002791,27,8.1,5280.0,15705.0,3785.0,0,digital,trujillo,0,0
SOL-002792,39,6.0,10117.0,25083.0,1689.0,1,presencial,trujillo,0,0
SOL-002793,41,7.6,1027.0,2639.0,190.0,0,digital,lima,0,0
SOL-002794,35,1.8,4685.0,13779.0,5490.0,0,digital,arequipa,0,1
SOL-002795,48,2.7,1635.0,6913.0,1270.0,0,digital,arequipa,1,0
SOL-002796,49,1.9,9152.0,16464.0,4121.0,1,presencial,arequipa,0,0
SOL-002797,37,7.0,7753.0,26441.0,8785.0,1,presencial,lima,1,0
SOL-002798,42,6.8,5240.0,22202.0,4565.0,1,presencial,arequipa,1,0
SOL-002799,28,2.3,1821.0,4095.0,1228.0,1,digital,lima,0,0
SOL-002800,37,4.0,2083.0,6308.0,425.0,1,digital,lima,1,0
SOL-002801,33,1.1,2173.0,8394.0,1888.0,0,digital,lima,1,1
SOL-002802,36,10.2,5690.0,17046.0,15828.0,1,presencial,lima,0,0
SOL-002803,43,10.0,4722.0,14332.0,820.0,1,presencial,lima,1,0
SOL-002804,48,5.4,8010.0,30250.0,20989.0,1,presencial,lima,1,0
SOL-002805,32,4.8,8845.0,16899.0,24029.0,1,presencial,arequipa,0,0
SOL-002806,46,1.6,2466.0,8918.0,2616.0,0,presencial,lima,0,0
SOL-002807,26,9.1,4901.0,20746.0,5210.0,1,presencial,lima,1,1
SOL-002808,44,1.5,3409.0,5849.0,3253.0,1,digital,arequipa,1,0
SOL-002809,49,9.5,3643.0,5780.0,4690.0,1,presencial,trujillo,0,0
SOL-002810,61,1.9,6246.0,10438.0,3593.0,1,presencial,trujillo,1,0
SOL-002811,31,2.6,4941.0,18182.0,7632.0,1,presencial,trujillo,0,0
SOL-002812,44,0.6,1987.0,5192.0,10061.0,0,digital,trujillo,1,1
SOL-002813,42,1.4,2488.0,7066.0,4522.0,1,digital,arequipa,0,0
SOL-002814,41,19.3,3192.0,11676.0,3631.0,0,presencial,trujillo,1,0
SOL-002815,39,5.0,2622.0,7923.0,4620.0,1,presencial,trujillo,1,0
SOL-002816,31,8.2,3662.0,11940.0,3520.0,1,presencial,lima,1,0
SOL-002817,28,2.6,1950.0,7872.0,3217.0,1,presencial,trujillo,0,0
SOL-002818,35,3.4,4897.0,13706.0,4697.0,1,presencial,arequipa,0,0
SOL-002819,29,15.1,7944.0,32665.0,4716.0,1,presencial,arequipa,1,0
SOL-002820,50,3.6,2751.0,8313.0,3839.0,0,digital,trujillo,1,0
SOL-002821,26,6.1,6261.0,16565.0,7244.0,1,presencial,lima,1,0
SOL-002822,34,5.7,2905.0,6418.0,4401.0,0,digital,lima,1,0
SOL-002823,48,13.9,2250.0,8244.0,1111.0,1,presencial,arequipa,1,0
SOL-002824,36,0.2,7608.0,25320.0,495.0,1,digital,arequipa,0,0
SOL-002825,37,9.0,760.0,2968.0,825.0,1,digital,trujillo,1,0
SOL-002826,42,10.3,2694.0,8337.0,4668.0,0,digital,trujillo,0,1
SOL-002827,38,7.8,2567.0,10492.0,10302.0,1,presencial,arequipa,0,1
SOL-002828,44,4.6,8712.0,19960.0,11867.0,0,presencial,trujillo,1,0
SOL-002829,29,5.1,2998.0,10986.0,927.0,1,digital,lima,1,0
SOL-002830,46,0.8,10119.0,26505.0,25332.0,1,digital,trujillo,0,0
SOL-002831,66,1.2,3900.0,6837.0,3939.0,0,presencial,lima,1,0
SOL-002832,30,6.2,2577.0,7828.0,6518.0,1,presencial,arequipa,1,0
SOL-002833,21,0.4,1573.0,3330.0,745.0,1,presencial,lima,0,0
SOL-002834,38,2.2,4764.0,7581.0,3788.0,0,digital,arequipa,1,0
SOL-002835,44,1.1,1736.0,4385.0,3198.0,0,digital,lima,0,0
SOL-002836,65,4.5,3077.0,13632.0,6296.0,0,presencial,lima,1,0
SOL-002837,51,4.8,7249.0,30241.0,9133.0,0,presencial,arequipa,0,0
SOL-002838,58,2.2,6619.0,29371.0,9808.0,0,presencial,arequipa,1,0
SOL-002839,61,7.5,2788.0,4150.0,5575.0,0,presencial,lima,1,0
SOL-002840,59,11.5,3023.0,5665.0,2701.0,1,presencial,arequipa,1,0
SOL-002841,42,0.8,1075.0,2288.0,1097.0,0,digital,lima,1,0
SOL-002842,29,2.3,1314.0,4841.0,5170.0,1,presencial,lima,1,1
SOL-002843,43,5.3,5694.0,25237.0,2792.0,1,presencial,lima,1,0
SOL-002844,46,1.2,6030.0,16038.0,794.0,1,presencial,arequipa,0,0
SOL-002845,42,5.4,4609.0,14791.0,4738.0,1,presencial,arequipa,1,0
SOL-002846,43,10.6,4219.0,7063.0,4227.0,0,presencial,arequipa,1,0
SOL-002847,60,2.3,2651.0,8882.0,545.0,0,presencial,trujillo,1,0
SOL-002848,35,13.4,8213.0,34412.0,7717.0,1,presencial,arequipa,1,1
SOL-002849,41,2.5,1060.0,3650.0,141.0,1,digital,arequipa,1,0
SOL-002850,46,4.5,3000.0,10276.0,1339.0,0,presencial,trujillo,1,0
SOL-002851,34,3.6,4161.0,12113.0,5613.0,0,presencial,lima,0,0
SOL-002852,31,8.8,3827.0,10696.0,559.0,1,presencial,lima,0,0
SOL-002853,19,4.2,2676.0,6814.0,1858.0,0,digital,lima,0,0
SOL-002854,48,4.3,2922.0,11520.0,93.0,1,presencial,arequipa,1,0
SOL-002855,31,1.5,3550.0,12065.0,1778.0,0,digital,lima,0,0
SOL-002856,23,4.9,1424.0,3316.0,3555.0,1,digital,lima,1,0
SOL-002857,19,10.4,2486.0,7471.0,13409.0,0,digital,trujillo,1,1
SOL-002858,48,4.5,4791.0,8426.0,3723.0,1,presencial,trujillo,1,0
SOL-002859,30,4.1,2254.0,3475.0,2919.0,0,digital,lima,1,1
SOL-002860,35,1.7,3837.0,6993.0,844.0,1,presencial,lima,1,0
SOL-002861,32,5.7,4282.0,17511.0,5250.0,1,presencial,lima,1,0
SOL-002862,40,19.5,1532.0,3366.0,4392.0,1,presencial,lima,0,0
SOL-002863,48,2.1,1608.0,7052.0,1515.0,1,presencial,trujillo,1,0
SOL-002864,39,6.8,4104.0,10049.0,9198.0,1,presencial,arequipa,1,0
SOL-002865,30,3.7,2790.0,7450.0,1246.0,0,presencial,lima,1,0
SOL-002866,42,1.6,2879.0,11278.0,203.0,1,presencial,lima,1,0
SOL-002867,55,4.1,5146.0,10777.0,3209.0,1,presencial,lima,1,0
SOL-002868,43,16.8,2289.0,9658.0,983.0,0,presencial,lima,1,0
SOL-002869,33,5.1,764.0,2617.0,1617.0,1,digital,lima,1,0
SOL-002870,39,6.3,9060.0,14429.0,19445.0,1,presencial,arequipa,1,0
SOL-002871,33,2.3,7180.0,31344.0,1426.0,1,presencial,lima,1,0
SOL-002872,33,10.1,7133.0,16343.0,10068.0,1,presencial,trujillo,0,0
SOL-002873,25,12.5,2137.0,4528.0,3837.0,1,presencial,lima,0,0
SOL-002874,56,12.2,3677.0,15386.0,1932.0,1,presencial,arequipa,0,0
SOL-002875,48,9.7,1979.0,4767.0,2031.0,1,presencial,lima,1,0
SOL-002876,44,2.9,3710.0,13505.0,5983.0,0,presencial,lima,0,0
SOL-002877,46,2.4,3194.0,4810.0,7443.0,1,presencial,trujillo,0,0
SOL-002878,47,1.1,2185.0,9298.0,2297.0,0,presencial,arequipa,1,1
SOL-002879,35,2.6,4973.0,13271.0,6616.0,1,presencial,lima,1,0
SOL-002880,39,6.6,3346.0,6537.0,5943.0,0,presencial,lima,0,1
SOL-002881,38,2.6,9375.0,41642.0,1867.0,1,presencial,arequipa,1,0
SOL-002882,71,10.4,4002.0,14805.0,65.0,0,presencial,trujillo,0,0
SOL-002883,54,11.4,1017.0,3925.0,1596.0,1,presencial,arequipa,1,0
SOL-002884,45,11.0,1492.0,4405.0,1613.0,1,presencial,lima,1,0
SOL-002885,58,1.3,11381.0,40224.0,1962.0,0,presencial,lima,0,0
SOL-002886,57,6.3,3176.0,7310.0,5301.0,0,presencial,lima,0,0
SOL-002887,28,5.8,4336.0,13034.0,721.0,1,presencial,lima,1,0
SOL-002888,30,9.2,2693.0,6948.0,2684.0,1,digital,arequipa,0,0
SOL-002889,43,1.6,7994.0,21727.0,12771.0,1,presencial,arequipa,0,0
SOL-002890,50,5.8,1420.0,2007.0,3047.0,1,presencial,lima,1,0
SOL-002891,41,1.6,7640.0,29900.0,4771.0,1,presencial,arequipa,0,0
SOL-002892,31,8.2,5160.0,10710.0,10434.0,0,digital,arequipa,1,0
SOL-002893,38,0.6,3840.0,11013.0,2767.0,1,presencial,arequipa,1,0
SOL-002894,55,16.6,4745.0,16336.0,1454.0,1,presencial,lima,0,0
SOL-002895,19,6.0,2210.0,3330.0,983.0,0,digital,lima,1,0
SOL-002896,38,5.3,1593.0,3921.0,853.0,1,presencial,lima,0,0
SOL-002897,19,1.8,3623.0,8035.0,6385.0,0,digital,lima,1,0
SOL-002898,32,11.1,4351.0,7883.0,5603.0,0,presencial,lima,1,0
SOL-002899,46,1.6,4399.0,17251.0,1987.0,1,presencial,lima,1,0
SOL-002900,47,0.6,4919.0,15146.0,6810.0,0,presencial,lima,0,0
SOL-002901,40,7.3,2795.0,7866.0,452.0,0,presencial,lima,0,0
SOL-002902,44,3.4,5824.0,10546.0,8380.0,0,digital,trujillo,1,0
SOL-002903,58,6.6,3844.0,11508.0,6503.0,1,presencial,arequipa,1,1
SOL-002904,31,4.4,3551.0,7915.0,432.0,0,digital,lima,1,0
SOL-002905,46,8.0,3323.0,5956.0,6250.0,1,presencial,trujillo,1,0
SOL-002906,38,5.3,6609.0,20046.0,4825.0,1,presencial,lima,0,0
SOL-002907,39,2.5,2828.0,9936.0,2077.0,1,digital,lima,1,0
SOL-002908,30,5.4,3662.0,5771.0,452.0,0,presencial,trujillo,1,0
SOL-002909,52,7.2,5020.0,7903.0,10975.0,0,digital,lima,1,0
SOL-002910,56,9.2,1563.0,5767.0,3440.0,1,presencial,lima,0,0
SOL-002911,19,5.2,2316.0,4727.0,7378.0,1,digital,lima,1,1
SOL-002912,34,0.8,2783.0,5222.0,6669.0,1,presencial,lima,1,0
SOL-002913,48,6.3,4649.0,20375.0,4974.0,1,presencial,arequipa,0,0
SOL-002914,28,0.2,3158.0,6183.0,3816.0,0,digital,lima,1,0
SOL-002915,49,9.5,3804.0,13399.0,38.0,1,presencial,lima,1,0
SOL-002916,39,8.7,2640.0,10366.0,2083.0,1,presencial,lima,1,0
SOL-002917,60,2.7,3780.0,9145.0,2878.0,1,presencial,lima,0,0
SOL-002918,32,6.2,3170.0,8989.0,912.0,0,digital,lima,1,0
SOL-002919,70,5.7,3488.0,10875.0,2868.0,1,presencial,trujillo,0,0
SOL-002920,39,1.6,4766.0,9636.0,1726.0,0,digital,arequipa,1,1
SOL-002921,19,6.1,3683.0,8536.0,8151.0,0,digital,lima,1,1
SOL-002922,66,13.1,3866.0,16955.0,3766.0,1,presencial,arequipa,0,0
SOL-002923,55,3.9,1130.0,2540.0,474.0,1,presencial,lima,1,0
SOL-002924,36,5.2,2392.0,9372.0,5287.0,0,digital,lima,1,0
SOL-002925,50,2.6,5312.0,16249.0,843.0,0,presencial,lima,1,0
SOL-002926,30,3.4,3310.0,11260.0,14286.0,1,presencial,lima,0,0
SOL-002927,19,3.8,3137.0,8838.0,3482.0,0,digital,arequipa,1,1
SOL-002928,43,3.0,3406.0,10980.0,2625.0,1,presencial,trujillo,0,1
SOL-002929,58,2.9,4320.0,13281.0,14651.0,1,presencial,lima,1,0
SOL-002930,36,0.7,5552.0,16067.0,10769.0,1,digital,lima,1,0
SOL-002931,62,11.3,5762.0,22407.0,4859.0,1,presencial,arequipa,1,0
SOL-002932,58,8.9,1951.0,8055.0,2065.0,1,presencial,lima,1,0
SOL-002933,43,5.3,1616.0,3543.0,3253.0,1,presencial,lima,0,0
SOL-002934,45,7.7,3373.0,6143.0,607.0,0,digital,trujillo,1,0
SOL-002935,49,8.2,4918.0,19253.0,10579.0,0,digital,trujillo,0,0
SOL-002936,42,4.8,1614.0,3320.0,390.0,0,presencial,trujillo,1,0
SOL-002937,41,2.5,3432.0,14021.0,2710.0,1,presencial,lima,1,0
SOL-002938,45,6.9,13149.0,22591.0,11081.0,1,presencial,lima,1,0
SOL-002939,19,11.4,3329.0,5600.0,2560.0,1,presencial,lima,0,0
SOL-002940,46,8.5,14235.0,27945.0,26846.0,1,presencial,trujillo,1,0
SOL-002941,40,11.1,1746.0,2509.0,4117.0,0,digital,lima,1,0
SOL-002942,45,9.7,2734.0,10164.0,13652.0,0,presencial,lima,0,1
SOL-002943,36,16.1,1859.0,4891.0,13205.0,0,digital,lima,1,1
SOL-002944,43,7.1,1968.0,8522.0,4762.0,0,presencial,arequipa,1,0
SOL-002945,21,4.4,1588.0,4022.0,432.0,1,presencial,arequipa,0,0
SOL-002946,61,8.9,3412.0,12213.0,2424.0,1,presencial,arequipa,1,0
SOL-002947,39,11.7,4127.0,14518.0,3136.0,1,presencial,lima,1,0
SOL-002948,25,4.7,1846.0,4443.0,771.0,0,digital,arequipa,1,0
SOL-002949,47,8.3,2092.0,8718.0,753.0,1,digital,lima,0,0
SOL-002950,43,2.5,5683.0,14966.0,1007.0,0,digital,lima,1,0
SOL-002951,46,9.7,6344.0,19725.0,6728.0,1,presencial,lima,0,0
SOL-002952,40,21.1,2342.0,6170.0,2187.0,1,digital,lima,0,0
SOL-002953,30,4.1,4786.0,13159.0,2501.0,0,presencial,lima,1,0
SOL-002954,31,5.0,1144.0,1796.0,1521.0,1,digital,trujillo,1,0
SOL-002955,57,8.1,4404.0,10401.0,8906.0,1,presencial,lima,0,0
SOL-002956,36,5.2,3705.0,16079.0,2647.0,1,presencial,lima,1,0
SOL-002957,32,4.3,3151.0,12533.0,2913.0,1,presencial,arequipa,1,0
SOL-002958,44,5.8,3893.0,16072.0,729.0,1,presencial,arequipa,1,0
SOL-002959,44,10.7,3580.0,12923.0,16218.0,1,presencial,lima,0,0
SOL-002960,39,0.2,1353.0,4634.0,414.0,0,digital,arequipa,1,0
SOL-002961,19,1.4,6418.0,26863.0,3938.0,0,digital,lima,1,0
SOL-002962,19,3.5,4393.0,13475.0,7376.0,0,digital,lima,1,0
SOL-002963,53,10.0,3129.0,13265.0,3548.0,1,presencial,arequipa,1,0
SOL-002964,31,5.8,1532.0,4117.0,3781.0,1,presencial,arequipa,0,0
SOL-002965,36,3.6,1067.0,3471.0,434.0,1,presencial,lima,1,0
SOL-002966,19,13.5,10856.0,31072.0,13422.0,1,presencial,lima,0,0
SOL-002967,54,6.5,3497.0,5102.0,7766.0,1,presencial,lima,0,0
SOL-002968,47,4.3,5692.0,11479.0,3819.0,1,presencial,lima,1,0
SOL-002969,46,8.1,2337.0,9994.0,127.0,1,presencial,trujillo,0,0
SOL-002970,46,7.8,3262.0,10615.0,407.0,1,presencial,lima,0,0
SOL-002971,20,6.6,3350.0,5174.0,4105.0,0,presencial,trujillo,0,0
SOL-002972,32,3.5,4340.0,19089.0,1988.0,1,presencial,lima,0,0
SOL-002973,38,9.9,4011.0,17154.0,5352.0,1,presencial,trujillo,1,0
SOL-002974,24,13.3,1659.0,5984.0,2156.0,0,digital,lima,0,0
SOL-002975,40,7.3,2357.0,5369.0,2611.0,1,presencial,lima,1,0
SOL-002976,35,0.3,2568.0,5943.0,3507.0,1,digital,lima,0,0
SOL-002977,54,19.4,1537.0,6274.0,1201.0,1,presencial,lima,1,0
SOL-002978,19,6.4,1746.0,2772.0,765.0,0,digital,trujillo,1,1
SOL-002979,32,1.1,2473.0,5282.0,3003.0,1,digital,arequipa,0,0
SOL-002980,40,8.0,3295.0,6313.0,1427.0,0,digital,arequipa,1,0
SOL-002981,33,11.4,8365.0,30286.0,9599.0,1,presencial,lima,1,0
SOL-002982,41,5.9,2988.0,7719.0,5391.0,1,presencial,arequipa,0,0
SOL-002983,48,1.4,3900.0,16534.0,9624.0,1,presencial,arequipa,0,1
SOL-002984,43,6.8,1449.0,5635.0,3053.0,1,presencial,trujillo,0,1
SOL-002985,50,2.7,4556.0,20285.0,7085.0,0,presencial,arequipa,0,1
SOL-002986,44,8.2,2385.0,5550.0,2511.0,1,presencial,arequipa,0,0
SOL-002987,40,3.6,3261.0,9366.0,1851.0,0,presencial,lima,0,0
SOL-002988,30,7.6,4902.0,16889.0,5940.0,0,presencial,trujillo,1,0
SOL-002989,46,4.4,5010.0,22153.0,15059.0,1,presencial,lima,1,0
SOL-002990,44,7.0,1797.0,4436.0,1199.0,1,presencial,lima,0,0
SOL-002991,21,8.2,4066.0,9812.0,14532.0,0,digital,trujillo,0,0
SOL-002992,38,8.3,2626.0,8779.0,3306.0,0,digital,lima,1,0
SOL-002993,57,3.2,7398.0,25615.0,19008.0,1,presencial,lima,1,0
SOL-002994,36,4.7,8185.0,16253.0,3885.0,0,presencial,lima,1,0
SOL-002995,35,4.9,8824.0,24785.0,3642.0,1,presencial,lima,0,0
SOL-002996,35,6.7,1825.0,4690.0,311.0,1,presencial,trujillo,0,0
SOL-002997,25,11.9,4718.0,12765.0,14056.0,1,presencial,trujillo,0,0
SOL-002998,65,5.3,1685.0,3093.0,2113.0,0,presencial,lima,1,1
SOL-002999,27,6.1,5272.0,17974.0,9405.0,0,digital,trujillo,1,0
SOL-003000,34,5.1,8109.0,16067.0,7929.0,0,presencial,arequipa,0,0
SOL-003001,20,2.0,4456.0,6589.0,4736.0,0,digital,trujillo,1,1
SOL-003002,39,1.8,3069.0,9015.0,411.0,1,presencial,lima,1,0
SOL-003003,35,4.2,5080.0,7720.0,6476.0,1,presencial,lima,1,0
SOL-003004,48,0.8,2011.0,6968.0,3942.0,1,digital,lima,0,0
SOL-003005,29,2.5,3855.0,12500.0,132.0,1,presencial,lima,1,0
SOL-003006,19,5.5,2554.0,8063.0,1469.0,0,digital,arequipa,1,1
SOL-003007,49,7.6,1354.0,2295.0,488.0,1,presencial,lima,1,1
SOL-003008,42,10.2,2513.0,4483.0,3842.0,1,presencial,lima,0,0
SOL-003009,41,1.2,12467.0,43169.0,18144.0,1,presencial,arequipa,1,1
SOL-003010,38,7.6,2561.0,3841.0,4544.0,1,digital,lima,1,0
SOL-003011,45,0.5,4160.0,7319.0,4133.0,0,presencial,lima,1,0
SOL-003012,31,2.0,2667.0,10048.0,159.0,1,digital,arequipa,1,0
SOL-003013,19,3.5,2164.0,4150.0,2604.0,0,digital,trujillo,0,0
SOL-003014,19,2.0,2730.0,8017.0,398.0,0,digital,lima,0,0
SOL-003015,35,5.6,3098.0,5283.0,4431.0,0,presencial,trujillo,1,0
SOL-003016,20,4.9,817.0,1739.0,126.0,0,digital,trujillo,0,0
SOL-003017,35,0.2,4033.0,16640.0,1085.0,0,digital,arequipa,1,0
SOL-003018,23,7.8,8855.0,33073.0,20837.0,1,presencial,lima,0,0
SOL-003019,38,4.0,2089.0,4145.0,1672.0,1,presencial,arequipa,1,0
SOL-003020,41,9.0,3088.0,6377.0,2563.0,0,presencial,trujillo,1,0
SOL-003021,43,9.2,8350.0,23954.0,2158.0,1,presencial,lima,0,0
SOL-003022,36,4.5,1794.0,6028.0,3854.0,1,digital,trujillo,0,0
SOL-003023,39,9.9,4683.0,15010.0,5944.0,0,presencial,trujillo,0,0
SOL-003024,36,3.0,30000.0,68473.0,35492.0,0,presencial,lima,0,0
SOL-003025,57,3.6,5318.0,23053.0,1099.0,1,presencial,arequipa,0,0
SOL-003026,39,1.2,3967.0,15824.0,3919.0,1,presencial,lima,0,0
SOL-003027,59,8.0,6054.0,20705.0,34718.0,1,presencial,arequipa,1,0
SOL-003028,28,4.1,4013.0,16913.0,1625.0,1,digital,trujillo,1,0
SOL-003029,43,5.1,2712.0,6269.0,6226.0,1,presencial,lima,0,0
SOL-003030,41,4.9,1552.0,3615.0,33.0,0,presencial,lima,0,0
SOL-003031,35,2.8,3649.0,8604.0,6327.0,0,digital,lima,0,1
SOL-003032,38,2.5,5635.0,10691.0,7455.0,1,presencial,trujillo,1,1
SOL-003033,44,2.1,3279.0,6013.0,2358.0,1,presencial,lima,1,0
SOL-003034,60,15.0,9005.0,37990.0,11321.0,1,presencial,trujillo,1,0
SOL-003035,44,5.9,5679.0,23051.0,7308.0,0,digital,lima,0,0
SOL-003036,44,3.4,4008.0,12431.0,5120.0,1,digital,lima,1,0
SOL-003037,28,4.6,3311.0,11416.0,1950.0,1,presencial,trujillo,0,1
SOL-003038,30,7.0,1290.0,2760.0,663.0,1,presencial,arequipa,1,0
SOL-003039,45,11.1,3496.0,5142.0,1212.0,1,presencial,lima,1,0
SOL-003040,51,6.2,1473.0,4079.0,161.0,1,presencial,lima,0,0
SOL-003041,37,18.3,1124.0,3907.0,921.0,1,presencial,lima,1,0
SOL-003042,24,6.6,3751.0,13157.0,7660.0,1,digital,lima,0,1
SOL-003043,47,2.4,4929.0,16134.0,2401.0,1,digital,lima,1,0
SOL-003044,51,2.1,1388.0,5925.0,287.0,1,presencial,arequipa,1,0
SOL-003045,44,9.2,2345.0,4805.0,839.0,1,digital,lima,1,0
SOL-003046,27,1.2,2655.0,5887.0,2551.0,1,digital,lima,0,0
SOL-003047,37,9.0,3288.0,5415.0,3154.0,1,presencial,lima,1,0
SOL-003048,53,7.1,1869.0,8042.0,583.0,1,presencial,lima,1,0
SOL-003049,29,0.2,5353.0,15039.0,4476.0,0,digital,trujillo,1,0
SOL-003050,36,6.9,1896.0,5015.0,1330.0,1,presencial,lima,0,0
SOL-003051,22,6.1,972.0,4331.0,1383.0,0,digital,lima,0,0
SOL-003052,37,4.4,1873.0,5106.0,5204.0,1,presencial,arequipa,0,0
SOL-003053,53,4.3,4916.0,11985.0,2304.0,1,presencial,trujillo,1,0
SOL-003054,19,3.0,2332.0,4773.0,907.0,1,digital,arequipa,1,0
SOL-003055,50,10.6,2564.0,7086.0,2429.0,1,presencial,trujillo,0,0
SOL-003056,35,4.1,5036.0,17755.0,5745.0,1,presencial,trujillo,0,0
SOL-003057,41,1.3,4550.0,19263.0,6790.0,1,presencial,arequipa,0,0
SOL-003058,41,5.7,1153.0,2298.0,93.0,1,presencial,trujillo,0,0
SOL-003059,41,1.1,5010.0,17767.0,20719.0,1,presencial,lima,0,0
SOL-003060,40,6.7,7074.0,10049.0,4420.0,0,presencial,trujillo,1,0
SOL-003061,38,2.6,3590.0,13939.0,1498.0,1,presencial,trujillo,1,0
SOL-003062,37,4.8,3387.0,7683.0,701.0,1,presencial,trujillo,0,0
SOL-003063,58,2.6,10248.0,15593.0,5088.0,1,presencial,lima,1,0
SOL-003064,32,11.3,1852.0,4856.0,194.0,0,digital,arequipa,1,0
SOL-003065,42,7.0,3512.0,14634.0,7997.0,0,presencial,lima,1,1
SOL-003066,36,2.5,4546.0,9646.0,3266.0,0,presencial,arequipa,0,0
SOL-003067,39,6.1,3925.0,8991.0,1541.0,0,presencial,lima,0,0
SOL-003068,36,2.2,3322.0,6379.0,6385.0,1,presencial,arequipa,0,0
SOL-003069,40,3.2,2807.0,12472.0,1876.0,1,digital,arequipa,1,0
SOL-003070,35,11.1,8655.0,23727.0,3371.0,1,presencial,lima,1,0
SOL-003071,19,7.1,5825.0,25270.0,18687.0,1,presencial,lima,1,0
SOL-003072,33,1.1,2577.0,4342.0,1337.0,0,digital,lima,0,0
SOL-003073,29,0.3,1710.0,4772.0,61.0,1,digital,arequipa,1,0
SOL-003074,26,6.1,1832.0,5258.0,1525.0,0,digital,arequipa,1,0
SOL-003075,42,12.8,4392.0,9633.0,3202.0,1,digital,arequipa,1,0
SOL-003076,19,3.4,1170.0,3442.0,474.0,1,digital,lima,1,0
SOL-003077,60,10.8,13355.0,33210.0,4471.0,1,presencial,trujillo,1,0
SOL-003078,55,7.2,3765.0,8149.0,3404.0,1,presencial,arequipa,0,0
SOL-003079,36,7.7,1869.0,4733.0,992.0,1,presencial,lima,0,0
SOL-003080,38,2.1,4208.0,14177.0,2622.0,1,presencial,lima,1,1
SOL-003081,49,4.7,2524.0,7197.0,2764.0,1,presencial,lima,1,0
SOL-003082,49,5.0,3078.0,8214.0,1806.0,0,presencial,lima,1,1
SOL-003083,36,0.8,1745.0,7060.0,760.0,1,presencial,lima,1,0
SOL-003084,19,1.8,2367.0,8046.0,3585.0,1,digital,lima,0,1
SOL-003085,55,2.1,889.0,3000.0,470.0,1,digital,lima,1,0
SOL-003086,54,2.7,2802.0,5854.0,1134.0,1,presencial,lima,0,0
SOL-003087,45,4.6,2489.0,9272.0,373.0,0,presencial,lima,1,0
SOL-003088,45,8.7,2948.0,4464.0,874.0,1,presencial,trujillo,0,0
SOL-003089,50,8.9,2572.0,5304.0,492.0,0,presencial,lima,1,0
SOL-003090,40,10.4,2727.0,7308.0,364.0,0,digital,lima,1,0
SOL-003091,19,8.1,4252.0,17673.0,1447.0,1,digital,arequipa,1,0
SOL-003092,28,4.8,3232.0,4806.0,3638.0,0,digital,lima,1,0
SOL-003093,27,10.6,5266.0,14635.0,4218.0,0,digital,lima,1,1
SOL-003094,30,2.3,2067.0,3662.0,1188.0,0,digital,lima,0,0
SOL-003095,51,5.3,4532.0,9577.0,5674.0,1,presencial,lima,0,0
SOL-003096,23,15.0,4625.0,12287.0,2055.0,1,presencial,arequipa,0,0
SOL-003097,28,3.8,6966.0,11879.0,7337.0,1,presencial,lima,0,1
SOL-003098,36,0.7,2618.0,10397.0,3831.0,1,presencial,lima,0,0
SOL-003099,45,1.9,5769.0,9560.0,218.0,1,presencial,arequipa,0,0
SOL-003100,52,4.9,2451.0,7879.0,1940.0,1,presencial,trujillo,1,0
SOL-003101,50,1.1,1992.0,3797.0,2374.0,0,digital,lima,1,0
SOL-003102,40,1.8,3176.0,5495.0,3551.0,1,presencial,lima,1,0
SOL-003103,41,7.4,3391.0,9612.0,2835.0,1,digital,lima,0,0
SOL-003104,40,5.6,1522.0,3761.0,718.0,1,digital,arequipa,1,0
SOL-003105,49,0.9,2338.0,3601.0,1522.0,1,presencial,arequipa,1,0
SOL-003106,32,8.6,1916.0,3068.0,4602.0,0,digital,arequipa,1,0
SOL-003107,39,17.5,3925.0,9135.0,241.0,1,presencial,lima,1,0
SOL-003108,31,3.3,2352.0,9001.0,851.0,1,presencial,lima,1,0
SOL-003109,31,7.3,4391.0,17737.0,3504.0,1,presencial,trujillo,1,1
SOL-003110,36,0.8,2224.0,3571.0,308.0,0,digital,lima,0,0
SOL-003111,42,5.9,5389.0,10413.0,3270.0,1,presencial,trujillo,1,0
SOL-003112,38,7.4,3955.0,9694.0,6062.0,1,presencial,lima,1,0
SOL-003113,39,3.4,6664.0,22759.0,8812.0,1,digital,lima,0,0
SOL-003114,41,3.0,4077.0,9312.0,3196.0,1,presencial,lima,0,0
SOL-003115,33,3.8,2031.0,4240.0,1897.0,1,presencial,lima,1,0
SOL-003116,40,1.1,3427.0,11047.0,28.0,1,presencial,trujillo,1,0
SOL-003117,52,5.5,3870.0,13593.0,815.0,0,presencial,lima,1,0
SOL-003118,21,12.0,1670.0,4862.0,683.0,1,digital,arequipa,0,0
SOL-003119,45,1.9,8424.0,29250.0,4696.0,0,presencial,arequipa,1,0
SOL-003120,42,12.0,3258.0,4603.0,5194.0,0,presencial,trujillo,1,0
SOL-003121,35,4.4,2737.0,6614.0,9160.0,0,presencial,arequipa,1,0
SOL-003122,40,1.1,4207.0,13839.0,2691.0,1,presencial,trujillo,1,0
SOL-003123,26,9.1,2389.0,8165.0,1465.0,0,presencial,trujillo,1,0
SOL-003124,44,5.6,6326.0,12670.0,4913.0,1,presencial,lima,0,0
SOL-003125,28,2.3,5699.0,13845.0,1870.0,1,presencial,trujillo,1,0
SOL-003126,55,3.1,4097.0,8611.0,10867.0,1,presencial,trujillo,1,0
SOL-003127,42,3.6,5206.0,21789.0,1466.0,1,presencial,lima,0,0
SOL-003128,37,4.8,2952.0,6842.0,878.0,1,presencial,arequipa,1,0
SOL-003129,45,4.3,1226.0,5069.0,535.0,0,digital,lima,1,1
SOL-003130,21,4.5,2262.0,9363.0,6716.0,1,digital,arequipa,1,0
SOL-003131,35,8.5,2949.0,8935.0,3485.0,1,presencial,lima,0,0
SOL-003132,19,3.8,929.0,3808.0,714.0,1,digital,arequipa,1,0
SOL-003133,57,6.6,2208.0,3616.0,1269.0,1,presencial,lima,0,0
SOL-003134,64,5.6,2019.0,3616.0,1448.0,1,presencial,arequipa,1,0
SOL-003135,19,19.9,1549.0,4122.0,336.0,1,digital,lima,1,0
SOL-003136,23,0.2,5360.0,18999.0,153.0,1,digital,arequipa,1,0
SOL-003137,33,0.4,3497.0,15417.0,6035.0,0,digital,lima,1,1
SOL-003138,37,2.4,6322.0,18000.0,1029.0,0,presencial,arequipa,1,1
SOL-003139,32,3.7,3492.0,4969.0,8941.0,0,digital,lima,0,0
SOL-003140,42,5.6,6722.0,13193.0,8181.0,1,presencial,lima,1,0
SOL-003141,47,4.4,3882.0,10706.0,2484.0,1,presencial,lima,1,0
SOL-003142,32,7.3,8418.0,29791.0,9437.0,1,presencial,trujillo,0,0
SOL-003143,34,6.4,1412.0,4544.0,1232.0,1,digital,lima,1,0
SOL-003144,31,4.7,3695.0,15208.0,2698.0,0,presencial,arequipa,1,0
SOL-003145,27,7.0,1572.0,3495.0,1247.0,0,digital,lima,1,0
SOL-003146,24,4.3,7300.0,22440.0,12745.0,1,presencial,arequipa,1,1
SOL-003147,28,4.8,3333.0,6157.0,3825.0,1,digital,lima,0,0
SOL-003148,26,0.2,4966.0,16886.0,3375.0,0,digital,lima,0,1
SOL-003149,42,3.2,1291.0,4858.0,1929.0,0,digital,lima,1,0
SOL-003150,42,8.8,2798.0,8370.0,7880.0,1,presencial,lima,0,0
SOL-003151,44,0.5,1514.0,4223.0,1011.0,1,presencial,lima,1,0
SOL-003152,43,5.3,4619.0,9128.0,1679.0,1,presencial,lima,0,0
SOL-003153,20,2.3,3064.0,13162.0,4874.0,0,presencial,lima,0,1
SOL-003154,21,6.1,5670.0,18593.0,3842.0,1,presencial,trujillo,1,0
SOL-003155,39,4.4,3891.0,15280.0,7907.0,1,presencial,lima,0,0
SOL-003156,46,6.6,1264.0,1865.0,271.0,0,presencial,trujillo,0,0
SOL-003157,40,3.0,1614.0,3517.0,781.0,0,presencial,lima,1,0
SOL-003158,33,4.6,3995.0,11567.0,14209.0,1,presencial,lima,1,0
SOL-003159,29,0.6,3414.0,10455.0,1573.0,1,digital,lima,1,0
SOL-003160,39,3.6,1209.0,3210.0,2524.0,1,presencial,lima,1,0
SOL-003161,41,4.2,2566.0,6275.0,893.0,1,digital,lima,1,0
SOL-003162,40,0.2,1579.0,4415.0,2352.0,1,digital,trujillo,1,0
SOL-003163,37,4.8,2149.0,5447.0,586.0,1,presencial,arequipa,0,0
SOL-003164,31,0.3,1906.0,2905.0,3099.0,0,digital,arequipa,1,1
SOL-003165,46,4.2,4082.0,14481.0,2412.0,1,presencial,lima,1,0
SOL-003166,37,0.2,1856.0,7036.0,888.0,0,digital,lima,1,1
SOL-003167,61,16.1,1363.0,3223.0,826.0,1,presencial,arequipa,1,0
SOL-003168,43,8.8,4065.0,17863.0,3264.0,1,presencial,lima,0,0
SOL-003169,56,4.4,3190.0,14226.0,3039.0,0,presencial,lima,1,0
SOL-003170,30,11.9,2350.0,7432.0,435.0,1,presencial,lima,0,0
SOL-003171,25,1.5,2283.0,8816.0,2408.0,0,digital,lima,1,0
SOL-003172,19,8.7,2236.0,6912.0,286.0,1,digital,arequipa,1,1
SOL-003173,34,5.0,2741.0,6056.0,5036.0,0,digital,lima,1,0
SOL-003174,39,1.6,2355.0,3808.0,2653.0,1,digital,lima,0,0
SOL-003175,19,5.9,2920.0,7206.0,3284.0,1,digital,trujillo,1,0
SOL-003176,45,9.1,3732.0,7369.0,6008.0,1,presencial,trujillo,0,0
SOL-003177,39,3.3,4103.0,17475.0,4770.0,1,digital,lima,1,1
SOL-003178,49,8.4,8726.0,38489.0,25449.0,1,presencial,lima,1,0
SOL-003179,30,8.0,3798.0,11578.0,1056.0,1,presencial,arequipa,1,0
SOL-003180,52,6.2,2770.0,8714.0,483.0,1,presencial,lima,1,0
SOL-003181,32,0.2,1269.0,5437.0,3803.0,0,digital,lima,1,0
SOL-003182,50,6.0,5357.0,19913.0,6249.0,1,presencial,lima,0,0
SOL-003183,42,0.4,2394.0,4554.0,3079.0,1,presencial,lima,0,0
SOL-003184,47,4.8,12974.0,56451.0,3196.0,1,presencial,trujillo,0,0
SOL-003185,55,7.1,16239.0,51497.0,19897.0,1,presencial,arequipa,0,0
SOL-003186,41,2.4,3426.0,5016.0,2457.0,1,presencial,trujillo,1,1
SOL-003187,35,7.0,1127.0,2263.0,1656.0,1,digital,arequipa,1,0
SOL-003188,46,1.9,3764.0,14567.0,3184.0,0,digital,arequipa,0,0
SOL-003189,42,2.4,11400.0,20475.0,8140.0,1,presencial,arequipa,1,0
SOL-003190,31,7.8,1935.0,7816.0,1656.0,1,presencial,arequipa,1,0
SOL-003191,50,12.1,10270.0,39412.0,4250.0,1,presencial,lima,1,0
SOL-003192,59,5.6,1463.0,2208.0,766.0,0,presencial,lima,1,0
SOL-003193,57,11.5,1797.0,4360.0,3902.0,1,presencial,lima,1,0
SOL-003194,40,1.6,3146.0,9348.0,3938.0,0,digital,lima,1,0
SOL-003195,19,2.7,6494.0,10622.0,4348.0,1,presencial,lima,0,1
SOL-003196,36,9.9,3698.0,11822.0,4595.0,1,presencial,lima,0,0
SOL-003197,37,7.2,4835.0,21462.0,5219.0,1,presencial,arequipa,0,0
SOL-003198,43,1.8,6797.0,22161.0,3663.0,1,presencial,lima,1,0
SOL-003199,62,12.8,7219.0,21155.0,2990.0,1,presencial,lima,1,0
SOL-003200,20,3.2,1939.0,7925.0,1010.0,1,digital,lima,1,0
SOL-003201,57,3.5,1710.0,7504.0,3259.0,1,digital,lima,1,1
SOL-003202,28,12.2,4634.0,19434.0,3084.0,0,digital,trujillo,1,1
SOL-003203,24,10.1,3393.0,5139.0,7212.0,1,digital,lima,1,0
SOL-003204,52,11.2,5199.0,8884.0,2462.0,1,presencial,lima,0,0
SOL-003205,42,1.6,1900.0,6285.0,685.0,0,digital,lima,1,0
SOL-003206,50,6.2,5334.0,11216.0,3752.0,1,presencial,trujillo,0,0
SOL-003207,35,6.9,2166.0,6531.0,2201.0,1,presencial,arequipa,0,0
SOL-003208,49,2.5,4353.0,17409.0,3732.0,1,presencial,lima,0,0
SOL-003209,32,1.9,4057.0,17482.0,4617.0,1,presencial,lima,1,0
SOL-003210,34,4.6,4071.0,9910.0,4763.0,1,presencial,arequipa,0,0
SOL-003211,42,8.5,5746.0,23162.0,8123.0,1,presencial,trujillo,0,0
SOL-003212,23,0.2,1576.0,4669.0,404.0,1,digital,lima,1,0
SOL-003213,44,3.8,3810.0,13113.0,1640.0,0,digital,lima,1,0
SOL-003214,37,2.1,3869.0,6921.0,3509.0,0,presencial,lima,0,0
SOL-003215,41,9.0,2536.0,4048.0,1373.0,1,presencial,lima,1,1
SOL-003216,22,4.7,1347.0,5145.0,957.0,0,digital,arequipa,1,0
SOL-003217,54,2.1,10220.0,33268.0,8173.0,0,presencial,trujillo,1,0
SOL-003218,36,9.1,3692.0,14598.0,2334.0,1,presencial,trujillo,0,0
SOL-003219,56,6.3,3182.0,5597.0,1692.0,1,presencial,arequipa,1,0
SOL-003220,55,4.4,2112.0,4082.0,690.0,1,presencial,lima,1,0
SOL-003221,38,16.3,6742.0,10755.0,4408.0,1,presencial,trujillo,1,0
SOL-003222,32,3.1,4533.0,15482.0,2300.0,1,digital,lima,1,0
SOL-003223,27,1.9,4101.0,13567.0,6318.0,0,digital,lima,0,0
SOL-003224,38,5.9,2596.0,7059.0,3343.0,0,digital,arequipa,1,0
SOL-003225,41,13.2,5657.0,10292.0,1417.0,0,presencial,lima,1,0
SOL-003226,27,0.2,1746.0,2573.0,4606.0,0,digital,trujillo,1,1
SOL-003227,33,8.7,3000.0,6608.0,1578.0,1,digital,trujillo,1,0
SOL-003228,26,7.7,3721.0,5242.0,626.0,1,presencial,arequipa,0,0
SOL-003229,42,11.9,4398.0,19092.0,2031.0,0,presencial,arequipa,1,0
SOL-003230,50,10.7,1491.0,2874.0,201.0,1,presencial,lima,0,0
SOL-003231,45,6.8,10120.0,22497.0,1645.0,0,presencial,lima,0,0
SOL-003232,53,7.6,8881.0,34419.0,45700.0,0,presencial,arequipa,0,0
SOL-003233,39,5.6,2105.0,9440.0,3121.0,0,presencial,arequipa,1,0
SOL-003234,38,12.2,5168.0,17177.0,1151.0,0,presencial,trujillo,1,0
SOL-003235,31,3.1,1767.0,3861.0,163.0,1,presencial,lima,1,0
SOL-003236,39,5.5,3998.0,11211.0,2823.0,1,presencial,lima,0,0
SOL-003237,54,6.9,855.0,1355.0,62.0,1,digital,lima,1,0
SOL-003238,46,9.1,3288.0,5714.0,2220.0,0,presencial,arequipa,0,1
SOL-003239,37,9.2,2970.0,10691.0,3220.0,1,presencial,arequipa,0,1
SOL-003240,32,7.2,6985.0,27740.0,8086.0,1,presencial,trujillo,1,0
SOL-003241,19,7.6,6380.0,14275.0,1403.0,0,digital,lima,1,0
SOL-003242,34,7.6,9222.0,34020.0,8764.0,1,presencial,lima,0,0
SOL-003243,40,12.3,4893.0,16564.0,9035.0,0,digital,lima,1,0
SOL-003244,38,3.0,3995.0,11905.0,2177.0,1,presencial,lima,0,0
SOL-003245,32,9.2,4684.0,10758.0,967.0,1,presencial,lima,0,0
SOL-003246,34,5.0,4672.0,20810.0,2421.0,1,presencial,arequipa,0,0
SOL-003247,50,5.8,2072.0,4494.0,529.0,1,presencial,lima,0,0
SOL-003248,31,12.9,4862.0,9952.0,30616.0,1,digital,lima,1,0
SOL-003249,25,12.8,3836.0,6678.0,6117.0,0,digital,arequipa,1,1
SOL-003250,40,12.2,5614.0,19328.0,7412.0,1,presencial,trujillo,1,0
SOL-003251,56,2.2,818.0,3430.0,77.0,0,digital,lima,0,1
SOL-003252,56,3.6,4844.0,8796.0,2816.0,1,presencial,lima,1,1
SOL-003253,59,2.0,6457.0,11130.0,3153.0,1,presencial,arequipa,0,0
SOL-003254,24,12.9,3797.0,15962.0,1468.0,0,presencial,arequipa,1,0
SOL-003255,41,2.6,2950.0,10171.0,6047.0,1,presencial,trujillo,1,0
SOL-003256,25,2.8,1319.0,5809.0,5681.0,1,digital,lima,1,0
SOL-003257,49,3.9,1816.0,6541.0,704.0,1,presencial,lima,0,0
SOL-003258,55,3.5,4147.0,15727.0,152.0,1,presencial,trujillo,1,0
SOL-003259,47,1.2,3388.0,9593.0,1388.0,1,presencial,lima,1,0
SOL-003260,33,4.1,3363.0,7193.0,6621.0,1,presencial,lima,1,0
SOL-003261,36,6.2,8476.0,26821.0,13517.0,1,presencial,trujillo,1,0
SOL-003262,39,0.7,1394.0,3500.0,1106.0,1,digital,lima,0,0
SOL-003263,51,3.2,3198.0,9134.0,4185.0,0,presencial,arequipa,1,0
SOL-003264,45,11.8,9237.0,27698.0,4966.0,1,presencial,trujillo,1,0
SOL-003265,44,2.8,3254.0,4824.0,1202.0,0,presencial,lima,1,0
SOL-003266,44,5.2,3962.0,13021.0,1146.0,1,presencial,arequipa,1,0
SOL-003267,46,5.4,3495.0,8778.0,2635.0,1,presencial,lima,1,0
SOL-003268,40,1.6,3867.0,15149.0,1635.0,1,digital,trujillo,1,0
SOL-003269,39,8.2,920.0,1449.0,211.0,1,digital,trujillo,1,0
SOL-003270,43,11.5,3444.0,10760.0,3099.0,0,presencial,trujillo,1,0
SOL-003271,31,0.3,2756.0,6934.0,1323.0,0,digital,lima,1,0
SOL-003272,42,3.8,2278.0,3848.0,4621.0,1,presencial,arequipa,0,0
SOL-003273,34,3.1,4576.0,12275.0,4893.0,1,presencial,trujillo,1,0
SOL-003274,23,2.8,4033.0,10763.0,13528.0,0,digital,arequipa,1,0
SOL-003275,38,3.8,3389.0,12659.0,3986.0,0,digital,arequipa,1,1
SOL-003276,24,0.2,6758.0,12646.0,4686.0,0,digital,lima,0,0
SOL-003277,52,5.4,3055.0,12141.0,5385.0,1,presencial,trujillo,1,0
SOL-003278,42,0.9,4960.0,7681.0,15092.0,0,presencial,lima,0,0
SOL-003279,52,14.5,4903.0,14703.0,339.0,1,presencial,lima,0,0
SOL-003280,50,10.8,3386.0,11553.0,6027.0,1,presencial,trujillo,0,0
SOL-003281,41,0.2,4830.0,6977.0,3630.0,1,digital,trujillo,0,1
SOL-003282,38,6.1,4447.0,7179.0,5312.0,1,presencial,trujillo,1,0
SOL-003283,47,1.5,2050.0,4608.0,6650.0,1,presencial,lima,0,1
SOL-003284,51,9.0,5655.0,14604.0,4612.0,1,presencial,lima,0,0
SOL-003285,26,4.1,2952.0,7304.0,617.0,1,presencial,lima,1,0
SOL-003286,62,10.3,3236.0,14274.0,376.0,1,presencial,lima,1,0
SOL-003287,68,9.3,3363.0,6449.0,3572.0,1,presencial,trujillo,0,0
SOL-003288,53,4.4,5610.0,23345.0,4586.0,1,presencial,arequipa,1,0
SOL-003289,52,5.1,6708.0,29033.0,19265.0,1,presencial,lima,0,0
SOL-003290,49,3.1,3523.0,6850.0,1210.0,1,presencial,lima,1,0
SOL-003291,39,1.6,3419.0,12827.0,1181.0,1,presencial,lima,0,0
SOL-003292,31,3.7,924.0,4153.0,3402.0,0,digital,trujillo,1,1
SOL-003293,54,8.2,2646.0,5737.0,747.0,1,presencial,arequipa,0,0
SOL-003294,32,5.7,2339.0,6920.0,375.0,1,presencial,lima,1,0
SOL-003295,31,4.9,4500.0,16886.0,16355.0,1,presencial,lima,0,0
SOL-003296,28,5.9,2534.0,9320.0,4355.0,0,digital,lima,1,0
SOL-003297,39,3.2,1670.0,6651.0,1251.0,1,digital,lima,1,0
SOL-003298,33,6.1,4144.0,10275.0,21231.0,1,presencial,trujillo,1,0
SOL-003299,41,4.3,3695.0,6555.0,1701.0,0,presencial,arequipa,1,0
SOL-003300,42,5.2,1021.0,3570.0,1442.0,1,presencial,lima,0,0
SOL-003301,21,0.6,4767.0,11692.0,6037.0,0,digital,arequipa,1,1
SOL-003302,19,3.4,6475.0,22033.0,18977.0,0,presencial,lima,1,0
SOL-003303,32,14.2,3382.0,9698.0,1134.0,0,presencial,lima,0,1
SOL-003304,35,0.4,3219.0,9083.0,11699.0,0,digital,arequipa,1,0
SOL-003305,37,13.2,2262.0,9348.0,10635.0,0,digital,lima,1,0
SOL-003306,48,6.0,1662.0,5627.0,4171.0,1,presencial,lima,0,0
SOL-003307,50,1.5,11792.0,39338.0,4573.0,0,presencial,trujillo,1,0
SOL-003308,36,9.1,5653.0,24928.0,5793.0,1,presencial,trujillo,0,0
SOL-003309,34,1.9,6242.0,13958.0,7874.0,1,presencial,lima,0,0
SOL-003310,47,8.6,3301.0,11667.0,4026.0,1,presencial,arequipa,1,0
SOL-003311,30,5.4,4812.0,12040.0,521.0,1,digital,lima,1,0
SOL-003312,42,4.1,1314.0,4279.0,2083.0,1,digital,arequipa,0,0
SOL-003313,47,6.5,3369.0,13250.0,3718.0,1,presencial,lima,1,0
SOL-003314,57,6.7,5623.0,23958.0,3998.0,0,presencial,arequipa,0,0
SOL-003315,38,4.7,2763.0,7526.0,2158.0,0,presencial,lima,1,0
SOL-003316,55,15.5,6146.0,24458.0,32407.0,1,presencial,trujillo,1,0
SOL-003317,54,10.4,3138.0,7653.0,7974.0,1,digital,trujillo,0,0
SOL-003318,44,8.9,4268.0,14721.0,355.0,1,presencial,lima,1,0
SOL-003319,48,4.3,2632.0,10846.0,1892.0,1,presencial,arequipa,1,0
SOL-003320,33,4.0,4723.0,16648.0,10228.0,0,presencial,lima,1,0
SOL-003321,53,6.7,10456.0,37514.0,27110.0,1,presencial,arequipa,0,0
SOL-003322,55,4.1,4193.0,16758.0,4986.0,1,presencial,lima,0,0
SOL-003323,27,3.1,3578.0,7809.0,820.0,1,digital,lima,1,0
SOL-003324,38,7.4,3863.0,14353.0,767.0,0,digital,arequipa,1,0
SOL-003325,46,12.3,2111.0,7128.0,3286.0,0,presencial,lima,0,0
SOL-003326,36,5.2,2501.0,7734.0,1417.0,0,digital,lima,1,1
SOL-003327,52,6.2,3517.0,15555.0,1006.0,1,presencial,lima,1,0
SOL-003328,38,0.2,887.0,2376.0,10.0,0,digital,lima,1,0
SOL-003329,41,8.8,5769.0,12277.0,750.0,1,presencial,lima,0,0
SOL-003330,52,9.4,2358.0,9436.0,2535.0,0,presencial,arequipa,1,0
SOL-003331,44,9.1,3815.0,7530.0,2524.0,0,digital,arequipa,0,0
SOL-003332,37,21.4,2581.0,9576.0,7275.0,1,presencial,lima,0,0
SOL-003333,43,3.9,11069.0,47347.0,1906.0,1,presencial,lima,1,0
SOL-003334,24,13.3,3311.0,13068.0,1283.0,1,presencial,arequipa,1,0
SOL-003335,49,12.5,10394.0,34953.0,4970.0,0,presencial,arequipa,1,0
SOL-003336,56,6.3,3499.0,14912.0,3413.0,1,presencial,trujillo,1,0
SOL-003337,40,1.9,3723.0,10855.0,1793.0,1,presencial,lima,0,1
SOL-003338,33,10.0,6051.0,9891.0,2010.0,0,digital,lima,1,0
SOL-003339,41,13.6,2375.0,8736.0,2887.0,1,presencial,arequipa,0,0
SOL-003340,39,2.4,3928.0,14228.0,3634.0,1,presencial,lima,0,0
SOL-003341,46,8.3,5067.0,20687.0,8967.0,0,presencial,lima,1,0
SOL-003342,23,4.4,3305.0,8788.0,2134.0,0,digital,lima,0,1
SOL-003343,40,5.8,3914.0,7239.0,9323.0,0,presencial,trujillo,1,0
SOL-003344,33,1.5,3644.0,6261.0,1062.0,1,presencial,lima,1,0
SOL-003345,49,11.5,5944.0,14686.0,9213.0,1,presencial,arequipa,1,0
SOL-003346,35,2.7,2937.0,11332.0,5647.0,0,digital,arequipa,0,1
SOL-003347,27,15.1,4429.0,13359.0,7005.0,0,digital,lima,1,0
SOL-003348,43,5.0,4693.0,9050.0,3498.0,0,presencial,trujillo,1,0
SOL-003349,30,2.4,3757.0,8076.0,3741.0,0,digital,arequipa,1,0
SOL-003350,56,4.3,6901.0,17115.0,19093.0,0,presencial,lima,1,1
SOL-003351,38,5.1,3258.0,9412.0,2675.0,0,presencial,arequipa,1,0
SOL-003352,50,5.0,6805.0,27235.0,1815.0,1,presencial,lima,0,0
SOL-003353,35,11.5,3528.0,15792.0,5197.0,1,presencial,lima,0,0
SOL-003354,52,5.0,1848.0,6020.0,1271.0,1,presencial,arequipa,0,0
SOL-003355,54,12.6,3225.0,8406.0,2705.0,1,presencial,arequipa,1,0
SOL-003356,55,11.3,2629.0,5175.0,1991.0,1,presencial,lima,1,0
SOL-003357,59,10.4,4653.0,13885.0,7957.0,0,presencial,trujillo,1,0
SOL-003358,46,9.3,3299.0,10889.0,3981.0,1,presencial,arequipa,1,0
SOL-003359,46,1.1,2864.0,6912.0,2436.0,0,digital,arequipa,1,0
SOL-003360,50,8.1,4540.0,10915.0,5136.0,0,digital,lima,1,1
SOL-003361,31,11.3,8288.0,32890.0,2342.0,0,presencial,lima,0,0
SOL-003362,36,13.1,4457.0,15358.0,7083.0,0,presencial,lima,1,0
SOL-003363,27,1.6,6731.0,18819.0,8322.0,0,presencial,arequipa,0,0
SOL-003364,55,11.0,3491.0,10923.0,10718.0,1,presencial,lima,0,0
SOL-003365,26,1.7,1698.0,5034.0,751.0,1,presencial,arequipa,0,0
SOL-003366,23,8.6,2073.0,4023.0,945.0,1,presencial,lima,0,0
SOL-003367,20,6.1,2420.0,9917.0,2533.0,0,digital,arequipa,0,0
SOL-003368,24,3.1,5789.0,9738.0,4725.0,0,presencial,trujillo,1,0
SOL-003369,46,6.2,3462.0,7133.0,927.0,1,presencial,arequipa,1,0
SOL-003370,31,5.4,7092.0,22278.0,1435.0,1,presencial,arequipa,1,0
SOL-003371,19,6.4,6945.0,19651.0,15858.0,1,digital,trujillo,0,0
SOL-003372,43,6.1,2412.0,7828.0,936.0,1,presencial,lima,1,0
SOL-003373,32,5.7,8089.0,34387.0,5250.0,1,digital,arequipa,0,0
SOL-003374,22,4.8,1636.0,3741.0,296.0,1,presencial,trujillo,1,0
SOL-003375,35,20.2,10011.0,18693.0,47369.0,1,presencial,arequipa,0,0
SOL-003376,42,7.4,3761.0,6680.0,1577.0,1,presencial,lima,1,0
SOL-003377,39,4.3,3391.0,5368.0,2490.0,1,presencial,trujillo,0,0
SOL-003378,28,2.5,2668.0,10275.0,279.0,1,digital,lima,1,0
SOL-003379,56,9.4,2525.0,7116.0,2504.0,0,presencial,lima,1,0
SOL-003380,56,24.6,5850.0,12829.0,22089.0,1,digital,lima,0,0
SOL-003381,40,12.1,2671.0,9321.0,565.0,1,presencial,lima,1,0
SOL-003382,19,4.2,1998.0,7612.0,2068.0,1,digital,lima,1,0
SOL-003383,29,0.2,1308.0,5631.0,698.0,1,digital,lima,0,0
SOL-003384,45,3.2,2618.0,6907.0,2251.0,1,presencial,trujillo,0,0
SOL-003385,42,3.9,2659.0,9405.0,1553.0,0,presencial,lima,1,1
SOL-003386,39,0.2,1798.0,4026.0,296.0,1,digital,lima,1,0
SOL-003387,67,5.2,3493.0,14262.0,3930.0,1,presencial,trujillo,1,0
SOL-003388,19,7.1,1501.0,6330.0,2726.0,0,digital,trujillo,1,0
SOL-003389,37,4.5,8771.0,29416.0,4882.0,1,presencial,lima,0,0
SOL-003390,60,10.0,3535.0,12170.0,8005.0,1,presencial,lima,1,0
SOL-003391,37,4.1,4649.0,16015.0,10655.0,1,presencial,arequipa,1,0
SOL-003392,41,0.5,4194.0,13563.0,7625.0,0,digital,trujillo,1,1
SOL-003393,39,2.0,7679.0,21196.0,1929.0,1,digital,arequipa,0,0
SOL-003394,57,3.3,6143.0,22698.0,8855.0,1,presencial,lima,1,1
SOL-003395,53,0.2,2355.0,10427.0,3089.0,1,digital,arequipa,1,0
SOL-003396,36,1.2,1534.0,5694.0,486.0,1,digital,arequipa,0,0
SOL-003397,24,1.2,4563.0,10767.0,2285.0,1,presencial,arequipa,0,0
SOL-003398,35,1.1,6650.0,19626.0,5780.0,1,presencial,trujillo,1,0
SOL-003399,56,2.9,2885.0,9379.0,1375.0,1,digital,arequipa,0,0
SOL-003400,27,3.8,3960.0,6553.0,2944.0,1,presencial,arequipa,1,0
SOL-003401,48,17.7,4277.0,12511.0,13569.0,1,presencial,arequipa,1,0
SOL-003402,19,1.3,1013.0,1740.0,350.0,0,digital,arequipa,1,1
SOL-003403,28,4.3,4131.0,12321.0,1386.0,0,presencial,lima,1,0
SOL-003404,42,4.9,3921.0,6547.0,8400.0,1,digital,lima,0,0
SOL-003405,32,8.8,2616.0,6593.0,2394.0,0,digital,arequipa,1,0
SOL-003406,28,11.2,4806.0,20949.0,4923.0,0,digital,arequipa,0,0
SOL-003407,34,6.6,6985.0,9941.0,4587.0,0,presencial,lima,1,0
SOL-003408,21,5.3,2945.0,6627.0,1960.0,1,presencial,lima,1,0
SOL-003409,51,3.5,4816.0,12292.0,3742.0,1,presencial,arequipa,1,1
SOL-003410,40,6.1,3914.0,12639.0,4030.0,1,presencial,arequipa,1,0
SOL-003411,26,12.2,1333.0,5856.0,2399.0,1,presencial,lima,0,0
SOL-003412,43,5.9,3473.0,11750.0,978.0,1,presencial,lima,0,0
SOL-003413,49,7.5,2239.0,9338.0,838.0,1,presencial,lima,0,0
SOL-003414,41,9.7,4104.0,7814.0,8938.0,1,presencial,trujillo,0,0
SOL-003415,44,7.1,5459.0,12527.0,5238.0,1,presencial,trujillo,1,0
SOL-003416,43,8.0,3418.0,14184.0,1998.0,1,presencial,arequipa,1,0
SOL-003417,35,7.0,2397.0,3394.0,2789.0,1,presencial,lima,1,0
SOL-003418,33,1.1,3026.0,8493.0,1483.0,0,digital,arequipa,0,1
SOL-003419,51,6.2,13640.0,38246.0,28276.0,1,presencial,lima,1,0
SOL-003420,43,5.0,866.0,3753.0,353.0,1,digital,trujillo,1,0
SOL-003421,41,13.5,3024.0,8445.0,1425.0,0,digital,lima,1,0
SOL-003422,36,3.5,2885.0,12145.0,1631.0,1,presencial,lima,1,1
SOL-003423,50,6.4,3067.0,9859.0,4032.0,0,presencial,arequipa,1,0
SOL-003424,48,4.4,3625.0,8446.0,8256.0,1,presencial,lima,1,0
SOL-003425,35,14.4,3201.0,5953.0,4635.0,0,presencial,arequipa,1,0
SOL-003426,38,11.2,5234.0,15281.0,9451.0,1,presencial,arequipa,1,0
SOL-003427,50,6.3,3375.0,4910.0,385.0,0,presencial,lima,0,0
SOL-003428,47,0.2,871.0,2124.0,92.0,1,digital,lima,0,0
SOL-003429,19,9.9,5212.0,15748.0,854.0,0,digital,arequipa,1,0
SOL-003430,50,0.2,4820.0,15090.0,3860.0,1,digital,trujillo,0,1
SOL-003431,56,1.2,2792.0,7751.0,1459.0,0,presencial,lima,0,0
SOL-003432,45,10.0,3928.0,17237.0,705.0,1,presencial,lima,0,0
SOL-003433,29,6.1,5047.0,9385.0,7057.0,0,digital,arequipa,0,1
SOL-003434,47,7.3,6550.0,29424.0,17097.0,1,presencial,lima,0,0
SOL-003435,36,3.6,7753.0,27471.0,14390.0,0,presencial,arequipa,1,0
SOL-003436,41,1.6,4650.0,18402.0,3518.0,0,presencial,arequipa,1,0
SOL-003437,27,0.5,5711.0,19226.0,6044.0,0,presencial,lima,1,0
SOL-003438,24,7.3,7963.0,16454.0,3272.0,1,presencial,arequipa,1,0
SOL-003439,69,2.1,3202.0,11934.0,2705.0,0,presencial,lima,0,0
SOL-003440,44,8.1,4813.0,19393.0,3776.0,1,presencial,lima,0,0
SOL-003441,45,2.3,1254.0,4679.0,1562.0,1,presencial,arequipa,1,0
SOL-003442,43,6.4,1683.0,6916.0,640.0,1,presencial,trujillo,0,0
SOL-003443,34,2.6,4964.0,7927.0,23068.0,1,presencial,arequipa,0,0
SOL-003444,40,9.5,5374.0,23549.0,1097.0,1,presencial,lima,1,0
SOL-003445,33,5.5,2191.0,9446.0,2292.0,0,digital,arequipa,0,0
SOL-003446,41,6.1,2792.0,11672.0,4430.0,1,presencial,lima,1,0
SOL-003447,24,1.3,2227.0,7518.0,506.0,1,digital,lima,1,0
SOL-003448,37,0.2,2960.0,11913.0,258.0,0,digital,lima,1,1
SOL-003449,45,7.3,1149.0,3763.0,1848.0,1,presencial,lima,0,0
SOL-003450,36,2.1,3413.0,9986.0,16087.0,1,digital,lima,1,1
SOL-003451,40,4.2,2725.0,11680.0,137.0,1,digital,trujillo,1,1
SOL-003452,41,5.6,4353.0,8895.0,20391.0,1,presencial,lima,0,0
SOL-003453,41,5.3,3589.0,14499.0,5985.0,1,presencial,trujillo,0,0
SOL-003454,59,11.3,1865.0,5158.0,1535.0,0,presencial,arequipa,1,0
SOL-003455,22,3.8,1514.0,3490.0,2823.0,1,digital,lima,1,0
SOL-003456,19,1.0,5917.0,17569.0,13927.0,1,digital,lima,0,0
SOL-003457,38,6.9,1918.0,6474.0,1342.0,0,digital,lima,0,0
SOL-003458,25,6.7,4078.0,8019.0,23601.0,0,digital,lima,1,0
SOL-003459,31,3.4,2180.0,8128.0,9971.0,1,presencial,arequipa,1,1
SOL-003460,42,1.4,2659.0,6975.0,1183.0,0,digital,trujillo,1,0
SOL-003461,41,7.0,3044.0,10902.0,3513.0,1,presencial,trujillo,0,0
SOL-003462,19,0.6,2307.0,4354.0,499.0,0,digital,lima,1,1
SOL-003463,64,7.1,3207.0,5046.0,456.0,1,presencial,lima,0,0
SOL-003464,25,13.2,8110.0,15416.0,5000.0,0,presencial,lima,1,0
SOL-003465,31,6.8,7300.0,14306.0,8116.0,0,digital,trujillo,0,0
SOL-003466,19,12.1,3032.0,11403.0,945.0,1,digital,lima,1,0
SOL-003467,46,5.8,3088.0,9038.0,5603.0,1,presencial,lima,0,0
SOL-003468,36,5.8,1918.0,7228.0,2311.0,1,presencial,arequipa,1,0
SOL-003469,52,6.3,1850.0,6874.0,1677.0,1,presencial,arequipa,1,0
SOL-003470,32,5.9,5693.0,12299.0,2082.0,0,digital,lima,1,1
SOL-003471,58,7.3,1783.0,7531.0,738.0,1,presencial,arequipa,1,0
SOL-003472,38,3.0,3044.0,11519.0,1986.0,1,presencial,lima,1,0
SOL-003473,25,5.5,4150.0,6908.0,1878.0,1,presencial,lima,0,0
SOL-003474,46,11.1,989.0,3139.0,568.0,1,presencial,lima,0,0
SOL-003475,40,2.6,1998.0,5353.0,741.0,1,presencial,lima,1,0
SOL-003476,23,0.2,1908.0,5389.0,2513.0,1,presencial,trujillo,1,0
SOL-003477,20,4.7,1895.0,4810.0,356.0,1,digital,lima,1,0
SOL-003478,24,5.9,3065.0,9006.0,6246.0,1,digital,arequipa,0,0
SOL-003479,49,5.9,4572.0,11441.0,2212.0,0,digital,lima,1,0
SOL-003480,51,1.7,2711.0,7685.0,3713.0,1,presencial,arequipa,1,0
SOL-003481,39,2.5,3011.0,9300.0,2647.0,0,presencial,trujillo,1,1
SOL-003482,37,9.2,2518.0,9228.0,377.0,0,digital,lima,1,0
SOL-003483,19,9.1,1762.0,3294.0,3399.0,1,digital,trujillo,1,0
SOL-003484,37,5.7,4756.0,8627.0,16318.0,1,presencial,arequipa,1,0
SOL-003485,36,5.2,3383.0,9957.0,2450.0,1,digital,arequipa,1,0
SOL-003486,34,1.2,651.0,1870.0,806.0,0,digital,lima,0,1
SOL-003487,26,0.4,3736.0,11761.0,3479.0,0,digital,arequipa,1,1
SOL-003488,32,0.2,2863.0,9452.0,928.0,1,digital,lima,1,0
SOL-003489,47,2.0,4379.0,9852.0,4120.0,1,presencial,trujillo,1,0
SOL-003490,43,6.8,7068.0,24088.0,18890.0,1,presencial,trujillo,0,0
SOL-003491,52,5.1,1512.0,4440.0,3418.0,1,presencial,lima,0,0
SOL-003492,47,6.0,1992.0,5851.0,1212.0,1,presencial,trujillo,1,0
SOL-003493,38,4.4,2583.0,8372.0,1538.0,0,digital,trujillo,0,0
SOL-003494,62,2.5,1145.0,3776.0,335.0,1,presencial,arequipa,1,0
SOL-003495,52,7.1,3429.0,11358.0,2135.0,0,presencial,lima,1,1
SOL-003496,51,10.1,4160.0,16536.0,4435.0,1,digital,lima,1,0
SOL-003497,25,0.9,3293.0,9709.0,3375.0,0,digital,lima,0,0
SOL-003498,19,3.8,2792.0,12054.0,3271.0,0,digital,lima,1,0
SOL-003499,41,8.6,3391.0,14696.0,3935.0,1,presencial,trujillo,1,0
SOL-003500,30,9.1,2145.0,5233.0,808.0,1,digital,lima,1,0
SOL-003501,59,7.6,2974.0,12288.0,5663.0,1,presencial,arequipa,0,0
SOL-003502,31,2.7,4311.0,11661.0,9507.0,0,presencial,arequipa,0,0
SOL-003503,42,1.2,1709.0,7554.0,1578.0,1,presencial,arequipa,1,0
SOL-003504,47,4.5,8191.0,35016.0,48452.0,1,presencial,lima,0,0
SOL-003505,33,3.4,1826.0,5044.0,2369.0,1,digital,arequipa,1,0
SOL-003506,41,10.7,5115.0,12702.0,981.0,1,presencial,arequipa,0,0
SOL-003507,47,4.2,3991.0,14075.0,2621.0,1,presencial,arequipa,0,1
SOL-003508,44,0.8,1471.0,3736.0,902.0,0,digital,lima,0,0
SOL-003509,49,1.6,5248.0,18091.0,3621.0,0,digital,arequipa,1,0
SOL-003510,43,7.6,6717.0,18177.0,12346.0,1,presencial,lima,1,0
SOL-003511,23,4.0,1184.0,3500.0,2514.0,0,digital,arequipa,1,1
SOL-003512,49,3.4,2579.0,6638.0,9381.0,1,digital,lima,1,0
SOL-003513,20,9.3,2984.0,11547.0,4120.0,0,digital,lima,0,0
SOL-003514,52,0.2,913.0,2980.0,1555.0,1,digital,trujillo,1,1
SOL-003515,47,8.1,889.0,3128.0,408.0,0,digital,lima,1,1
SOL-003516,48,0.2,1737.0,6852.0,2651.0,1,digital,trujillo,1,0
SOL-003517,51,9.3,1934.0,7481.0,2450.0,1,presencial,trujillo,0,1
SOL-003518,20,6.2,2225.0,6629.0,1379.0,1,presencial,lima,1,0
SOL-003519,32,6.0,1934.0,4232.0,7256.0,0,presencial,lima,1,0
SOL-003520,35,4.4,2514.0,6352.0,476.0,1,digital,lima,0,0
SOL-003521,36,9.3,2407.0,7489.0,2285.0,1,presencial,trujillo,1,1
SOL-003522,29,0.8,4782.0,10234.0,12783.0,1,digital,arequipa,1,0
SOL-003523,50,8.1,4204.0,16062.0,1363.0,0,presencial,lima,1,0
SOL-003524,41,9.5,5785.0,12212.0,2980.0,1,presencial,lima,1,0
SOL-003525,30,5.2,1591.0,3881.0,2820.0,1,presencial,lima,0,0
SOL-003526,53,3.6,2761.0,9281.0,4897.0,0,presencial,arequipa,0,0
SOL-003527,49,1.4,4109.0,14640.0,3193.0,1,presencial,lima,1,0
SOL-003528,40,23.6,4844.0,12708.0,5673.0,0,presencial,lima,0,0
SOL-003529,40,4.4,1913.0,7160.0,1800.0,1,digital,trujillo,1,0
SOL-003530,44,1.2,2950.0,12379.0,5753.0,1,presencial,lima,1,0
SOL-003531,58,2.6,3123.0,5964.0,6312.0,1,presencial,lima,0,0
SOL-003532,45,3.7,3278.0,13896.0,9482.0,1,presencial,arequipa,0,0
SOL-003533,58,9.7,11794.0,36184.0,33905.0,0,presencial,trujillo,1,0
SOL-003534,22,2.6,4505.0,12575.0,5465.0,1,presencial,lima,0,0
SOL-003535,37,2.0,2735.0,10576.0,676.0,1,digital,trujillo,0,0
SOL-003536,28,7.1,1392.0,5332.0,561.0,0,digital,lima,1,1
SOL-003537,34,4.3,2013.0,7077.0,963.0,0,presencial,trujillo,1,0
SOL-003538,56,5.9,3426.0,9135.0,2751.0,1,presencial,lima,1,0
SOL-003539,53,1.9,6890.0,15355.0,6962.0,1,presencial,arequipa,0,0
SOL-003540,21,2.2,3451.0,8687.0,1064.0,0,presencial,lima,0,0
SOL-003541,40,0.8,2470.0,7848.0,131.0,0,digital,trujillo,1,0
SOL-003542,50,5.3,2599.0,8182.0,3740.0,0,presencial,trujillo,1,0
SOL-003543,24,4.2,1083.0,4618.0,954.0,0,digital,lima,1,1
SOL-003544,34,6.2,4804.0,13526.0,18949.0,1,presencial,lima,1,0
SOL-003545,26,10.8,3353.0,11623.0,1534.0,1,presencial,arequipa,0,0
SOL-003546,39,3.5,4827.0,16635.0,16590.0,0,presencial,lima,1,0
SOL-003547,41,1.6,4148.0,15216.0,1407.0,0,presencial,arequipa,1,1
SOL-003548,41,7.2,1623.0,7261.0,1363.0,0,digital,arequipa,1,0
SOL-003549,46,6.4,4304.0,16727.0,4011.0,1,presencial,lima,0,0
SOL-003550,20,6.9,1369.0,2085.0,174.0,0,digital,lima,0,0
SOL-003551,35,4.8,3000.0,11748.0,3378.0,0,digital,trujillo,0,0
SOL-003552,40,3.8,3705.0,16671.0,1476.0,1,presencial,lima,1,0
SOL-003553,33,3.8,8528.0,12942.0,20256.0,1,presencial,arequipa,0,0
SOL-003554,26,3.3,2439.0,7930.0,4233.0,1,presencial,lima,0,0
SOL-003555,50,11.9,1920.0,6256.0,2481.0,1,presencial,lima,0,0
SOL-003556,37,16.7,2161.0,6542.0,1106.0,1,digital,lima,1,0
SOL-003557,49,7.9,5254.0,21612.0,1143.0,0,presencial,lima,0,0
SOL-003558,24,3.1,625.0,2453.0,2061.0,1,digital,arequipa,1,1
SOL-003559,45,3.4,6035.0,11668.0,18615.0,0,presencial,lima,1,0
SOL-003560,28,7.1,3434.0,5904.0,1704.0,1,presencial,arequipa,0,0
SOL-003561,21,0.3,1480.0,2836.0,2961.0,1,digital,arequipa,1,1
SOL-003562,43,7.7,3161.0,13114.0,1006.0,1,presencial,lima,0,0
SOL-003563,35,1.7,1823.0,3108.0,738.0,1,digital,lima,1,0
SOL-003564,25,0.4,2024.0,6888.0,1784.0,1,presencial,arequipa,0,1
SOL-003565,20,12.1,978.0,3441.0,1315.0,0,digital,arequipa,1,0
SOL-003566,28,7.4,3917.0,8132.0,775.0,0,digital,arequipa,0,0
SOL-003567,43,0.2,2003.0,4231.0,113.0,0,digital,lima,0,0
SOL-003568,34,9.9,3123.0,12463.0,1187.0,1,presencial,trujillo,1,0
SOL-003569,34,1.7,4157.0,11233.0,3301.0,0,digital,lima,1,1
SOL-003570,46,9.8,3940.0,11617.0,711.0,1,presencial,arequipa,1,0
SOL-003571,29,3.7,1191.0,3134.0,663.0,0,digital,lima,1,0
SOL-003572,46,5.5,5431.0,10688.0,3130.0,1,presencial,arequipa,0,0
SOL-003573,28,5.8,8280.0,22868.0,37803.0,1,presencial,lima,1,0
SOL-003574,36,5.3,4972.0,11112.0,6857.0,1,presencial,arequipa,0,0
SOL-003575,59,2.6,2441.0,5689.0,2633.0,1,presencial,lima,1,0
SOL-003576,60,13.8,1780.0,3605.0,1174.0,1,presencial,arequipa,1,0
SOL-003577,41,6.2,1677.0,5605.0,4825.0,1,digital,lima,0,0
SOL-003578,55,2.1,4038.0,9244.0,867.0,1,presencial,arequipa,1,1
SOL-003579,19,2.0,5625.0,10764.0,9006.0,0,digital,lima,1,1
SOL-003580,33,13.9,2579.0,10074.0,7790.0,0,presencial,lima,1,0
SOL-003581,29,0.2,1912.0,6090.0,3588.0,1,digital,arequipa,1,0
SOL-003582,59,6.1,4557.0,18513.0,1950.0,0,digital,lima,1,0
SOL-003583,40,2.4,3054.0,11674.0,567.0,1,presencial,lima,0,0
SOL-003584,40,1.6,6533.0,16676.0,12806.0,1,digital,trujillo,1,0
SOL-003585,36,3.7,2481.0,7793.0,4054.0,0,digital,trujillo,0,0
SOL-003586,36,5.6,4918.0,21933.0,11207.0,1,digital,trujillo,1,0
SOL-003587,43,6.0,4671.0,11724.0,8227.0,1,presencial,lima,1,0
SOL-003588,30,2.2,5529.0,11846.0,13450.0,1,presencial,lima,1,0
SOL-003589,19,11.9,2444.0,4658.0,1602.0,0,digital,arequipa,1,0
SOL-003590,57,8.4,3612.0,15581.0,3465.0,1,presencial,lima,0,0
SOL-003591,25,9.6,3331.0,7241.0,797.0,1,digital,arequipa,1,0
SOL-003592,22,5.1,5797.0,24786.0,1016.0,1,presencial,lima,1,0
SOL-003593,37,7.1,3522.0,11393.0,4480.0,1,digital,trujillo,1,0
SOL-003594,48,11.3,1527.0,4931.0,743.0,0,presencial,arequipa,1,0
SOL-003595,51,6.8,4376.0,11556.0,13579.0,0,presencial,lima,0,0
SOL-003596,44,5.1,1904.0,5003.0,3076.0,1,digital,lima,1,0
SOL-003597,22,6.0,2017.0,4829.0,2098.0,0,digital,lima,1,0
SOL-003598,22,5.9,3399.0,12444.0,409.0,1,digital,lima,1,0
SOL-003599,28,5.3,6478.0,23905.0,1923.0,0,digital,arequipa,0,0
SOL-003600,52,9.5,3393.0,10338.0,1391.0,1,presencial,lima,0,0
SOL-003601,20,5.1,10678.0,29810.0,6529.0,1,presencial,lima,1,1
SOL-003602,44,12.9,2164.0,7294.0,4494.0,1,presencial,lima,1,0
SOL-003603,53,0.9,7263.0,21232.0,1171.0,1,presencial,arequipa,0,0
SOL-003604,53,8.6,4788.0,18936.0,21600.0,1,presencial,lima,1,0
SOL-003605,40,10.9,2986.0,4783.0,5438.0,0,digital,lima,1,0
SOL-003606,55,3.6,7858.0,32989.0,1965.0,1,presencial,trujillo,1,0
SOL-003607,19,4.2,2749.0,8318.0,8048.0,1,presencial,lima,1,0
SOL-003608,61,13.1,7438.0,22155.0,11826.0,0,presencial,lima,1,0
SOL-003609,47,8.6,3435.0,8972.0,1605.0,1,presencial,trujillo,1,0
SOL-003610,58,9.0,2741.0,8360.0,5063.0,0,presencial,lima,1,0
SOL-003611,30,4.9,1920.0,3999.0,521.0,0,presencial,trujillo,1,1
SOL-003612,24,4.6,8729.0,25678.0,8461.0,1,presencial,arequipa,1,1
SOL-003613,63,4.9,6929.0,18254.0,10199.0,1,presencial,arequipa,1,0
SOL-003614,22,2.9,2090.0,4831.0,600.0,0,digital,lima,1,0
SOL-003615,40,4.9,5083.0,10460.0,5532.0,1,presencial,lima,0,1
SOL-003616,38,6.4,2862.0,11639.0,3827.0,0,digital,lima,0,1
SOL-003617,52,4.4,3186.0,12857.0,1908.0,1,presencial,lima,0,0
SOL-003618,55,2.5,6321.0,18355.0,2655.0,0,presencial,lima,1,0
SOL-003619,45,12.1,2765.0,5855.0,2780.0,1,presencial,arequipa,1,0
SOL-003620,20,1.9,857.0,2396.0,602.0,1,digital,arequipa,1,1
SOL-003621,51,4.2,4381.0,18705.0,14518.0,1,presencial,lima,0,0
SOL-003622,51,1.9,3963.0,15123.0,5925.0,1,presencial,arequipa,1,0
SOL-003623,23,6.7,2812.0,10976.0,2038.0,0,presencial,trujillo,1,0
SOL-003624,48,1.9,1685.0,6030.0,1497.0,0,digital,arequipa,0,0
SOL-003625,19,0.8,1191.0,4341.0,537.0,0,digital,arequipa,1,0
SOL-003626,54,10.0,3170.0,5908.0,7496.0,0,presencial,arequipa,1,0
SOL-003627,25,13.7,1700.0,4208.0,2744.0,0,digital,lima,1,0
SOL-003628,40,2.2,4424.0,17603.0,15496.0,1,digital,lima,1,0
SOL-003629,49,8.7,5007.0,9761.0,5428.0,1,presencial,trujillo,0,0
SOL-003630,43,7.1,2975.0,4858.0,2250.0,1,presencial,arequipa,1,0
SOL-003631,48,6.3,5023.0,20212.0,5629.0,1,presencial,arequipa,0,0
SOL-003632,31,0.7,2534.0,9681.0,8592.0,0,digital,trujillo,1,0
SOL-003633,51,6.7,3327.0,6289.0,1947.0,1,presencial,lima,1,0
SOL-003634,67,8.9,3720.0,11298.0,1910.0,1,presencial,lima,0,0
SOL-003635,28,17.9,9615.0,14704.0,6400.0,1,presencial,arequipa,0,0
SOL-003636,19,1.1,5350.0,9953.0,2361.0,1,presencial,lima,0,0
SOL-003637,27,7.0,2294.0,5041.0,2742.0,0,digital,arequipa,0,0
SOL-003638,38,6.3,6092.0,21824.0,3657.0,1,presencial,trujillo,1,0
SOL-003639,28,3.4,4186.0,9817.0,11676.0,1,digital,arequipa,1,1
SOL-003640,33,12.2,4381.0,17141.0,1070.0,0,presencial,lima,1,0
SOL-003641,53,3.8,3226.0,4752.0,5318.0,0,presencial,arequipa,1,0
SOL-003642,28,15.2,3118.0,4407.0,7793.0,1,presencial,lima,1,0
SOL-003643,37,0.2,1532.0,3569.0,357.0,1,digital,trujillo,1,0
SOL-003644,50,4.5,4204.0,15412.0,6008.0,1,presencial,lima,1,0
SOL-003645,46,10.1,2787.0,12123.0,5915.0,0,presencial,trujillo,0,0
SOL-003646,37,4.9,2135.0,5077.0,243.0,0,digital,lima,1,0
SOL-003647,53,3.5,5295.0,16554.0,1902.0,0,presencial,lima,1,1
SOL-003648,44,3.9,9203.0,14064.0,21761.0,1,presencial,lima,0,1
SOL-003649,39,7.7,4650.0,6528.0,11026.0,0,presencial,lima,0,0
SOL-003650,37,1.5,2537.0,3676.0,2166.0,0,digital,lima,1,1
SOL-003651,50,13.3,3790.0,6449.0,4253.0,1,presencial,trujillo,0,0
SOL-003652,53,5.4,6917.0,28432.0,10955.0,0,presencial,trujillo,0,0
SOL-003653,24,5.1,4683.0,15867.0,9654.0,1,presencial,lima,0,0
SOL-003654,41,7.2,4233.0,17714.0,4355.0,1,presencial,arequipa,1,0
SOL-003655,31,1.9,4392.0,17516.0,9056.0,1,presencial,trujillo,1,0
SOL-003656,49,6.5,1821.0,6868.0,1361.0,0,presencial,trujillo,0,0
SOL-003657,51,19.5,4689.0,11706.0,7277.0,1,presencial,lima,1,0
SOL-003658,40,5.3,2428.0,4408.0,3073.0,1,presencial,lima,0,0
SOL-003659,24,4.7,3289.0,5658.0,9855.0,1,digital,trujillo,1,0
SOL-003660,50,9.3,2612.0,3859.0,928.0,1,presencial,lima,0,0
SOL-003661,42,13.1,5205.0,10155.0,1669.0,1,presencial,lima,0,0
SOL-003662,48,4.8,2474.0,3610.0,8146.0,1,digital,arequipa,1,0
SOL-003663,52,3.3,1477.0,5217.0,203.0,1,digital,lima,0,0
SOL-003664,43,8.3,2303.0,6000.0,4157.0,0,digital,trujillo,1,0
SOL-003665,46,3.1,12053.0,36608.0,19885.0,1,presencial,lima,1,0
SOL-003666,63,12.9,1174.0,3386.0,650.0,1,presencial,arequipa,0,0
SOL-003667,46,10.7,4173.0,9509.0,13419.0,0,presencial,trujillo,0,0
SOL-003668,38,9.7,2263.0,3972.0,2045.0,0,presencial,trujillo,0,0
SOL-003669,36,7.4,7832.0,24131.0,7763.0,0,presencial,trujillo,1,0
SOL-003670,35,8.5,5852.0,23862.0,2140.0,0,presencial,trujillo,1,0
SOL-003671,43,8.5,4216.0,15701.0,1804.0,0,presencial,lima,0,0
SOL-003672,48,6.9,6168.0,26446.0,1842.0,1,presencial,trujillo,1,0
SOL-003673,27,3.8,4347.0,10883.0,6326.0,1,presencial,trujillo,0,0
SOL-003674,38,8.6,3840.0,15443.0,5386.0,0,presencial,lima,1,0
SOL-003675,34,0.7,1962.0,7142.0,4433.0,1,digital,lima,1,0
SOL-003676,39,1.0,2221.0,9602.0,1790.0,1,digital,lima,1,0
SOL-003677,43,13.3,3007.0,6892.0,390.0,0,presencial,arequipa,0,1
SOL-003678,46,2.6,3848.0,14974.0,11710.0,1,presencial,arequipa,1,0
SOL-003679,29,11.5,1431.0,4258.0,934.0,1,presencial,lima,0,0
SOL-003680,33,2.5,6538.0,18005.0,4246.0,1,presencial,lima,0,0
SOL-003681,31,3.5,7374.0,20970.0,6374.0,1,digital,arequipa,1,1
SOL-003682,49,5.5,3057.0,8379.0,6414.0,0,presencial,lima,1,0
SOL-003683,46,1.7,7051.0,29042.0,3833.0,1,presencial,trujillo,1,0
SOL-003684,34,8.0,3570.0,15450.0,9334.0,1,presencial,lima,0,0
SOL-003685,40,2.0,2798.0,9668.0,834.0,1,presencial,lima,1,0
SOL-003686,60,2.1,3138.0,6269.0,1909.0,1,presencial,lima,1,0
SOL-003687,49,1.9,4002.0,10820.0,99.0,1,presencial,trujillo,0,0
SOL-003688,30,0.2,1841.0,4607.0,1230.0,1,digital,trujillo,1,0
SOL-003689,32,9.6,5246.0,18256.0,932.0,1,presencial,lima,1,0
SOL-003690,35,3.9,2922.0,4728.0,658.0,1,presencial,lima,0,0
SOL-003691,43,4.6,2191.0,7510.0,415.0,0,presencial,lima,1,0
SOL-003692,46,5.1,3788.0,10785.0,3395.0,0,presencial,lima,1,0
SOL-003693,49,4.1,2668.0,5894.0,2320.0,1,presencial,arequipa,1,0
SOL-003694,47,2.4,3229.0,5156.0,5691.0,1,presencial,lima,0,0
SOL-003695,28,2.2,2605.0,4075.0,1643.0,1,digital,lima,0,0
SOL-003696,37,5.1,1907.0,7944.0,2830.0,1,presencial,lima,0,1
SOL-003697,66,2.3,8173.0,26054.0,8181.0,1,presencial,lima,0,0
SOL-003698,37,3.9,5841.0,18165.0,2846.0,1,presencial,lima,1,1
SOL-003699,29,10.5,2758.0,4011.0,5986.0,1,presencial,lima,0,0
SOL-003700,25,3.7,3790.0,14364.0,1513.0,1,presencial,lima,1,0
SOL-003701,28,5.6,3729.0,7655.0,370.0,0,digital,lima,0,0
SOL-003702,53,0.2,4266.0,11043.0,133.0,1,presencial,lima,0,0
SOL-003703,37,7.9,10173.0,34634.0,5303.0,1,presencial,trujillo,1,0
SOL-003704,48,0.2,2367.0,4301.0,1763.0,1,digital,lima,0,0
SOL-003705,43,8.0,7103.0,27487.0,5378.0,1,presencial,lima,0,0
SOL-003706,55,9.6,1912.0,7628.0,46.0,1,presencial,lima,1,0
SOL-003707,35,7.4,2071.0,6235.0,2590.0,1,presencial,arequipa,0,0
SOL-003708,24,2.7,6433.0,16293.0,4008.0,1,digital,trujillo,0,0
SOL-003709,44,1.9,3058.0,6669.0,5116.0,1,presencial,arequipa,1,0
SOL-003710,37,6.0,1460.0,5321.0,1299.0,0,digital,arequipa,1,0
SOL-003711,30,2.3,2614.0,6419.0,3759.0,1,digital,trujillo,0,0
SOL-003712,35,3.2,5170.0,20212.0,782.0,1,digital,lima,1,0
SOL-003713,38,1.4,1801.0,6611.0,3021.0,1,digital,trujillo,1,0
SOL-003714,19,3.5,2622.0,6539.0,3054.0,0,digital,arequipa,0,0
SOL-003715,28,3.3,1021.0,2154.0,424.0,1,digital,lima,1,0
SOL-003716,26,0.9,2100.0,5269.0,6262.0,0,digital,lima,1,1
SOL-003717,27,5.4,4500.0,11075.0,21517.0,0,digital,lima,1,0
SOL-003718,36,11.7,1782.0,7780.0,763.0,0,digital,lima,0,0
SOL-003719,26,8.5,1383.0,4626.0,2480.0,1,digital,trujillo,1,0
SOL-003720,21,13.9,2557.0,8792.0,2128.0,1,presencial,lima,0,0
SOL-003721,40,3.7,2788.0,6354.0,3858.0,1,presencial,arequipa,0,1
SOL-003722,31,2.8,5697.0,14409.0,6097.0,1,presencial,trujillo,1,0
SOL-003723,37,0.2,3264.0,9286.0,5689.0,0,digital,lima,0,1
SOL-003724,52,4.4,5156.0,22830.0,241.0,1,presencial,lima,0,0
SOL-003725,19,3.3,2719.0,9434.0,3657.0,0,digital,arequipa,0,0
SOL-003726,23,4.0,1941.0,3644.0,2187.0,0,digital,trujillo,1,0
SOL-003727,36,0.8,1789.0,8000.0,1665.0,0,digital,lima,1,0
SOL-003728,28,6.3,4793.0,10711.0,11527.0,1,presencial,lima,0,0
SOL-003729,41,3.7,6122.0,20370.0,1440.0,1,digital,arequipa,0,0
SOL-003730,44,4.7,1643.0,6758.0,2737.0,1,digital,trujillo,0,1
SOL-003731,30,5.6,1578.0,5221.0,591.0,1,digital,lima,1,0
SOL-003732,23,1.4,1484.0,6337.0,758.0,0,digital,lima,1,1
SOL-003733,19,5.8,5898.0,23764.0,2515.0,1,presencial,trujillo,1,0
SOL-003734,52,9.9,3745.0,5649.0,3431.0,1,presencial,lima,0,0
SOL-003735,65,6.9,5109.0,18030.0,8639.0,1,presencial,lima,0,1
SOL-003736,52,3.8,2057.0,7476.0,1722.0,0,digital,arequipa,0,0
SOL-003737,41,3.3,5279.0,13475.0,10226.0,1,presencial,lima,1,0
SOL-003738,20,2.9,2307.0,9734.0,1356.0,1,digital,lima,0,0
SOL-003739,41,0.2,1200.0,4659.0,140.0,0,digital,arequipa,1,0
SOL-003740,42,8.8,6185.0,15697.0,6569.0,0,presencial,arequipa,1,0
SOL-003741,48,3.3,3756.0,7856.0,2620.0,1,presencial,lima,1,0
SOL-003742,46,2.7,3257.0,6706.0,9527.0,1,presencial,lima,1,0
SOL-003743,33,0.4,3101.0,6461.0,859.0,1,digital,arequipa,0,1
SOL-003744,54,3.2,1806.0,5827.0,2229.0,1,presencial,arequipa,0,0
SOL-003745,55,3.8,4789.0,16247.0,4031.0,1,presencial,trujillo,1,0
SOL-003746,26,9.6,1966.0,3660.0,263.0,0,digital,arequipa,1,0
SOL-003747,33,3.3,3529.0,10941.0,259.0,1,presencial,arequipa,1,0
SOL-003748,19,11.1,4845.0,10542.0,398.0,0,digital,trujillo,0,0
SOL-003749,39,11.2,5345.0,22568.0,9020.0,1,presencial,trujillo,1,0
SOL-003750,31,11.0,3492.0,14158.0,2859.0,1,presencial,lima,1,0
SOL-003751,48,7.7,3632.0,6387.0,5113.0,0,presencial,trujillo,1,0
SOL-003752,39,1.5,1011.0,2206.0,1486.0,1,presencial,trujillo,0,0
SOL-003753,40,10.2,2496.0,10803.0,8281.0,1,presencial,lima,1,0
SOL-003754,41,0.2,2923.0,6801.0,5966.0,0,digital,lima,1,0
SOL-003755,47,2.5,2573.0,10109.0,2085.0,0,presencial,arequipa,1,1
SOL-003756,42,3.8,1920.0,2988.0,2542.0,0,presencial,lima,1,1
SOL-003757,62,3.4,4913.0,12784.0,996.0,1,presencial,arequipa,1,0
SOL-003758,51,9.0,7550.0,24959.0,1162.0,1,presencial,lima,1,0
SOL-003759,27,6.7,1841.0,4858.0,1316.0,1,digital,lima,0,0
SOL-003760,39,4.9,6033.0,23233.0,2389.0,1,presencial,lima,1,0
SOL-003761,41,6.0,3906.0,17334.0,3405.0,1,digital,trujillo,1,0
SOL-003762,45,5.9,2303.0,6890.0,1193.0,1,presencial,lima,0,0
SOL-003763,31,5.3,2622.0,7439.0,5007.0,1,presencial,arequipa,1,0
SOL-003764,53,4.1,9775.0,35033.0,12652.0,1,presencial,lima,1,0
SOL-003765,57,3.0,2141.0,8000.0,910.0,0,presencial,lima,1,0
SOL-003766,45,0.2,1952.0,3095.0,2899.0,1,digital,lima,1,0
SOL-003767,60,8.9,10638.0,29324.0,2258.0,1,presencial,lima,1,0
SOL-003768,66,3.2,2847.0,8396.0,2248.0,1,presencial,arequipa,0,0
SOL-003769,51,1.8,5415.0,12741.0,10552.0,1,digital,arequipa,1,0
SOL-003770,47,3.1,2250.0,8445.0,108.0,0,presencial,lima,0,0
SOL-003771,30,4.7,2879.0,11947.0,7182.0,0,digital,lima,0,0
SOL-003772,19,5.7,4713.0,18949.0,2556.0,1,digital,arequipa,1,0
SOL-003773,32,2.0,2101.0,7069.0,4163.0,1,digital,arequipa,1,0
SOL-003774,38,3.8,2822.0,10899.0,1534.0,0,digital,lima,1,0
SOL-003775,32,2.1,3946.0,8370.0,1782.0,0,digital,arequipa,1,0
SOL-003776,22,8.9,2395.0,3544.0,5523.0,0,presencial,lima,0,0
SOL-003777,29,5.1,8590.0,25699.0,8478.0,1,digital,lima,1,0
SOL-003778,50,1.0,6566.0,17538.0,13253.0,1,presencial,arequipa,0,0
SOL-003779,21,5.5,2225.0,9197.0,1248.0,1,digital,arequipa,1,0
SOL-003780,34,4.1,2371.0,9119.0,790.0,1,digital,trujillo,1,0
SOL-003781,48,2.9,10343.0,26724.0,19799.0,1,presencial,lima,1,0
SOL-003782,44,1.0,2228.0,3240.0,1796.0,0,digital,lima,1,0
SOL-003783,51,6.7,2096.0,4720.0,2395.0,0,digital,arequipa,1,0
SOL-003784,39,8.6,6947.0,17488.0,8542.0,1,presencial,lima,1,0
SOL-003785,45,5.9,1848.0,6459.0,2841.0,1,presencial,lima,1,0
SOL-003786,34,2.0,2572.0,10803.0,555.0,0,digital,arequipa,1,0
SOL-003787,39,1.3,2799.0,5836.0,201.0,0,digital,lima,0,0
SOL-003788,49,3.0,2655.0,10185.0,1261.0,1,presencial,lima,1,0
SOL-003789,59,4.2,1696.0,6205.0,1159.0,1,presencial,lima,1,0
SOL-003790,19,8.2,2777.0,6928.0,7542.0,0,digital,trujillo,0,0
SOL-003791,48,1.3,5474.0,7938.0,8845.0,1,presencial,lima,0,0
SOL-003792,48,5.3,2689.0,4037.0,171.0,0,presencial,lima,0,0
SOL-003793,40,4.2,2072.0,6878.0,2344.0,1,presencial,lima,0,0
SOL-003794,19,6.8,7355.0,29612.0,5864.0,0,presencial,lima,1,0
SOL-003795,42,2.5,5037.0,16920.0,1347.0,1,presencial,lima,1,0
SOL-003796,35,4.6,3171.0,12045.0,4640.0,0,presencial,arequipa,0,0
SOL-003797,61,8.5,6179.0,18283.0,16714.0,1,presencial,lima,1,0
SOL-003798,36,4.3,3038.0,6729.0,2669.0,0,digital,lima,0,0
SOL-003799,34,3.8,9705.0,14783.0,5390.0,1,presencial,lima,1,0
SOL-003800,20,2.8,5407.0,21270.0,5013.0,1,presencial,lima,0,0
SOL-003801,49,11.2,1858.0,5333.0,2109.0,1,presencial,lima,0,0
SOL-003802,51,1.9,2717.0,11186.0,10794.0,1,presencial,arequipa,1,0
SOL-003803,41,12.2,2786.0,7098.0,1028.0,1,presencial,arequipa,1,0
SOL-003804,50,5.8,4496.0,10141.0,1750.0,1,presencial,arequipa,0,1
SOL-003805,39,4.9,3269.0,11336.0,6125.0,1,presencial,lima,0,0
SOL-003806,55,9.7,2130.0,6973.0,1063.0,1,presencial,trujillo,0,0
SOL-003807,43,8.4,3640.0,13043.0,128.0,1,digital,arequipa,0,0
SOL-003808,25,5.5,6439.0,10833.0,17595.0,1,presencial,lima,1,0
SOL-003809,19,5.3,2540.0,4212.0,6634.0,1,digital,lima,1,1
SOL-003810,54,0.6,2988.0,9472.0,507.0,0,digital,arequipa,1,0
SOL-003811,53,4.6,2314.0,7173.0,2039.0,1,presencial,lima,0,0
SOL-003812,29,3.3,2917.0,4924.0,202.0,0,presencial,lima,0,0
SOL-003813,26,11.4,2980.0,8146.0,5162.0,1,presencial,arequipa,1,0
SOL-003814,45,10.7,5118.0,17218.0,8518.0,1,presencial,lima,0,0
SOL-003815,30,2.3,4373.0,13470.0,3574.0,1,presencial,trujillo,1,0
SOL-003816,40,2.2,3225.0,6380.0,6830.0,1,presencial,lima,0,0
SOL-003817,42,4.7,3159.0,13509.0,265.0,1,presencial,lima,1,0
SOL-003818,42,12.4,1376.0,2073.0,1431.0,1,presencial,lima,1,0
SOL-003819,44,2.3,6176.0,13865.0,219.0,1,digital,lima,1,0
SOL-003820,52,16.0,906.0,1458.0,234.0,1,digital,trujillo,0,0
SOL-003821,27,0.3,3337.0,7603.0,222.0,1,digital,trujillo,0,0
SOL-003822,31,3.2,3903.0,13756.0,11970.0,1,presencial,trujillo,1,0
SOL-003823,47,2.2,3334.0,4914.0,6815.0,1,presencial,lima,1,0
SOL-003824,61,5.6,3811.0,5793.0,163.0,1,presencial,lima,0,0
SOL-003825,28,2.3,1898.0,3868.0,2096.0,0,digital,lima,1,0
SOL-003826,52,11.8,5375.0,7986.0,8273.0,1,presencial,lima,0,0
SOL-003827,34,3.6,1933.0,5044.0,3582.0,1,presencial,trujillo,1,0
SOL-003828,43,8.7,4539.0,9593.0,7081.0,1,presencial,lima,0,0
SOL-003829,19,0.7,1884.0,4519.0,2070.0,0,digital,lima,0,0
SOL-003830,43,4.4,3066.0,12250.0,2087.0,0,presencial,lima,1,0
SOL-003831,42,1.2,3109.0,8518.0,3205.0,1,presencial,arequipa,0,0
SOL-003832,50,12.6,3512.0,5081.0,958.0,0,presencial,lima,1,0
SOL-003833,63,4.7,4970.0,15383.0,5492.0,1,presencial,arequipa,0,0
SOL-003834,39,8.7,3757.0,6534.0,2167.0,1,presencial,arequipa,0,0
SOL-003835,21,1.5,6218.0,9849.0,425.0,1,presencial,trujillo,1,0
SOL-003836,41,1.8,6590.0,15913.0,1428.0,1,presencial,lima,0,0
SOL-003837,35,0.8,3146.0,7058.0,5803.0,1,digital,lima,1,0
SOL-003838,45,3.4,5459.0,9533.0,448.0,0,presencial,lima,0,0
SOL-003839,30,8.3,7679.0,17855.0,7270.0,0,digital,trujillo,0,0
SOL-003840,59,3.8,1835.0,5323.0,984.0,1,presencial,trujillo,0,0
SOL-003841,33,5.6,4689.0,10215.0,10120.0,1,digital,arequipa,1,0
SOL-003842,42,14.4,8547.0,12822.0,8317.0,1,presencial,lima,0,0
SOL-003843,34,4.2,4796.0,19985.0,3007.0,1,presencial,lima,1,0
SOL-003844,24,1.7,10302.0,35226.0,9634.0,1,presencial,arequipa,1,0
SOL-003845,36,0.8,6739.0,24197.0,39859.0,0,digital,lima,0,1
SOL-003846,46,7.6,3212.0,8560.0,1743.0,1,presencial,arequipa,1,0
SOL-003847,20,1.7,2340.0,7435.0,761.0,0,digital,trujillo,1,0
SOL-003848,32,0.2,3531.0,12638.0,2632.0,0,digital,lima,1,0
SOL-003849,41,21.8,2767.0,6933.0,3259.0,1,presencial,lima,0,0
SOL-003850,36,10.4,15675.0,62339.0,8007.0,1,presencial,lima,0,0
SOL-003851,34,2.8,5769.0,21889.0,31902.0,1,presencial,lima,1,0
SOL-003852,47,16.8,3921.0,8979.0,1161.0,1,presencial,arequipa,1,0
SOL-003853,41,19.2,1838.0,4469.0,2887.0,0,presencial,lima,0,0
SOL-003854,36,14.9,4363.0,8596.0,12620.0,0,presencial,lima,1,0
SOL-003855,34,4.3,2066.0,6111.0,16.0,1,presencial,lima,0,0
SOL-003856,42,5.0,5683.0,22249.0,7266.0,1,presencial,lima,0,0
SOL-003857,42,5.8,729.0,2295.0,229.0,1,digital,arequipa,0,0
SOL-003858,45,3.0,7860.0,19646.0,1721.0,1,presencial,arequipa,1,0
SOL-003859,29,8.3,2149.0,5742.0,1467.0,1,digital,lima,0,0
SOL-003860,46,6.5,1588.0,5633.0,4338.0,1,presencial,lima,0,1
SOL-003861,58,9.7,3795.0,11363.0,7302.0,1,presencial,lima,1,0
SOL-003862,48,3.8,3861.0,12021.0,256.0,1,presencial,lima,0,0
SOL-003863,35,4.6,2591.0,8524.0,4955.0,1,digital,lima,1,0
SOL-003864,50,2.0,7844.0,28940.0,2395.0,1,presencial,trujillo,0,0
SOL-003865,30,1.9,3266.0,10907.0,7734.0,0,digital,lima,1,1
SOL-003866,45,4.1,5790.0,20389.0,133.0,0,presencial,lima,1,0
SOL-003867,38,7.6,3363.0,11653.0,4620.0,1,presencial,lima,1,0
SOL-003868,26,9.3,4779.0,20416.0,1230.0,1,presencial,arequipa,1,0
SOL-003869,47,2.3,1938.0,7138.0,3676.0,1,presencial,lima,1,1
SOL-003870,47,11.2,4377.0,13544.0,14690.0,1,presencial,trujillo,0,0
SOL-003871,40,7.0,2580.0,10794.0,1797.0,0,presencial,lima,1,0
SOL-003872,54,8.0,7602.0,31862.0,3239.0,1,presencial,trujillo,0,0
SOL-003873,35,9.2,3981.0,9911.0,2364.0,0,presencial,arequipa,1,0
SOL-003874,24,2.7,5403.0,21052.0,4120.0,1,presencial,lima,0,1
SOL-003875,24,9.5,3071.0,13653.0,4093.0,1,digital,lima,0,0
SOL-003876,26,3.4,9792.0,19988.0,787.0,1,presencial,lima,0,0
SOL-003877,47,4.9,1700.0,4472.0,1549.0,1,presencial,trujillo,0,0
SOL-003878,24,2.8,2525.0,6787.0,1989.0,1,digital,trujillo,0,0
SOL-003879,54,16.8,2323.0,7649.0,379.0,1,presencial,lima,0,0
SOL-003880,54,2.8,1318.0,5778.0,2996.0,1,presencial,lima,0,0
SOL-003881,22,13.3,1572.0,3690.0,569.0,1,digital,lima,1,0
SOL-003882,23,11.0,4928.0,18414.0,19433.0,1,digital,lima,1,0
SOL-003883,38,0.3,2638.0,10060.0,3390.0,0,digital,arequipa,1,1
SOL-003884,54,3.3,3414.0,12147.0,6021.0,1,presencial,lima,0,0
SOL-003885,19,1.7,4006.0,12914.0,4146.0,1,digital,lima,1,0
SOL-003886,46,8.1,4064.0,12892.0,1752.0,1,presencial,trujillo,0,0
SOL-003887,19,9.5,3686.0,8383.0,3682.0,1,digital,arequipa,0,0
SOL-003888,26,1.7,3169.0,5785.0,2093.0,1,digital,arequipa,1,0
SOL-003889,44,0.2,3553.0,8654.0,416.0,1,digital,lima,0,0
SOL-003890,76,8.1,3030.0,6399.0,1653.0,1,presencial,trujillo,1,0
SOL-003891,40,5.7,6598.0,22586.0,9022.0,1,presencial,arequipa,1,0
SOL-003892,19,0.3,1427.0,5772.0,777.0,0,digital,lima,1,0
SOL-003893,37,7.4,3660.0,6925.0,2067.0,0,presencial,lima,1,0
SOL-003894,44,5.4,6771.0,23322.0,9544.0,1,presencial,trujillo,0,0
SOL-003895,25,0.7,2473.0,4396.0,1326.0,1,digital,lima,0,0
SOL-003896,33,3.7,3059.0,7887.0,15880.0,1,presencial,trujillo,0,1
SOL-003897,38,14.3,12582.0,24370.0,4538.0,0,presencial,arequipa,1,0
SOL-003898,47,0.5,8004.0,18638.0,15013.0,1,presencial,arequipa,1,1
SOL-003899,41,2.6,4120.0,16734.0,3715.0,1,presencial,arequipa,1,0
SOL-003900,33,1.7,2311.0,6242.0,18272.0,1,presencial,trujillo,1,0
SOL-003901,36,4.4,1328.0,2306.0,654.0,1,presencial,lima,1,0
SOL-003902,27,4.4,3873.0,7811.0,6273.0,1,digital,lima,1,0
SOL-003903,21,3.4,5175.0,20779.0,4014.0,1,digital,arequipa,0,0
SOL-003904,35,5.4,4702.0,12561.0,79.0,1,presencial,lima,0,0
SOL-003905,50,6.3,1573.0,6766.0,1349.0,0,presencial,arequipa,0,0
SOL-003906,29,2.1,2912.0,9143.0,1421.0,1,digital,arequipa,1,0
SOL-003907,19,18.3,2080.0,6182.0,2266.0,0,digital,lima,1,0
SOL-003908,43,4.1,2914.0,8200.0,976.0,0,digital,arequipa,1,0
SOL-003909,48,2.0,10515.0,39933.0,33141.0,0,presencial,lima,1,1
SOL-003910,19,3.5,4039.0,16118.0,1594.0,0,digital,trujillo,1,1
SOL-003911,39,8.1,5164.0,9263.0,9344.0,1,presencial,lima,0,0
SOL-003912,34,8.9,3738.0,9966.0,2674.0,1,presencial,arequipa,0,0
SOL-003913,39,5.8,3324.0,7567.0,3564.0,1,digital,trujillo,1,0
SOL-003914,39,5.9,2628.0,11006.0,2577.0,1,presencial,lima,0,0
SOL-003915,42,2.7,5108.0,18785.0,2742.0,1,presencial,lima,0,0
SOL-003916,41,6.7,3461.0,7982.0,2989.0,1,presencial,lima,1,0
SOL-003917,27,5.0,2496.0,6654.0,4287.0,0,presencial,arequipa,0,1
SOL-003918,58,3.2,5848.0,15787.0,5274.0,1,presencial,lima,1,0
SOL-003919,39,4.1,840.0,3602.0,1712.0,0,digital,lima,1,1
SOL-003920,35,9.2,2884.0,8273.0,1400.0,1,presencial,trujillo,0,0
SOL-003921,45,1.6,5265.0,7672.0,4080.0,1,presencial,lima,1,0
SOL-003922,43,1.1,5065.0,18554.0,939.0,0,digital,lima,0,0
SOL-003923,44,8.4,4892.0,8313.0,5699.0,1,presencial,arequipa,1,0
SOL-003924,49,0.6,1889.0,6338.0,1342.0,1,digital,lima,1,0
SOL-003925,75,10.8,3728.0,11154.0,3587.0,1,presencial,lima,0,0
SOL-003926,42,4.6,4454.0,16767.0,13346.0,1,presencial,trujillo,0,0
SOL-003927,37,7.3,8617.0,26760.0,6261.0,1,presencial,arequipa,0,1
SOL-003928,21,6.6,4324.0,8403.0,11707.0,1,digital,lima,0,0
SOL-003929,19,5.2,6201.0,25866.0,1834.0,1,presencial,arequipa,1,0
SOL-003930,46,9.7,2772.0,11643.0,943.0,1,digital,lima,1,0
SOL-003931,39,5.8,2193.0,5930.0,682.0,0,presencial,lima,0,0
SOL-003932,53,6.2,1842.0,6059.0,281.0,1,presencial,arequipa,1,0
SOL-003933,55,1.9,3273.0,10187.0,2968.0,1,presencial,lima,1,0
SOL-003934,31,14.6,5507.0,16830.0,7445.0,1,presencial,lima,0,0
SOL-003935,33,9.2,2948.0,4952.0,2044.0,1,presencial,trujillo,1,0
SOL-003936,62,2.5,5154.0,15108.0,14910.0,1,presencial,lima,1,0
SOL-003937,42,1.9,2532.0,5312.0,509.0,1,presencial,lima,0,0
SOL-003938,36,4.1,2743.0,10625.0,986.0,1,presencial,lima,0,0
SOL-003939,32,4.4,7960.0,32089.0,5238.0,1,presencial,arequipa,0,0
SOL-003940,41,5.5,5703.0,8315.0,1243.0,0,presencial,arequipa,1,0
SOL-003941,60,10.9,3264.0,12024.0,3307.0,1,presencial,trujillo,1,0
SOL-003942,51,11.3,2485.0,4364.0,337.0,1,presencial,lima,0,0
SOL-003943,45,9.1,6269.0,8968.0,5189.0,1,presencial,arequipa,1,0
SOL-003944,60,1.1,6038.0,8709.0,4658.0,1,presencial,arequipa,0,0
SOL-003945,58,13.4,5337.0,15182.0,6222.0,1,presencial,lima,1,0
SOL-003946,36,8.2,2443.0,9586.0,6574.0,0,digital,lima,1,0
SOL-003947,74,7.8,2166.0,5123.0,803.0,1,presencial,trujillo,1,0
SOL-003948,40,4.6,3798.0,16204.0,13562.0,0,presencial,lima,1,1
SOL-003949,44,5.8,5571.0,15072.0,11432.0,0,digital,arequipa,1,0
SOL-003950,39,1.7,2386.0,4736.0,2751.0,1,presencial,lima,0,0
SOL-003951,53,7.2,3923.0,11075.0,557.0,1,presencial,lima,1,0
SOL-003952,29,8.0,6273.0,20974.0,6214.0,0,digital,trujillo,1,0
SOL-003953,37,4.9,2287.0,6787.0,428.0,1,digital,trujillo,1,0
SOL-003954,58,3.0,2507.0,6935.0,3688.0,1,digital,lima,1,0
SOL-003955,53,11.5,1897.0,3764.0,946.0,1,presencial,arequipa,1,0
SOL-003956,48,18.4,5293.0,18885.0,12901.0,1,presencial,lima,0,0
SOL-003957,23,6.1,1823.0,4532.0,4592.0,0,digital,arequipa,0,0
SOL-003958,34,7.8,1194.0,5264.0,1892.0,0,digital,lima,1,0
SOL-003959,32,5.3,2331.0,6158.0,542.0,1,presencial,lima,1,0
SOL-003960,53,4.0,4266.0,8902.0,2507.0,1,presencial,lima,1,0
SOL-003961,52,9.9,1683.0,6841.0,4258.0,1,presencial,lima,0,0
SOL-003962,41,15.9,1862.0,3811.0,10206.0,1,presencial,lima,1,0
SOL-003963,50,1.8,3584.0,6885.0,1642.0,0,digital,lima,1,0
SOL-003964,60,2.5,3686.0,13371.0,3686.0,1,presencial,trujillo,0,0
SOL-003965,45,3.8,2380.0,5532.0,1126.0,1,presencial,lima,1,0
SOL-003966,49,3.2,3239.0,8725.0,821.0,1,presencial,lima,0,0
SOL-003967,37,12.0,9451.0,26446.0,3131.0,0,presencial,lima,1,0
SOL-003968,40,11.2,7454.0,28541.0,5959.0,0,presencial,arequipa,1,0
SOL-003969,31,3.7,3620.0,11513.0,273.0,0,presencial,lima,1,0
SOL-003970,38,6.3,5851.0,21639.0,12493.0,1,presencial,lima,0,0
SOL-003971,31,1.0,2853.0,12728.0,1819.0,1,digital,arequipa,1,0
SOL-003972,25,5.1,1521.0,5482.0,1635.0,1,presencial,lima,0,0
SOL-003973,49,2.5,1386.0,3139.0,1442.0,1,presencial,trujillo,0,0
SOL-003974,54,4.6,2385.0,9009.0,1556.0,0,presencial,lima,1,1
SOL-003975,43,2.5,1687.0,6807.0,747.0,1,presencial,arequipa,1,0
SOL-003976,19,11.5,4408.0,12058.0,1694.0,1,presencial,lima,0,0
SOL-003977,40,6.4,2876.0,9907.0,5834.0,1,presencial,arequipa,1,1
SOL-003978,28,7.1,4775.0,13944.0,7521.0,0,presencial,trujillo,0,0
SOL-003979,36,3.3,4813.0,8641.0,7981.0,1,presencial,lima,1,0
SOL-003980,59,4.2,5480.0,20053.0,2049.0,1,presencial,lima,0,0
SOL-003981,19,6.1,2359.0,6547.0,1236.0,1,presencial,lima,1,0
SOL-003982,34,15.8,5005.0,12382.0,5662.0,1,presencial,lima,1,0
SOL-003983,52,5.6,2329.0,6638.0,2442.0,1,presencial,trujillo,0,0
SOL-003984,35,12.7,5541.0,17755.0,11187.0,1,presencial,arequipa,1,0
SOL-003985,34,4.4,7228.0,27078.0,12285.0,1,presencial,arequipa,1,0
SOL-003986,65,5.8,5575.0,23509.0,1839.0,0,presencial,trujillo,1,0
SOL-003987,47,11.0,3491.0,12292.0,1752.0,1,presencial,trujillo,0,0
SOL-003988,53,8.8,5140.0,23039.0,692.0,1,presencial,trujillo,0,0
SOL-003989,37,1.6,1207.0,2279.0,1842.0,1,digital,lima,1,0
SOL-003990,34,5.6,1074.0,2017.0,4817.0,1,digital,lima,1,0
SOL-003991,46,5.9,3415.0,13149.0,1029.0,1,digital,lima,1,0
SOL-003992,64,8.2,7555.0,25414.0,480.0,0,presencial,lima,0,0
SOL-003993,24,3.4,2018.0,8218.0,2815.0,1,presencial,lima,1,0
SOL-003994,43,2.2,3858.0,13521.0,841.0,1,presencial,lima,0,0
SOL-003995,43,13.2,4809.0,6920.0,8825.0,0,presencial,lima,1,0
SOL-003996,38,18.6,2781.0,9693.0,1834.0,1,presencial,lima,0,0
SOL-003997,54,8.1,3208.0,6596.0,1065.0,1,presencial,lima,0,0
SOL-003998,46,4.3,5265.0,14666.0,3638.0,0,presencial,lima,1,0
SOL-003999,64,12.0,4049.0,14348.0,11852.0,1,presencial,lima,0,0
SOL-004000,55,2.9,4058.0,13937.0,222.0,1,presencial,lima,1,0
SOL-004001,47,1.5,1608.0,4158.0,3062.0,0,digital,arequipa,1,0
SOL-004002,30,13.8,3766.0,13597.0,7781.0,0,presencial,arequipa,1,0
SOL-004003,23,16.0,2179.0,9428.0,1105.0,1,digital,lima,1,0
SOL-004004,35,3.9,3200.0,6769.0,4709.0,0,presencial,lima,1,1
SOL-004005,58,3.3,2888.0,5112.0,3250.0,0,presencial,lima,1,1
SOL-004006,32,5.7,3774.0,6863.0,7729.0,1,presencial,lima,0,0
SOL-004007,33,2.7,2437.0,6869.0,1697.0,1,presencial,lima,0,0
SOL-004008,31,1.9,3852.0,8954.0,471.0,1,presencial,trujillo,1,0
SOL-004009,73,2.0,3166.0,9020.0,8151.0,1,presencial,lima,1,0
SOL-004010,41,7.0,2357.0,3916.0,839.0,1,presencial,lima,0,0
SOL-004011,49,5.5,1390.0,3010.0,688.0,1,presencial,arequipa,1,0
SOL-004012,30,10.9,6265.0,15513.0,3899.0,1,presencial,lima,1,0
SOL-004013,43,12.2,3950.0,16965.0,9102.0,0,digital,lima,0,0
SOL-004014,23,7.9,2519.0,5846.0,9932.0,0,presencial,lima,1,0
SOL-004015,32,2.7,5456.0,8454.0,3048.0,1,presencial,trujillo,1,0
SOL-004016,35,1.1,2246.0,5310.0,1311.0,1,presencial,lima,1,0
SOL-004017,45,4.5,3263.0,14045.0,3536.0,1,presencial,arequipa,1,0
SOL-004018,34,4.1,2905.0,7914.0,706.0,1,presencial,arequipa,0,0
SOL-004019,60,2.8,3313.0,13045.0,4662.0,0,presencial,lima,0,0
SOL-004020,38,6.2,3749.0,8355.0,5321.0,0,digital,arequipa,0,0
SOL-004021,35,8.1,3106.0,5656.0,3457.0,1,presencial,lima,1,0
SOL-004022,54,6.9,3208.0,9430.0,456.0,1,presencial,lima,0,0
SOL-004023,39,18.2,5633.0,20141.0,21545.0,1,presencial,lima,0,0
SOL-004024,26,0.5,2767.0,11124.0,4215.0,1,digital,trujillo,1,1
SOL-004025,42,3.1,1970.0,4230.0,6713.0,1,digital,lima,0,1
SOL-004026,19,4.0,3036.0,13536.0,539.0,1,digital,lima,0,0
SOL-004027,51,4.3,6414.0,18707.0,1882.0,1,presencial,trujillo,0,0
SOL-004028,24,2.3,4640.0,13721.0,1800.0,0,digital,lima,0,1
SOL-004029,35,9.0,1922.0,7806.0,7647.0,1,presencial,trujillo,0,0
SOL-004030,54,1.8,1381.0,3677.0,1430.0,0,digital,arequipa,1,0
SOL-004031,37,3.0,6435.0,24118.0,5323.0,1,presencial,arequipa,0,0
SOL-004032,54,8.1,3296.0,10414.0,47.0,1,presencial,arequipa,0,0
SOL-004033,46,8.0,1219.0,2218.0,704.0,1,presencial,arequipa,1,0
SOL-004034,47,1.8,2619.0,3934.0,1839.0,1,presencial,lima,1,0
SOL-004035,40,11.0,3046.0,13086.0,3529.0,1,presencial,trujillo,1,0
SOL-004036,40,16.4,3253.0,13292.0,13108.0,1,presencial,trujillo,0,0
SOL-004037,60,1.4,5697.0,25346.0,16327.0,1,presencial,trujillo,1,0
SOL-004038,42,7.4,1653.0,5769.0,1086.0,0,digital,arequipa,1,0
SOL-004039,38,6.6,6226.0,21179.0,1732.0,0,presencial,lima,1,0
SOL-004040,20,4.6,3108.0,6360.0,2003.0,0,digital,lima,1,0
SOL-004041,37,11.4,1961.0,6650.0,1852.0,0,presencial,lima,0,0
SOL-004042,43,5.0,2269.0,6612.0,3339.0,1,digital,lima,1,0
SOL-004043,56,6.4,4950.0,12720.0,3246.0,1,presencial,arequipa,1,1
SOL-004044,38,2.5,2735.0,9615.0,1943.0,0,digital,arequipa,1,0
SOL-004045,25,11.7,4661.0,7753.0,2964.0,1,presencial,lima,0,0
SOL-004046,51,1.8,2820.0,8353.0,11298.0,1,presencial,lima,0,0
SOL-004047,57,10.1,5108.0,19156.0,3850.0,1,presencial,arequipa,1,0
SOL-004048,45,3.3,3111.0,12360.0,2698.0,1,presencial,lima,1,0
SOL-004049,65,5.5,14386.0,41993.0,52314.0,1,presencial,trujillo,0,0
SOL-004050,19,1.1,1349.0,3363.0,3817.0,1,digital,arequipa,0,1
SOL-004051,40,2.8,10897.0,34591.0,27282.0,1,digital,lima,0,0
SOL-004052,21,1.5,1634.0,2937.0,1814.0,0,digital,lima,1,0
SOL-004053,55,4.7,7413.0,12480.0,3974.0,1,presencial,arequipa,0,0
SOL-004054,50,10.5,5886.0,23187.0,1578.0,1,presencial,lima,0,0
SOL-004055,52,2.4,1670.0,2993.0,3445.0,0,digital,trujillo,1,0
SOL-004056,37,0.2,3659.0,9856.0,12390.0,0,digital,lima,0,1
SOL-004057,39,7.7,2958.0,7917.0,4359.0,1,presencial,lima,0,0
SOL-004058,27,2.1,3091.0,13747.0,657.0,1,digital,lima,0,0
SOL-004059,40,3.1,4134.0,14825.0,4262.0,1,presencial,arequipa,0,0
SOL-004060,26,4.2,2234.0,8436.0,5449.0,0,digital,trujillo,1,1
SOL-004061,47,0.2,2140.0,7440.0,654.0,0,digital,trujillo,1,0
SOL-004062,46,2.3,3199.0,7181.0,1042.0,0,digital,lima,1,0
SOL-004063,27,11.9,2392.0,6027.0,3294.0,1,presencial,trujillo,0,0
SOL-004064,43,7.4,2440.0,4802.0,3644.0,1,presencial,lima,1,0
SOL-004065,44,5.6,6289.0,19374.0,8308.0,1,presencial,arequipa,1,0
SOL-004066,23,3.6,3348.0,5496.0,9029.0,0,digital,trujillo,0,1
SOL-004067,48,10.5,1940.0,8152.0,1652.0,0,presencial,lima,1,0
SOL-004068,48,2.1,1590.0,3194.0,778.0,1,digital,trujillo,0,0
SOL-004069,42,3.0,882.0,1819.0,1699.0,1,digital,lima,1,0
SOL-004070,58,0.8,6143.0,17828.0,28818.0,1,presencial,lima,1,0
SOL-004071,35,5.3,5476.0,13095.0,2891.0,0,presencial,lima,1,0
SOL-004072,43,7.7,2173.0,4164.0,3700.0,0,presencial,trujillo,1,0
SOL-004073,35,4.0,5366.0,23908.0,16018.0,1,presencial,lima,1,0
SOL-004074,46,7.0,10748.0,24365.0,12854.0,1,presencial,trujillo,1,1
SOL-004075,47,4.6,1719.0,6347.0,387.0,1,presencial,lima,0,0
SOL-004076,54,7.2,2780.0,10149.0,3410.0,1,presencial,arequipa,1,0
SOL-004077,57,6.1,1700.0,3669.0,2416.0,1,presencial,arequipa,1,0
SOL-004078,51,3.3,6268.0,14171.0,4256.0,0,presencial,lima,1,0
SOL-004079,34,4.6,3641.0,11132.0,2393.0,1,presencial,arequipa,1,0
SOL-004080,28,5.3,3112.0,12663.0,469.0,1,presencial,arequipa,1,0
SOL-004081,49,5.2,4308.0,15908.0,1720.0,1,presencial,lima,1,0
SOL-004082,60,13.9,2865.0,6703.0,1329.0,1,presencial,lima,0,0
SOL-004083,32,3.5,2174.0,3335.0,708.0,0,digital,lima,0,1
SOL-004084,26,12.1,4416.0,14498.0,3552.0,1,presencial,trujillo,0,0
SOL-004085,66,2.6,2787.0,8012.0,6080.0,1,presencial,arequipa,0,0
SOL-004086,37,5.5,2099.0,5176.0,928.0,0,digital,trujillo,1,0
SOL-004087,45,9.0,3528.0,12007.0,11218.0,1,presencial,arequipa,1,0
SOL-004088,30,1.8,4014.0,17462.0,5421.0,1,presencial,trujillo,1,0
SOL-004089,43,7.8,5234.0,21987.0,9009.0,0,presencial,lima,0,0
SOL-004090,51,1.0,5184.0,17955.0,558.0,0,presencial,lima,1,0
SOL-004091,49,3.6,1755.0,7676.0,4800.0,0,presencial,arequipa,1,0
SOL-004092,25,4.1,5572.0,14634.0,248.0,0,digital,lima,0,0
SOL-004093,31,12.4,2763.0,4734.0,213.0,0,digital,lima,1,0
SOL-004094,36,7.8,3221.0,9025.0,7025.0,1,presencial,arequipa,1,0
SOL-004095,61,3.6,2393.0,8249.0,10179.0,1,presencial,trujillo,0,0
SOL-004096,53,10.4,10768.0,41827.0,45936.0,0,presencial,arequipa,1,1
SOL-004097,37,1.6,13058.0,56251.0,16084.0,0,presencial,lima,1,1
SOL-004098,30,2.2,10101.0,30335.0,6535.0,1,presencial,trujillo,1,1
SOL-004099,35,0.2,2854.0,7296.0,2382.0,0,digital,lima,1,1
SOL-004100,27,5.4,3204.0,7283.0,2725.0,0,digital,lima,0,0
SOL-004101,38,3.9,8311.0,27270.0,8349.0,1,presencial,trujillo,0,1
SOL-004102,31,5.9,3377.0,11980.0,1267.0,1,presencial,arequipa,1,0
SOL-004103,32,2.1,5072.0,17044.0,4867.0,0,presencial,trujillo,1,0
SOL-004104,45,11.0,4308.0,8637.0,2290.0,0,presencial,trujillo,1,0
SOL-004105,29,8.8,7267.0,20226.0,2366.0,0,digital,arequipa,1,0
SOL-004106,70,1.7,8078.0,13169.0,26418.0,1,presencial,lima,1,0
SOL-004107,39,1.0,2494.0,7515.0,3704.0,0,digital,lima,1,1
SOL-004108,19,10.6,5922.0,12223.0,8679.0,1,digital,trujillo,0,0
SOL-004109,19,2.3,2674.0,11114.0,2751.0,1,digital,trujillo,0,0
SOL-004110,47,2.2,2882.0,11256.0,1085.0,1,presencial,lima,0,0
SOL-004111,39,6.3,3300.0,12103.0,3088.0,0,presencial,lima,0,0
SOL-004112,47,2.4,2893.0,5058.0,11978.0,0,digital,lima,1,1
SOL-004113,35,0.5,1781.0,4960.0,2652.0,1,digital,lima,0,0
SOL-004114,21,14.3,2924.0,5727.0,2336.0,1,presencial,trujillo,0,0
SOL-004115,21,0.2,1265.0,1943.0,1653.0,0,digital,lima,1,1
SOL-004116,36,4.9,2496.0,6609.0,1586.0,0,presencial,lima,1,0
SOL-004117,48,9.1,4324.0,10259.0,2596.0,1,presencial,trujillo,1,0
SOL-004118,20,9.9,4607.0,19563.0,10509.0,1,digital,lima,0,0
SOL-004119,45,7.9,6157.0,26295.0,6368.0,1,presencial,lima,0,0
SOL-004120,28,9.5,4786.0,20570.0,7419.0,1,presencial,lima,0,0
SOL-004121,32,7.0,1210.0,1748.0,1185.0,0,digital,lima,1,0
SOL-004122,36,4.1,1712.0,5151.0,3175.0,0,digital,lima,0,1
SOL-004123,48,1.4,2418.0,3522.0,1430.0,1,digital,lima,1,0
SOL-004124,46,4.2,6315.0,20674.0,4462.0,0,presencial,lima,1,0
SOL-004125,23,0.9,2006.0,5970.0,7700.0,1,digital,lima,1,0
SOL-004126,59,6.0,2030.0,5550.0,155.0,1,presencial,lima,0,0
SOL-004127,41,3.0,8128.0,12705.0,14723.0,0,presencial,lima,0,0
SOL-004128,52,5.0,2612.0,4506.0,2954.0,1,presencial,trujillo,1,0
SOL-004129,25,3.1,1490.0,3532.0,1111.0,0,digital,lima,1,0
SOL-004130,33,5.1,3016.0,6485.0,1185.0,1,digital,lima,1,1
SOL-004131,23,3.4,2610.0,5101.0,6838.0,0,digital,trujillo,1,0
SOL-004132,47,5.3,2951.0,11919.0,12457.0,1,presencial,lima,0,0
SOL-004133,52,1.9,3828.0,5697.0,2666.0,0,presencial,lima,1,0
SOL-004134,38,3.6,2365.0,4908.0,3928.0,0,presencial,trujillo,1,0
SOL-004135,37,0.2,2934.0,12448.0,4707.0,0,presencial,arequipa,1,0
SOL-004136,47,7.7,3756.0,15408.0,6437.0,0,presencial,lima,0,0
SOL-004137,34,4.5,1328.0,3322.0,270.0,1,presencial,arequipa,0,0
SOL-004138,19,2.5,4403.0,17144.0,10591.0,0,digital,arequipa,1,0
SOL-004139,36,4.6,1312.0,2456.0,157.0,1,digital,lima,1,0
SOL-004140,31,4.0,1644.0,5565.0,2607.0,0,digital,lima,0,1
SOL-004141,42,6.1,6439.0,26644.0,18415.0,1,presencial,lima,1,0
SOL-004142,49,6.7,5146.0,14734.0,2841.0,1,presencial,trujillo,1,0
SOL-004143,50,4.9,4005.0,7679.0,4429.0,1,presencial,lima,1,0
SOL-004144,41,2.4,1575.0,5031.0,2981.0,1,presencial,lima,0,0
SOL-004145,31,2.1,2793.0,10388.0,2043.0,1,presencial,lima,0,0
SOL-004146,36,3.4,3421.0,13969.0,1189.0,0,presencial,trujillo,1,0
SOL-004147,49,13.2,3552.0,9148.0,6043.0,1,presencial,lima,1,0
SOL-004148,34,3.8,4851.0,11063.0,1281.0,1,digital,lima,1,0
SOL-004149,37,7.3,10797.0,38062.0,559.0,1,presencial,lima,1,0
SOL-004150,34,4.2,5270.0,11460.0,5551.0,1,presencial,arequipa,1,1
SOL-004151,50,4.7,2899.0,6240.0,2133.0,0,presencial,lima,1,0
SOL-004152,41,3.0,7198.0,14146.0,12408.0,0,presencial,trujillo,1,0
SOL-004153,51,7.5,2817.0,7153.0,3191.0,1,presencial,lima,1,1
SOL-004154,53,4.4,978.0,2701.0,4661.0,0,presencial,lima,1,0
SOL-004155,40,8.0,1999.0,7290.0,5396.0,0,presencial,lima,1,0
SOL-004156,53,0.8,1115.0,1933.0,1401.0,1,presencial,lima,0,0
SOL-004157,34,6.6,2195.0,5971.0,5351.0,0,digital,lima,1,1
SOL-004158,46,2.7,3489.0,12000.0,10624.0,1,presencial,arequipa,0,0
SOL-004159,19,3.1,1672.0,5165.0,5091.0,1,presencial,lima,0,0
SOL-004160,32,9.4,2455.0,9434.0,740.0,1,presencial,arequipa,0,0
SOL-004161,33,10.2,1823.0,7595.0,715.0,1,presencial,lima,1,0
SOL-004162,39,5.7,3583.0,7379.0,12528.0,1,presencial,arequipa,1,0
SOL-004163,33,8.2,1719.0,7249.0,1869.0,0,digital,lima,1,0
SOL-004164,45,3.6,6472.0,26824.0,7472.0,1,presencial,lima,1,0
SOL-004165,46,4.0,4181.0,10569.0,6391.0,1,presencial,lima,1,0
SOL-004166,35,11.7,8817.0,34574.0,7561.0,0,presencial,trujillo,1,0
SOL-004167,51,1.1,3022.0,9058.0,11406.0,1,presencial,trujillo,0,0
SOL-004168,63,7.4,11673.0,45683.0,15840.0,1,presencial,trujillo,0,0
SOL-004169,39,4.9,3833.0,14254.0,8562.0,1,presencial,trujillo,1,0
SOL-004170,36,6.2,2908.0,12747.0,1952.0,1,presencial,lima,0,0
SOL-004171,24,4.0,9376.0,19553.0,7350.0,1,digital,lima,0,0
SOL-004172,33,4.6,1035.0,3811.0,389.0,0,digital,lima,1,1
SOL-004173,26,3.2,2010.0,2901.0,4020.0,0,digital,trujillo,1,1
SOL-004174,24,6.1,1610.0,6854.0,1479.0,1,presencial,lima,1,0
SOL-004175,19,5.7,1030.0,2077.0,2063.0,0,digital,lima,0,0
SOL-004176,54,4.2,1306.0,3340.0,2400.0,0,presencial,arequipa,0,0
SOL-004177,57,4.9,5275.0,21171.0,1756.0,1,presencial,lima,0,0
SOL-004178,50,4.3,1342.0,3866.0,1094.0,1,digital,arequipa,0,1
SOL-004179,45,9.8,3353.0,11594.0,958.0,1,presencial,lima,1,0
SOL-004180,21,0.2,4260.0,10737.0,1454.0,0,digital,arequipa,0,0
SOL-004181,27,1.0,3409.0,10642.0,860.0,1,digital,trujillo,0,0
SOL-004182,27,14.6,4747.0,19087.0,1977.0,0,presencial,arequipa,0,0
SOL-004183,19,5.2,5037.0,20988.0,2583.0,1,digital,lima,1,0
SOL-004184,46,6.7,8839.0,24878.0,49553.0,1,presencial,lima,1,0
SOL-004185,38,17.5,1397.0,5075.0,1017.0,0,digital,lima,1,0
SOL-004186,54,5.0,3445.0,9813.0,7260.0,1,digital,lima,1,1
SOL-004187,42,3.8,3322.0,14327.0,5415.0,1,presencial,arequipa,0,0
SOL-004188,28,0.7,3547.0,12966.0,4782.0,1,presencial,lima,0,0
SOL-004189,42,4.7,1744.0,4773.0,4076.0,0,presencial,lima,0,0
SOL-004190,40,5.5,2903.0,8547.0,3654.0,1,presencial,lima,1,0
SOL-004191,38,8.9,3072.0,6045.0,1159.0,1,presencial,trujillo,1,0
SOL-004192,36,7.6,5637.0,24336.0,8403.0,1,digital,lima,1,0
SOL-004193,30,7.5,2099.0,4598.0,3848.0,1,presencial,lima,0,0
SOL-004194,33,8.5,775.0,1521.0,215.0,0,digital,lima,0,1
SOL-004195,50,6.1,3816.0,10691.0,4738.0,0,presencial,lima,1,0
SOL-004196,59,1.6,1991.0,7269.0,4465.0,1,presencial,trujillo,0,0
SOL-004197,46,4.5,3560.0,12518.0,3547.0,1,presencial,lima,1,0
SOL-004198,43,2.9,3778.0,8271.0,16399.0,1,digital,arequipa,1,1
SOL-004199,38,5.8,3634.0,8072.0,1963.0,0,presencial,arequipa,1,0
SOL-004200,40,10.3,3059.0,6517.0,2297.0,1,presencial,trujillo,1,0
SOL-004201,58,5.2,3528.0,11537.0,5469.0,1,presencial,arequipa,1,0
SOL-004202,19,3.7,4163.0,18180.0,2440.0,0,digital,arequipa,1,1
SOL-004203,39,20.6,2100.0,8730.0,1198.0,1,presencial,lima,1,0
SOL-004204,55,2.7,5590.0,16569.0,15929.0,1,presencial,lima,0,0
SOL-004205,30,4.9,1589.0,4086.0,1212.0,0,digital,arequipa,1,0
SOL-004206,29,2.0,3664.0,9624.0,8281.0,0,digital,arequipa,1,1
SOL-004207,40,6.9,1716.0,6691.0,554.0,1,presencial,lima,0,0
SOL-004208,44,11.1,5075.0,17340.0,3774.0,1,presencial,lima,1,0
SOL-004209,55,8.3,3630.0,5546.0,2577.0,1,presencial,lima,0,0
SOL-004210,53,6.4,4025.0,6579.0,3084.0,1,presencial,lima,1,0
SOL-004211,32,3.7,4412.0,12760.0,1433.0,0,digital,lima,0,0
SOL-004212,55,10.1,2497.0,7616.0,1649.0,1,presencial,lima,1,0
SOL-004213,47,8.6,3778.0,16540.0,3721.0,0,presencial,lima,1,0
SOL-004214,52,5.4,4482.0,8235.0,409.0,0,presencial,arequipa,1,0
SOL-004215,32,19.2,3276.0,12789.0,1818.0,1,presencial,arequipa,0,0
SOL-004216,62,3.3,5557.0,23206.0,8535.0,1,presencial,arequipa,0,0
SOL-004217,34,16.7,3181.0,8177.0,1459.0,0,digital,arequipa,1,0
SOL-004218,19,10.3,2831.0,5383.0,3406.0,1,presencial,lima,1,0
SOL-004219,50,0.6,5161.0,11166.0,2176.0,1,digital,lima,1,0
SOL-004220,32,1.9,3589.0,12399.0,3251.0,0,digital,arequipa,1,0
SOL-004221,39,6.4,2470.0,3992.0,124.0,1,presencial,trujillo,1,0
SOL-004222,36,1.8,2457.0,10185.0,3681.0,1,presencial,arequipa,1,0
SOL-004223,48,8.8,3415.0,12791.0,1950.0,1,presencial,arequipa,1,0
SOL-004224,33,5.2,4830.0,18657.0,9893.0,0,presencial,arequipa,0,1
SOL-004225,37,9.0,1211.0,4475.0,985.0,0,presencial,arequipa,1,0
SOL-004226,26,6.7,1767.0,3179.0,1108.0,0,digital,arequipa,1,0
SOL-004227,40,4.7,2835.0,10392.0,1380.0,1,presencial,arequipa,0,0
SOL-004228,37,3.6,1812.0,5903.0,1025.0,1,presencial,lima,0,0
SOL-004229,52,1.0,2250.0,3505.0,1221.0,1,presencial,lima,1,0
SOL-004230,46,18.8,4111.0,9383.0,1695.0,1,presencial,lima,0,0
SOL-004231,36,6.4,2078.0,5635.0,945.0,0,digital,lima,1,0
SOL-004232,50,2.4,3092.0,9533.0,12737.0,0,presencial,arequipa,0,0
SOL-004233,31,3.6,1308.0,2563.0,1095.0,0,digital,lima,1,0
SOL-004234,21,8.4,2398.0,7276.0,226.0,0,digital,lima,1,0
SOL-004235,63,5.7,1751.0,7649.0,167.0,1,presencial,arequipa,0,0
SOL-004236,53,1.9,8174.0,20430.0,34340.0,0,presencial,lima,1,1
SOL-004237,61,8.6,9476.0,17716.0,7627.0,1,presencial,trujillo,0,0
SOL-004238,43,0.3,2095.0,5977.0,520.0,0,digital,lima,1,0
SOL-004239,38,9.4,2135.0,5971.0,4803.0,1,presencial,lima,1,0
SOL-004240,19,7.0,5969.0,25328.0,2800.0,0,presencial,lima,0,0
SOL-004241,19,3.7,3646.0,10330.0,3463.0,0,digital,lima,1,0
SOL-004242,39,3.6,7102.0,15300.0,7819.0,1,digital,lima,0,1
SOL-004243,42,4.5,11653.0,24423.0,3202.0,1,presencial,lima,0,0
SOL-004244,38,7.9,1334.0,2010.0,643.0,1,presencial,lima,1,0
SOL-004245,19,0.7,4894.0,18100.0,8369.0,1,digital,lima,1,0
SOL-004246,43,3.8,3409.0,7603.0,9810.0,1,presencial,arequipa,1,0
SOL-004247,20,10.8,3565.0,13699.0,6650.0,0,digital,lima,1,0
SOL-004248,35,17.6,5736.0,17816.0,7295.0,1,presencial,lima,1,0
SOL-004249,52,4.9,5612.0,20237.0,3495.0,1,presencial,lima,1,0
SOL-004250,21,4.4,4508.0,9151.0,6418.0,1,digital,trujillo,0,0
SOL-004251,33,2.6,2860.0,5378.0,4752.0,0,presencial,arequipa,1,0
SOL-004252,45,3.2,2332.0,6288.0,6566.0,1,presencial,trujillo,0,0
SOL-004253,53,1.0,7095.0,17780.0,6443.0,1,presencial,trujillo,1,0
SOL-004254,39,1.6,2433.0,7224.0,12940.0,1,presencial,lima,1,0
SOL-004255,48,2.5,7053.0,26235.0,14882.0,1,digital,arequipa,1,1
SOL-004256,29,9.6,2572.0,10847.0,2112.0,0,presencial,lima,1,0
SOL-004257,27,5.3,3140.0,10181.0,7692.0,0,presencial,trujillo,0,1
SOL-004258,26,12.1,3467.0,7281.0,2256.0,1,presencial,lima,1,0
SOL-004259,19,2.2,1202.0,2784.0,570.0,0,digital,lima,0,0
SOL-004260,47,10.8,1720.0,7237.0,170.0,1,presencial,trujillo,0,0
SOL-004261,21,19.3,4305.0,8825.0,17451.0,0,digital,trujillo,1,0
SOL-004262,19,5.3,1095.0,1855.0,687.0,0,digital,trujillo,0,0
SOL-004263,47,1.0,14189.0,60383.0,23307.0,1,presencial,lima,0,0
SOL-004264,41,0.2,2551.0,3782.0,5447.0,1,digital,lima,1,0
SOL-004265,44,0.2,1569.0,5839.0,1026.0,1,digital,lima,0,0
SOL-004266,53,3.1,4762.0,8816.0,3435.0,1,presencial,lima,1,0
SOL-004267,33,9.2,1064.0,3688.0,101.0,1,presencial,lima,0,0
SOL-004268,35,2.4,2253.0,4456.0,666.0,0,digital,lima,1,0
SOL-004269,37,9.1,2408.0,10068.0,367.0,1,digital,arequipa,0,0
SOL-004270,27,1.9,1387.0,2156.0,6748.0,0,digital,lima,0,1
SOL-004271,34,18.9,1929.0,4521.0,1494.0,1,digital,arequipa,0,0
SOL-004272,29,12.5,8464.0,32395.0,3838.0,1,presencial,trujillo,0,0
SOL-004273,25,2.2,2947.0,9309.0,1758.0,0,digital,arequipa,1,0
SOL-004274,36,1.2,3298.0,8930.0,3096.0,0,digital,lima,1,0
SOL-004275,60,12.6,2542.0,6991.0,965.0,1,presencial,lima,1,0
SOL-004276,56,2.3,1923.0,5687.0,3076.0,0,presencial,lima,1,1
SOL-004277,50,3.6,3377.0,15143.0,7216.0,0,presencial,arequipa,1,0
SOL-004278,33,0.7,746.0,2602.0,590.0,1,digital,lima,0,0
SOL-004279,42,6.3,2164.0,6297.0,1086.0,1,presencial,lima,0,0
SOL-004280,19,9.6,1397.0,3350.0,897.0,0,digital,trujillo,1,1
SOL-004281,34,3.9,1326.0,3927.0,411.0,1,presencial,arequipa,0,0
SOL-004282,34,9.8,5365.0,22855.0,3919.0,1,presencial,trujillo,0,0
SOL-004283,49,6.6,3576.0,7434.0,6239.0,0,presencial,lima,1,0
SOL-004284,53,2.2,2773.0,6852.0,9393.0,1,presencial,trujillo,1,0
SOL-004285,40,2.1,3798.0,6082.0,4822.0,0,digital,lima,0,0
SOL-004286,56,1.6,1628.0,5455.0,2785.0,1,presencial,lima,0,0
SOL-004287,33,0.5,1332.0,5032.0,1074.0,1,digital,trujillo,1,0
SOL-004288,32,14.9,6843.0,22988.0,15915.0,1,presencial,trujillo,1,0
SOL-004289,31,4.3,8775.0,34369.0,3544.0,0,digital,lima,1,0
SOL-004290,35,5.3,5463.0,20701.0,1127.0,0,presencial,lima,1,0
SOL-004291,50,5.8,4891.0,21592.0,3751.0,1,presencial,lima,1,0
SOL-004292,39,2.8,2828.0,7926.0,3975.0,0,presencial,arequipa,1,0
SOL-004293,42,4.1,2862.0,4753.0,538.0,1,presencial,trujillo,1,0
SOL-004294,51,6.9,4308.0,13181.0,16668.0,0,presencial,lima,0,0
SOL-004295,24,0.2,5471.0,20736.0,1756.0,1,digital,lima,1,0
SOL-004296,54,0.8,4778.0,12717.0,2764.0,1,presencial,arequipa,1,0
SOL-004297,28,3.5,6299.0,17591.0,8875.0,1,presencial,arequipa,1,0
SOL-004298,46,3.1,2377.0,8761.0,2928.0,0,presencial,lima,0,0
SOL-004299,42,11.6,5275.0,7660.0,12602.0,1,presencial,arequipa,1,1
SOL-004300,41,1.1,1890.0,6497.0,3379.0,0,digital,trujillo,1,0
SOL-004301,28,7.0,4117.0,14790.0,1372.0,1,presencial,lima,1,0
SOL-004302,19,1.5,3691.0,16274.0,2224.0,1,digital,arequipa,0,0
SOL-004303,40,5.1,2033.0,7447.0,3099.0,0,digital,arequipa,1,0
SOL-004304,39,5.9,2255.0,4072.0,1806.0,1,presencial,lima,1,0
SOL-004305,42,13.5,4622.0,13611.0,1496.0,1,presencial,trujillo,0,0
SOL-004306,36,2.5,3569.0,9488.0,180.0,1,presencial,arequipa,0,0
SOL-004307,53,2.6,4108.0,10857.0,11753.0,1,presencial,lima,1,0
SOL-004308,46,22.5,5387.0,20653.0,3072.0,1,presencial,lima,1,0
SOL-004309,35,9.3,5288.0,16929.0,7981.0,1,digital,arequipa,0,0
SOL-004310,30,3.7,5404.0,19810.0,1914.0,1,presencial,lima,0,1
SOL-004311,49,2.7,5047.0,18734.0,6461.0,1,presencial,lima,0,0
SOL-004312,21,0.8,2066.0,7301.0,152.0,0,digital,lima,0,1
SOL-004313,36,10.6,3196.0,11982.0,1110.0,1,presencial,arequipa,0,0
SOL-004314,19,1.6,3394.0,7051.0,2274.0,0,digital,trujillo,0,0
SOL-004315,41,2.8,3169.0,5406.0,1283.0,1,presencial,arequipa,1,0
SOL-004316,55,2.8,4838.0,9192.0,2317.0,1,presencial,trujillo,0,0
SOL-004317,34,6.1,1753.0,6849.0,3239.0,0,digital,lima,0,0
SOL-004318,27,2.8,7307.0,31886.0,4128.0,1,digital,lima,1,0
SOL-004319,33,9.3,2963.0,12753.0,808.0,1,digital,trujillo,1,0
SOL-004320,44,16.8,4091.0,5890.0,2359.0,0,presencial,lima,1,0
SOL-004321,33,4.3,2085.0,9351.0,1459.0,0,digital,trujillo,0,0
SOL-004322,45,6.4,10350.0,42934.0,6644.0,0,presencial,lima,0,0
SOL-004323,32,4.3,1995.0,4023.0,1388.0,1,presencial,lima,1,0
SOL-004324,44,5.8,2656.0,8308.0,427.0,1,presencial,arequipa,0,0
SOL-004325,24,1.0,5966.0,26562.0,6637.0,1,presencial,lima,1,0
SOL-004326,49,6.8,4336.0,12401.0,3277.0,0,presencial,lima,1,1
SOL-004327,31,9.4,2836.0,12353.0,7913.0,0,presencial,lima,0,0
SOL-004328,45,0.7,2015.0,6218.0,3985.0,1,digital,lima,1,1
SOL-004329,19,13.5,2303.0,5683.0,829.0,0,digital,lima,1,0
SOL-004330,50,1.9,2825.0,5361.0,973.0,1,digital,trujillo,1,0
SOL-004331,25,12.6,8586.0,14791.0,17452.0,1,presencial,lima,1,0
SOL-004332,19,6.5,3670.0,13178.0,1052.0,1,digital,trujillo,1,0
SOL-004333,46,2.0,6517.0,15742.0,2049.0,1,presencial,arequipa,0,0
SOL-004334,50,10.5,3054.0,8136.0,3651.0,1,presencial,lima,0,0
SOL-004335,29,3.7,3503.0,15082.0,1664.0,1,digital,lima,0,1
SOL-004336,53,7.2,1705.0,3443.0,2055.0,1,presencial,trujillo,1,0
SOL-004337,34,4.4,4208.0,10760.0,356.0,1,presencial,arequipa,1,0
SOL-004338,39,4.8,4070.0,17174.0,2327.0,1,presencial,trujillo,0,0
SOL-004339,40,1.3,9869.0,42593.0,21786.0,1,presencial,lima,1,0
SOL-004340,26,6.0,6023.0,23421.0,2006.0,1,digital,arequipa,1,0
SOL-004341,22,5.2,3346.0,8659.0,1667.0,1,presencial,arequipa,1,0
SOL-004342,43,6.4,2503.0,4478.0,1707.0,1,presencial,trujillo,0,0
SOL-004343,42,7.3,2539.0,9768.0,1338.0,1,presencial,lima,1,0
SOL-004344,55,7.0,3284.0,13139.0,279.0,1,presencial,trujillo,1,0
SOL-004345,19,6.2,5272.0,19064.0,10874.0,1,digital,lima,1,0
SOL-004346,25,0.2,3325.0,8133.0,2455.0,1,digital,trujillo,1,0
SOL-004347,45,2.8,3508.0,12006.0,4529.0,1,digital,lima,1,0
SOL-004348,35,0.4,4085.0,14612.0,9519.0,0,digital,arequipa,0,1
SOL-004349,49,0.5,2283.0,9477.0,1125.0,1,presencial,lima,0,0
SOL-004350,37,5.5,1853.0,3394.0,2096.0,1,digital,trujillo,1,0
SOL-004351,48,16.6,5017.0,11127.0,93.0,1,presencial,lima,1,0
SOL-004352,63,0.6,2553.0,6769.0,2147.0,1,presencial,lima,1,0
SOL-004353,44,7.6,1731.0,6779.0,222.0,0,presencial,arequipa,1,0
SOL-004354,32,4.1,2180.0,9092.0,2872.0,1,presencial,arequipa,0,0
SOL-004355,39,3.3,4636.0,10492.0,7183.0,0,digital,lima,0,0
SOL-004356,26,5.8,2206.0,6536.0,872.0,1,digital,arequipa,1,0
SOL-004357,31,5.2,3013.0,9894.0,4383.0,1,digital,lima,0,0
SOL-004358,47,4.3,2237.0,4279.0,1391.0,0,presencial,arequipa,1,1
SOL-004359,34,3.5,4662.0,17978.0,12379.0,1,presencial,arequipa,1,1
SOL-004360,26,5.2,2329.0,6660.0,422.0,0,digital,arequipa,0,0
SOL-004361,48,0.8,4827.0,20146.0,3539.0,1,presencial,trujillo,1,0
SOL-004362,37,7.4,2985.0,9253.0,3181.0,0,presencial,lima,1,0
SOL-004363,54,4.1,4975.0,19813.0,8736.0,1,presencial,lima,0,0
SOL-004364,21,10.3,2037.0,3162.0,3335.0,0,digital,arequipa,1,1
SOL-004365,21,3.5,2570.0,7094.0,1397.0,0,digital,lima,1,1
SOL-004366,64,11.5,3323.0,8970.0,2151.0,1,presencial,lima,1,0
SOL-004367,26,2.5,3880.0,7765.0,1241.0,1,presencial,arequipa,1,0
SOL-004368,43,2.3,4425.0,13899.0,10706.0,1,presencial,lima,1,0
SOL-004369,63,3.0,2959.0,11027.0,9792.0,1,presencial,lima,1,0
SOL-004370,43,13.2,3597.0,10537.0,222.0,1,presencial,trujillo,1,0
SOL-004371,58,5.0,4217.0,16780.0,8442.0,1,presencial,lima,1,0
SOL-004372,50,3.4,4984.0,11504.0,7736.0,1,presencial,lima,0,0
SOL-004373,43,6.7,3679.0,8553.0,44.0,0,presencial,lima,0,0
SOL-004374,42,3.1,2413.0,4626.0,4499.0,1,presencial,lima,0,0
SOL-004375,20,6.7,4004.0,15339.0,11074.0,1,presencial,arequipa,0,0
SOL-004376,39,5.0,5424.0,10082.0,9275.0,1,presencial,arequipa,0,0
SOL-004377,35,1.7,1340.0,2498.0,390.0,0,digital,arequipa,1,1
SOL-004378,46,5.2,1925.0,2737.0,7275.0,1,presencial,lima,1,0
SOL-004379,59,3.6,1899.0,4944.0,4001.0,1,digital,lima,1,0
SOL-004380,46,8.8,3463.0,9538.0,1088.0,1,presencial,lima,1,0
SOL-004381,50,1.9,1221.0,3417.0,1656.0,1,presencial,arequipa,0,0
SOL-004382,56,3.7,5159.0,19476.0,6613.0,1,presencial,arequipa,1,0
SOL-004383,49,6.0,3481.0,9348.0,599.0,0,presencial,lima,0,0
SOL-004384,42,2.9,1127.0,1593.0,1082.0,1,presencial,trujillo,1,0
SOL-004385,31,3.0,1502.0,4941.0,1833.0,1,digital,arequipa,1,0
SOL-004386,28,1.7,2292.0,4425.0,1179.0,1,digital,lima,1,0
SOL-004387,48,4.0,1523.0,2250.0,4604.0,0,presencial,arequipa,1,1
SOL-004388,41,2.3,6340.0,24155.0,4362.0,1,presencial,arequipa,1,0
SOL-004389,39,15.0,2953.0,6385.0,4311.0,0,digital,lima,1,0
SOL-004390,32,0.8,5446.0,20376.0,4979.0,1,presencial,lima,1,1
SOL-004391,45,3.3,2242.0,7599.0,877.0,0,presencial,arequipa,0,0
SOL-004392,49,3.5,3318.0,13731.0,3780.0,0,digital,trujillo,0,0
SOL-004393,41,5.1,2715.0,6815.0,2207.0,0,presencial,arequipa,1,0
SOL-004394,63,10.7,3463.0,11827.0,12908.0,1,presencial,arequipa,0,0
SOL-004395,45,1.9,4598.0,14537.0,9303.0,1,presencial,arequipa,1,0
SOL-004396,42,1.3,3691.0,14124.0,402.0,1,presencial,lima,1,0
SOL-004397,44,3.6,5828.0,14109.0,2171.0,0,presencial,lima,1,1
SOL-004398,29,3.5,2880.0,9384.0,886.0,0,digital,lima,1,1
SOL-004399,21,4.2,3008.0,9255.0,34.0,1,presencial,trujillo,1,0
SOL-004400,42,7.7,4153.0,6375.0,6579.0,0,digital,trujillo,1,0
SOL-004401,56,0.5,4634.0,6976.0,6122.0,1,digital,trujillo,0,0
SOL-004402,37,1.8,2804.0,11775.0,652.0,0,digital,lima,1,1
SOL-004403,49,7.3,7668.0,25967.0,1881.0,1,presencial,lima,0,0
SOL-004404,41,5.2,3387.0,11179.0,134.0,0,presencial,arequipa,1,0
SOL-004405,56,10.9,3581.0,13263.0,1213.0,1,presencial,lima,1,0
SOL-004406,43,5.2,3836.0,5557.0,4852.0,0,presencial,lima,1,0
SOL-004407,35,0.3,2504.0,5307.0,10218.0,0,digital,arequipa,1,1
SOL-004408,26,10.0,3257.0,11124.0,378.0,1,presencial,arequipa,1,0
SOL-004409,26,7.8,1848.0,6703.0,2145.0,1,digital,arequipa,0,0
SOL-004410,47,6.7,2283.0,7652.0,10383.0,1,presencial,lima,1,0
SOL-004411,53,18.5,4055.0,10844.0,3009.0,1,presencial,lima,1,0
SOL-004412,53,5.4,7138.0,23024.0,5163.0,1,presencial,lima,0,0
SOL-004413,19,4.0,4092.0,14607.0,3652.0,0,digital,lima,1,0
SOL-004414,27,9.2,4684.0,12459.0,3684.0,0,presencial,lima,0,0
SOL-004415,49,6.2,7329.0,23075.0,12142.0,1,presencial,lima,1,0
SOL-004416,24,4.0,2706.0,4451.0,15413.0,1,digital,trujillo,1,1
SOL-004417,53,1.3,2289.0,4408.0,891.0,0,presencial,lima,1,0
SOL-004418,25,1.7,3192.0,12114.0,494.0,1,presencial,lima,0,0
SOL-004419,42,1.7,3709.0,9562.0,948.0,1,presencial,lima,1,0
SOL-004420,43,4.0,2932.0,11177.0,5196.0,0,presencial,arequipa,1,1
SOL-004421,48,11.2,5257.0,18348.0,5530.0,1,presencial,lima,0,0
SOL-004422,32,14.7,6226.0,15715.0,12723.0,1,presencial,lima,0,0
SOL-004423,21,12.1,1555.0,5893.0,97.0,1,presencial,lima,0,0
SOL-004424,45,12.4,3549.0,6359.0,2461.0,1,presencial,lima,1,0
SOL-004425,49,2.6,846.0,1606.0,1359.0,0,presencial,arequipa,0,0
SOL-004426,54,5.2,3650.0,9740.0,214.0,1,presencial,lima,1,0
SOL-004427,39,2.4,3628.0,12455.0,4174.0,1,presencial,lima,1,0
SOL-004428,52,6.5,9640.0,22394.0,6950.0,1,presencial,arequipa,1,0
SOL-004429,48,4.1,8247.0,19809.0,27379.0,0,presencial,lima,1,0
SOL-004430,58,1.3,6216.0,25307.0,832.0,0,presencial,arequipa,1,0
SOL-004431,42,7.1,2324.0,9737.0,5099.0,1,presencial,lima,0,0
SOL-004432,19,1.4,1578.0,6673.0,841.0,0,digital,arequipa,1,1
SOL-004433,31,3.2,1515.0,2224.0,83.0,0,digital,lima,0,0
SOL-004434,44,3.5,8466.0,32806.0,3542.0,1,presencial,lima,0,0
SOL-004435,49,7.7,2384.0,8968.0,4697.0,1,presencial,lima,1,0
SOL-004436,26,5.7,3132.0,6891.0,5710.0,0,presencial,trujillo,0,0
SOL-004437,29,3.5,1678.0,3528.0,2434.0,1,digital,lima,1,0
SOL-004438,53,11.9,1990.0,3001.0,510.0,1,presencial,trujillo,0,0
SOL-004439,42,3.7,4550.0,17965.0,15431.0,1,presencial,trujillo,1,0
SOL-004440,40,6.8,4145.0,13609.0,3663.0,0,presencial,lima,1,0
SOL-004441,64,3.8,1204.0,1745.0,832.0,1,presencial,lima,1,0
SOL-004442,31,20.8,1945.0,4081.0,1704.0,1,presencial,lima,0,0
SOL-004443,46,8.7,3060.0,12165.0,495.0,0,digital,trujillo,1,0
SOL-004444,43,12.6,2581.0,8431.0,161.0,1,digital,arequipa,0,0
SOL-004445,41,5.6,3107.0,12592.0,2295.0,1,presencial,lima,1,0
SOL-004446,43,10.6,5245.0,9728.0,173.0,1,presencial,lima,0,0
SOL-004447,43,2.2,1807.0,7866.0,3424.0,1,presencial,trujillo,1,0
SOL-004448,45,1.9,2809.0,5739.0,8126.0,1,presencial,lima,1,0
SOL-004449,36,4.5,5011.0,11730.0,27172.0,1,presencial,lima,1,0
SOL-004450,38,6.4,2731.0,11664.0,1015.0,1,presencial,lima,1,0
SOL-004451,28,9.6,3152.0,7470.0,5757.0,1,digital,lima,0,0
SOL-004452,28,3.7,1476.0,4790.0,2569.0,1,digital,trujillo,0,0
SOL-004453,40,4.4,2494.0,6152.0,1898.0,1,presencial,arequipa,1,1
SOL-004454,19,7.1,1061.0,3918.0,1456.0,0,digital,lima,1,1
SOL-004455,44,13.7,1313.0,3106.0,3347.0,0,presencial,lima,1,0
SOL-004456,37,9.0,2988.0,8271.0,1745.0,1,presencial,arequipa,0,0
SOL-004457,22,7.1,4837.0,8028.0,7250.0,1,presencial,lima,0,0
SOL-004458,39,10.5,3606.0,15343.0,4818.0,0,presencial,lima,0,0
SOL-004459,39,10.0,6998.0,29452.0,7681.0,1,presencial,lima,0,0
SOL-004460,46,7.5,2184.0,8502.0,688.0,0,digital,arequipa,1,0
SOL-004461,37,10.2,1271.0,5219.0,298.0,1,presencial,trujillo,1,0
SOL-004462,50,6.5,4578.0,14963.0,2707.0,0,presencial,arequipa,0,0
SOL-004463,58,15.4,2185.0,3638.0,4187.0,1,presencial,lima,1,0
SOL-004464,25,0.3,2861.0,4631.0,3159.0,0,digital,arequipa,1,0
SOL-004465,42,7.9,1166.0,4474.0,1714.0,1,presencial,lima,1,0
SOL-004466,62,3.2,3318.0,9964.0,4542.0,1,presencial,trujillo,0,0
SOL-004467,46,6.1,5516.0,12459.0,28206.0,1,presencial,lima,0,0
SOL-004468,47,2.1,5176.0,7848.0,9052.0,1,presencial,lima,0,0
SOL-004469,28,2.4,2352.0,10468.0,738.0,0,digital,lima,1,1
SOL-004470,51,4.4,3727.0,6335.0,2773.0,1,presencial,lima,1,0
SOL-004471,32,5.7,2069.0,5233.0,4283.0,1,digital,lima,1,0
SOL-004472,23,3.7,3278.0,11501.0,146.0,0,presencial,arequipa,0,1
SOL-004473,39,4.6,5302.0,17664.0,4484.0,1,presencial,arequipa,1,0
SOL-004474,30,8.9,2592.0,4644.0,1440.0,1,presencial,trujillo,0,0
SOL-004475,44,11.4,2727.0,9063.0,712.0,0,presencial,lima,1,0
SOL-004476,33,4.2,1684.0,4114.0,405.0,1,presencial,lima,0,0
SOL-004477,48,12.5,5358.0,10335.0,9029.0,1,presencial,lima,0,0
SOL-004478,43,8.5,3241.0,10737.0,6186.0,1,presencial,lima,1,1
SOL-004479,19,10.8,1389.0,5822.0,798.0,1,digital,lima,0,1
SOL-004480,27,4.2,4109.0,15325.0,2592.0,0,digital,trujillo,1,0
SOL-004481,50,4.6,3632.0,6914.0,2824.0,0,presencial,trujillo,0,0
SOL-004482,56,5.3,2529.0,4906.0,9651.0,0,presencial,lima,0,0
SOL-004483,22,5.6,4143.0,11828.0,6608.0,1,digital,arequipa,1,0
SOL-004484,31,5.8,3115.0,4565.0,6435.0,0,presencial,arequipa,1,0
SOL-004485,53,4.3,1152.0,1687.0,673.0,0,digital,lima,0,0
SOL-004486,43,8.5,6125.0,13358.0,9647.0,1,presencial,arequipa,0,0
SOL-004487,33,2.2,1683.0,2913.0,289.0,1,digital,lima,1,0
SOL-004488,35,6.3,17893.0,55376.0,26862.0,0,presencial,lima,0,0
SOL-004489,45,2.0,2951.0,4529.0,2661.0,1,presencial,trujillo,1,0
SOL-004490,62,5.5,1305.0,2812.0,236.0,0,presencial,arequipa,1,0
SOL-004491,46,4.3,9265.0,14643.0,30024.0,0,presencial,lima,1,1
SOL-004492,44,2.8,2529.0,7699.0,4155.0,0,digital,lima,1,1
SOL-004493,32,0.8,2975.0,7417.0,16389.0,1,digital,trujillo,1,1
SOL-004494,32,3.6,4538.0,7521.0,1400.0,1,presencial,lima,0,0
SOL-004495,35,7.3,1834.0,4582.0,1308.0,1,presencial,trujillo,1,1
SOL-004496,31,2.8,1206.0,1691.0,2016.0,1,presencial,trujillo,1,1
SOL-004497,45,1.2,10277.0,40686.0,11667.0,1,presencial,lima,0,0
SOL-004498,56,8.0,1650.0,4170.0,2796.0,1,presencial,arequipa,0,0
SOL-004499,34,16.1,6105.0,21149.0,1525.0,1,digital,arequipa,0,0
SOL-004500,29,1.9,3425.0,12320.0,3188.0,0,digital,arequipa,1,0
SOL-004501,34,2.2,4076.0,12718.0,1602.0,1,presencial,lima,0,0
SOL-004502,47,15.3,2917.0,9409.0,3675.0,0,presencial,lima,1,0
SOL-004503,29,1.1,12362.0,33732.0,19075.0,1,presencial,lima,1,0
SOL-004504,31,7.7,2596.0,6913.0,2303.0,1,presencial,arequipa,0,0
SOL-004505,53,3.2,2634.0,6186.0,4953.0,1,presencial,arequipa,1,0
SOL-004506,40,17.5,5281.0,8560.0,905.0,1,presencial,arequipa,0,0
SOL-004507,40,4.9,2623.0,6514.0,5086.0,1,presencial,arequipa,1,0
SOL-004508,41,3.7,2199.0,6232.0,8372.0,1,presencial,lima,1,1
SOL-004509,40,0.2,2529.0,4589.0,543.0,1,digital,lima,1,0
SOL-004510,45,9.3,5324.0,22440.0,1058.0,1,presencial,arequipa,1,0
SOL-004511,35,8.9,9895.0,14110.0,28861.0,0,presencial,lima,1,0
SOL-004512,35,12.1,11002.0,23035.0,12086.0,1,presencial,arequipa,1,0
SOL-004513,30,4.9,1027.0,3602.0,1784.0,1,digital,lima,1,0
SOL-004514,46,4.6,6404.0,25313.0,2651.0,1,presencial,lima,0,0
SOL-004515,43,10.9,2233.0,6406.0,1209.0,1,presencial,trujillo,1,0
SOL-004516,42,4.0,2291.0,7388.0,5594.0,1,presencial,lima,0,0
SOL-004517,44,1.9,2813.0,6319.0,1795.0,1,presencial,lima,0,0
SOL-004518,43,7.5,2722.0,11864.0,1292.0,0,presencial,arequipa,1,1
SOL-004519,23,8.5,1495.0,5078.0,88.0,0,digital,arequipa,1,0
SOL-004520,55,1.6,1112.0,2010.0,592.0,1,presencial,trujillo,0,0
SOL-004521,38,6.2,7905.0,29114.0,1600.0,1,presencial,trujillo,0,0
SOL-004522,44,9.3,5945.0,10678.0,1587.0,1,presencial,arequipa,1,0
SOL-004523,19,2.2,2587.0,6857.0,939.0,0,digital,lima,0,0
SOL-004524,30,13.5,1577.0,4609.0,3219.0,0,digital,lima,1,0
SOL-004525,20,1.9,4959.0,18048.0,253.0,1,digital,trujillo,1,0
SOL-004526,32,3.5,3606.0,16186.0,3543.0,0,presencial,lima,1,0
SOL-004527,59,2.4,1935.0,4937.0,1098.0,0,digital,trujillo,1,1
SOL-004528,35,1.1,1110.0,3879.0,1314.0,0,digital,arequipa,1,0
SOL-004529,56,3.5,4931.0,17182.0,6719.0,1,presencial,lima,1,0
SOL-004530,52,6.1,3133.0,6175.0,1119.0,1,presencial,lima,1,0
SOL-004531,43,1.4,2989.0,10141.0,6343.0,1,digital,arequipa,1,1
SOL-004532,41,8.0,4069.0,16789.0,16091.0,1,presencial,lima,1,0
SOL-004533,61,1.7,5188.0,16201.0,945.0,1,presencial,lima,0,0
SOL-004534,52,3.0,4174.0,12052.0,6729.0,1,presencial,arequipa,0,0
SOL-004535,43,15.3,3182.0,10842.0,2453.0,1,presencial,lima,1,0
SOL-004536,46,3.4,4975.0,19409.0,4510.0,1,presencial,lima,1,0
SOL-004537,30,3.8,4279.0,8979.0,9305.0,0,digital,arequipa,1,0
SOL-004538,33,4.1,5833.0,11115.0,9336.0,1,digital,arequipa,0,0
SOL-004539,43,2.5,2082.0,7118.0,1306.0,0,presencial,lima,1,0
SOL-004540,47,3.2,6649.0,10021.0,16030.0,1,presencial,trujillo,1,0
SOL-004541,62,6.9,1633.0,6464.0,1298.0,1,presencial,trujillo,0,0
SOL-004542,30,3.4,6320.0,14766.0,2291.0,0,presencial,lima,1,0
SOL-004543,45,1.7,1920.0,3349.0,2006.0,0,digital,lima,1,1
SOL-004544,39,3.2,5777.0,21782.0,15479.0,1,presencial,arequipa,0,0
SOL-004545,57,12.0,8104.0,16945.0,882.0,0,presencial,lima,0,0
SOL-004546,39,10.6,4202.0,11112.0,6252.0,1,presencial,trujillo,1,0
SOL-004547,37,4.5,2614.0,7013.0,91.0,0,digital,arequipa,1,1
SOL-004548,41,4.8,3637.0,14340.0,6300.0,1,presencial,lima,1,0
SOL-004549,19,4.3,2098.0,4657.0,2680.0,0,digital,arequipa,1,0
SOL-004550,62,7.3,6868.0,23097.0,21682.0,1,presencial,lima,1,0
SOL-004551,33,7.3,3619.0,16270.0,526.0,1,presencial,trujillo,1,0
SOL-004552,33,1.8,865.0,2818.0,985.0,0,digital,lima,1,1
SOL-004553,31,4.2,6062.0,11136.0,2093.0,1,presencial,trujillo,0,0
SOL-004554,19,2.3,4129.0,9406.0,2448.0,1,digital,lima,0,0
SOL-004555,41,6.5,3914.0,11972.0,14135.0,1,presencial,arequipa,0,0
SOL-004556,25,10.1,1778.0,4266.0,2139.0,0,digital,trujillo,1,0
SOL-004557,19,3.8,1466.0,4400.0,2169.0,1,digital,lima,1,0
SOL-004558,32,4.2,1781.0,5493.0,1009.0,1,digital,lima,1,0
SOL-004559,27,3.0,4245.0,15622.0,3663.0,1,presencial,trujillo,1,0
SOL-004560,33,0.2,1027.0,3421.0,2282.0,1,digital,trujillo,1,1
SOL-004561,31,2.5,3341.0,11906.0,10515.0,1,digital,lima,0,1
SOL-004562,19,8.3,3975.0,8255.0,3486.0,0,presencial,lima,1,0
SOL-004563,37,3.0,7475.0,20272.0,19873.0,1,presencial,trujillo,1,0
SOL-004564,37,0.2,3858.0,15270.0,3280.0,0,digital,lima,1,0
SOL-004565,31,7.5,2628.0,9807.0,996.0,1,presencial,arequipa,0,0
SOL-004566,38,5.4,1112.0,2184.0,1204.0,1,digital,lima,1,0
SOL-004567,37,1.9,1748.0,2794.0,577.0,0,digital,lima,1,0
SOL-004568,32,3.2,7850.0,26885.0,9131.0,1,presencial,trujillo,1,0
SOL-004569,43,4.4,4461.0,12387.0,812.0,1,presencial,lima,0,0
SOL-004570,52,3.7,5222.0,13956.0,8640.0,1,presencial,trujillo,1,0
SOL-004571,33,13.5,2760.0,4078.0,557.0,1,presencial,arequipa,0,1
SOL-004572,30,2.7,3447.0,8904.0,1317.0,1,digital,lima,0,0
SOL-004573,56,6.7,1736.0,3392.0,808.0,1,presencial,lima,0,0
SOL-004574,34,4.7,6225.0,9378.0,1463.0,1,presencial,lima,1,0
SOL-004575,37,5.2,1469.0,3873.0,1227.0,1,digital,trujillo,0,0
SOL-004576,31,3.6,1371.0,5425.0,5.0,1,presencial,arequipa,1,0
SOL-004577,30,1.9,8688.0,36170.0,6343.0,1,digital,arequipa,1,0
SOL-004578,48,5.4,4106.0,8780.0,4943.0,1,presencial,lima,1,0
SOL-004579,19,3.2,4047.0,9116.0,705.0,1,presencial,lima,1,0
SOL-004580,37,4.1,1448.0,2470.0,1884.0,1,presencial,lima,1,0
SOL-004581,37,6.4,3704.0,15627.0,9543.0,0,digital,arequipa,0,0
SOL-004582,34,9.2,4247.0,6804.0,2016.0,0,digital,lima,0,1
SOL-004583,26,14.5,2416.0,10402.0,2258.0,1,digital,lima,1,0
SOL-004584,20,6.0,4256.0,14421.0,562.0,0,digital,lima,0,0
SOL-004585,39,4.9,4925.0,18903.0,6461.0,0,digital,lima,0,0
SOL-004586,28,1.1,3522.0,7333.0,5618.0,0,digital,arequipa,1,1
SOL-004587,49,10.0,1241.0,4075.0,128.0,1,presencial,arequipa,0,0
SOL-004588,36,11.5,1472.0,2557.0,2399.0,1,digital,trujillo,0,0
SOL-004589,38,4.0,9202.0,31672.0,5707.0,1,presencial,lima,0,0
SOL-004590,44,13.7,2797.0,9121.0,1399.0,0,digital,arequipa,1,0
SOL-004591,36,10.7,4005.0,15836.0,8574.0,1,presencial,lima,0,1
SOL-004592,56,7.7,2484.0,8444.0,1121.0,1,presencial,trujillo,0,0
SOL-004593,47,3.2,1923.0,8484.0,282.0,0,digital,arequipa,1,0
SOL-004594,55,2.1,7117.0,20782.0,5384.0,0,presencial,lima,1,0
SOL-004595,41,13.5,8343.0,25954.0,14950.0,1,presencial,trujillo,1,0
SOL-004596,60,0.3,4056.0,6632.0,3229.0,0,digital,lima,1,0
SOL-004597,45,13.9,5099.0,8850.0,3187.0,1,presencial,lima,1,0
SOL-004598,46,14.8,5302.0,10275.0,7390.0,1,presencial,lima,1,0
SOL-004599,43,2.8,3690.0,6520.0,1114.0,1,presencial,lima,0,0
SOL-004600,31,1.9,2047.0,3737.0,2006.0,1,presencial,trujillo,0,0
SOL-004601,57,3.9,1829.0,4037.0,70.0,0,presencial,arequipa,1,0
SOL-004602,26,3.5,5308.0,12013.0,7011.0,1,digital,arequipa,1,0
SOL-004603,42,2.1,2634.0,9367.0,5982.0,0,digital,trujillo,1,1
SOL-004604,56,3.9,4905.0,14263.0,14864.0,1,presencial,arequipa,1,0
SOL-004605,39,3.6,2990.0,12779.0,5782.0,0,digital,lima,1,0
SOL-004606,35,13.2,4385.0,10801.0,6887.0,0,presencial,lima,1,0
SOL-004607,28,3.2,3206.0,5119.0,2518.0,1,digital,lima,0,0
SOL-004608,19,8.1,5501.0,22097.0,9108.0,0,presencial,trujillo,1,0
SOL-004609,42,2.2,2568.0,10304.0,2299.0,1,presencial,trujillo,1,0
SOL-004610,41,4.1,4955.0,12517.0,870.0,1,digital,arequipa,0,0
SOL-004611,29,2.5,1826.0,2955.0,4322.0,1,digital,lima,1,0
SOL-004612,37,7.9,4335.0,17907.0,166.0,1,presencial,lima,1,0
SOL-004613,29,0.4,1448.0,6218.0,748.0,1,digital,trujillo,1,1
SOL-004614,56,11.4,3510.0,15764.0,1244.0,1,presencial,lima,0,0
SOL-004615,42,4.0,2716.0,7095.0,2493.0,1,presencial,arequipa,1,0
SOL-004616,63,3.1,3876.0,6954.0,7248.0,0,presencial,lima,0,0
SOL-004617,37,14.7,5611.0,14427.0,8504.0,1,presencial,lima,0,0
SOL-004618,45,6.3,3982.0,12803.0,299.0,1,presencial,arequipa,0,0
SOL-004619,38,5.1,10611.0,16279.0,1924.0,1,presencial,trujillo,0,0
SOL-004620,66,2.0,5790.0,13028.0,9156.0,1,presencial,arequipa,0,0
SOL-004621,45,2.7,3399.0,14684.0,16761.0,1,presencial,lima,0,1
SOL-004622,55,0.5,2562.0,3938.0,1149.0,0,digital,lima,1,0
SOL-004623,38,5.4,4658.0,8701.0,2662.0,1,presencial,trujillo,0,0
SOL-004624,49,9.0,3864.0,12369.0,481.0,0,digital,arequipa,1,1
SOL-004625,44,6.6,2015.0,8803.0,1442.0,1,presencial,lima,1,0
SOL-004626,52,5.6,5330.0,22999.0,4990.0,1,presencial,arequipa,0,0
SOL-004627,19,3.6,1430.0,3144.0,3214.0,1,digital,lima,1,1
SOL-004628,47,9.1,5068.0,16738.0,7114.0,1,presencial,lima,1,0
SOL-004629,31,4.6,6782.0,29783.0,12258.0,1,presencial,trujillo,1,0
SOL-004630,46,1.7,4473.0,14994.0,3169.0,1,presencial,arequipa,1,1
SOL-004631,26,9.9,1142.0,2383.0,4195.0,0,presencial,lima,1,1
SOL-004632,42,2.4,1515.0,5379.0,190.0,1,presencial,lima,1,0
SOL-004633,55,1.5,5129.0,15309.0,3801.0,1,presencial,trujillo,1,0
SOL-004634,49,6.4,1069.0,3133.0,761.0,1,presencial,arequipa,1,0
SOL-004635,29,1.0,5256.0,15316.0,1989.0,1,presencial,arequipa,1,0
SOL-004636,22,5.3,6388.0,11172.0,16635.0,1,presencial,lima,1,0
SOL-004637,48,5.9,6907.0,26573.0,28.0,1,presencial,trujillo,0,0
SOL-004638,49,5.5,2363.0,5850.0,542.0,1,digital,trujillo,0,0
SOL-004639,32,6.7,4808.0,9485.0,4489.0,1,presencial,lima,1,0
SOL-004640,66,1.9,4267.0,11805.0,2593.0,0,presencial,lima,1,1
SOL-004641,43,9.1,1780.0,6040.0,1363.0,1,presencial,arequipa,1,0
SOL-004642,21,5.2,5639.0,17569.0,1479.0,1,presencial,trujillo,1,0
SOL-004643,26,4.1,7888.0,31072.0,3634.0,1,presencial,arequipa,1,0
SOL-004644,51,2.0,5478.0,21990.0,11786.0,0,presencial,trujillo,0,0
SOL-004645,44,10.3,2947.0,9795.0,4437.0,1,presencial,arequipa,0,0
SOL-004646,48,8.0,3937.0,12245.0,3229.0,1,digital,lima,1,0
SOL-004647,19,2.1,5261.0,16608.0,9124.0,0,digital,lima,0,1
SOL-004648,44,7.1,7019.0,18380.0,14528.0,1,presencial,trujillo,1,0
SOL-004649,43,8.3,6529.0,18639.0,27482.0,1,presencial,lima,0,0
SOL-004650,41,4.4,1673.0,5074.0,2760.0,1,presencial,lima,0,0
SOL-004651,28,8.1,3296.0,12797.0,6572.0,0,digital,arequipa,1,0
SOL-004652,28,8.4,3748.0,13913.0,1268.0,0,digital,lima,0,0
SOL-004653,45,1.3,6569.0,13179.0,8488.0,1,presencial,trujillo,0,0
SOL-004654,46,8.1,5005.0,22178.0,4441.0,0,presencial,lima,1,0
SOL-004655,46,3.8,8579.0,37684.0,17570.0,1,presencial,lima,1,0
SOL-004656,45,1.3,1036.0,2347.0,2022.0,1,digital,lima,0,0
SOL-004657,19,0.2,3582.0,16106.0,6777.0,1,digital,arequipa,1,0
SOL-004658,23,5.6,4910.0,14867.0,12210.0,0,presencial,arequipa,1,0
SOL-004659,54,4.3,6121.0,12872.0,8620.0,1,presencial,lima,0,0
SOL-004660,33,3.6,8535.0,31012.0,3212.0,1,presencial,lima,1,0
SOL-004661,28,6.8,1688.0,2614.0,2604.0,0,digital,lima,1,0
SOL-004662,25,25.2,5871.0,20734.0,11872.0,0,digital,arequipa,0,1
SOL-004663,36,7.2,5847.0,23321.0,12171.0,1,presencial,trujillo,1,0
SOL-004664,27,4.3,3473.0,8636.0,1843.0,1,presencial,arequipa,1,0
SOL-004665,37,9.9,2386.0,5815.0,95.0,0,presencial,lima,0,0
SOL-004666,50,2.5,4239.0,9514.0,12267.0,1,presencial,arequipa,1,0
SOL-004667,32,2.2,3108.0,8277.0,1479.0,1,digital,lima,0,1
SOL-004668,49,5.9,4571.0,14525.0,3357.0,1,presencial,lima,0,0
SOL-004669,27,4.3,1934.0,7276.0,1160.0,0,digital,lima,1,1
SOL-004670,53,9.2,5255.0,21800.0,5528.0,1,presencial,lima,1,0
SOL-004671,37,12.9,3100.0,9612.0,1894.0,1,presencial,lima,0,0
SOL-004672,20,9.1,7206.0,20699.0,6934.0,1,presencial,arequipa,0,0
SOL-004673,46,13.0,9314.0,23858.0,3094.0,0,presencial,lima,1,0
SOL-004674,51,13.4,2509.0,8143.0,6549.0,1,presencial,arequipa,1,1
SOL-004675,26,4.8,2764.0,5111.0,4038.0,0,digital,trujillo,1,1
SOL-004676,56,4.8,6346.0,18071.0,6054.0,1,presencial,arequipa,0,0
SOL-004677,34,7.9,4418.0,13153.0,69.0,1,presencial,lima,0,0
SOL-004678,50,1.4,1894.0,6346.0,494.0,1,presencial,arequipa,1,0
SOL-004679,62,9.2,6001.0,9676.0,10366.0,0,presencial,lima,0,0
SOL-004680,32,6.9,1955.0,5341.0,613.0,0,digital,lima,1,0
SOL-004681,30,0.9,2974.0,11187.0,3970.0,0,digital,lima,1,0
SOL-004682,42,12.2,2283.0,8745.0,1444.0,1,presencial,trujillo,0,0
SOL-004683,50,8.6,4050.0,12490.0,3870.0,0,digital,trujillo,1,0
SOL-004684,36,6.0,2152.0,8829.0,1421.0,0,digital,trujillo,1,0
SOL-004685,56,3.2,4279.0,16003.0,3099.0,0,digital,arequipa,1,0
SOL-004686,46,12.5,3423.0,13253.0,5765.0,1,presencial,lima,0,0
SOL-004687,36,1.5,2980.0,11497.0,5165.0,1,presencial,trujillo,0,1
SOL-004688,37,5.1,4743.0,17353.0,4977.0,1,presencial,trujillo,1,0
SOL-004689,33,6.5,1532.0,6211.0,2711.0,1,digital,lima,1,0
SOL-004690,19,9.2,6825.0,11605.0,1100.0,0,digital,trujillo,0,0
SOL-004691,38,10.1,4215.0,12483.0,3654.0,1,presencial,trujillo,1,0
SOL-004692,38,2.3,2851.0,11287.0,1566.0,1,presencial,lima,0,0
SOL-004693,35,5.5,2177.0,3785.0,1149.0,0,digital,lima,1,0
SOL-004694,53,4.4,2704.0,5087.0,1264.0,0,digital,lima,1,0
SOL-004695,44,1.3,6424.0,16991.0,15140.0,1,presencial,arequipa,0,1
SOL-004696,19,0.5,1683.0,5299.0,415.0,1,digital,lima,1,0
SOL-004697,33,1.1,3160.0,11515.0,1488.0,1,presencial,lima,1,0
SOL-004698,46,1.3,3730.0,11707.0,3889.0,0,presencial,arequipa,1,0
SOL-004699,44,2.3,8536.0,17683.0,4283.0,1,presencial,trujillo,0,0
SOL-004700,50,3.3,4505.0,18148.0,2223.0,0,digital,trujillo,0,0
SOL-004701,43,3.5,6125.0,13606.0,3553.0,1,digital,arequipa,1,0
SOL-004702,53,6.9,3890.0,15793.0,5796.0,1,presencial,lima,1,1
SOL-004703,41,3.4,8063.0,23663.0,19959.0,1,presencial,lima,1,0
SOL-004704,55,11.2,7398.0,11285.0,12685.0,1,presencial,arequipa,0,0
SOL-004705,33,9.7,5499.0,15873.0,21801.0,0,presencial,lima,1,0
SOL-004706,54,6.7,5733.0,19650.0,19256.0,1,presencial,arequipa,1,0
SOL-004707,40,14.2,2810.0,11599.0,192.0,1,presencial,trujillo,1,0
SOL-004708,27,6.4,9904.0,31738.0,23758.0,0,presencial,arequipa,1,0
SOL-004709,50,1.7,3370.0,15076.0,11032.0,0,presencial,arequipa,0,0
SOL-004710,58,8.0,5121.0,13214.0,7344.0,0,presencial,arequipa,1,0
SOL-004711,28,4.1,3809.0,8234.0,2793.0,0,digital,trujillo,1,0
SOL-004712,60,4.0,1876.0,5205.0,598.0,1,presencial,lima,1,1
SOL-004713,25,4.4,3727.0,12825.0,5960.0,1,presencial,lima,1,0
SOL-004714,19,5.6,2978.0,5046.0,530.0,0,digital,lima,1,0
SOL-004715,41,6.6,3608.0,6058.0,3587.0,1,presencial,arequipa,1,0
SOL-004716,39,16.0,3750.0,12507.0,482.0,1,presencial,lima,1,0
SOL-004717,36,6.0,8318.0,21543.0,8498.0,1,presencial,lima,1,0
SOL-004718,44,6.4,2490.0,9532.0,5188.0,1,presencial,arequipa,1,0
SOL-004719,37,5.7,1979.0,4388.0,2271.0,1,presencial,lima,0,0
SOL-004720,39,5.6,2822.0,7743.0,4577.0,1,presencial,arequipa,1,0
SOL-004721,46,2.4,5636.0,16889.0,756.0,1,presencial,lima,1,1
SOL-004722,36,3.7,5929.0,25621.0,22834.0,1,presencial,lima,0,0
SOL-004723,42,7.1,5245.0,7462.0,5817.0,0,presencial,lima,1,0
SOL-004724,36,1.7,6150.0,12747.0,1167.0,1,presencial,lima,1,0
SOL-004725,30,4.6,4373.0,7370.0,8728.0,1,presencial,trujillo,0,0
SOL-004726,51,11.7,2924.0,13079.0,11042.0,0,presencial,trujillo,1,1
SOL-004727,51,2.8,1639.0,2966.0,1080.0,1,digital,arequipa,0,0
SOL-004728,55,13.7,1986.0,7848.0,1643.0,1,presencial,arequipa,1,0
SOL-004729,47,4.5,3401.0,10244.0,8212.0,1,presencial,arequipa,0,0
SOL-004730,36,10.1,5767.0,22062.0,11025.0,1,presencial,trujillo,0,0
SOL-004731,40,5.8,4329.0,10110.0,1636.0,1,presencial,lima,1,0
SOL-004732,44,0.9,2712.0,7794.0,103.0,0,digital,lima,1,0
SOL-004733,19,15.7,2211.0,9798.0,8487.0,1,presencial,arequipa,0,0
SOL-004734,39,2.3,14636.0,24810.0,8568.0,1,presencial,trujillo,1,0
SOL-004735,40,2.3,1744.0,5797.0,399.0,1,digital,lima,1,0
SOL-004736,19,15.3,2853.0,12470.0,1180.0,0,digital,lima,0,0
SOL-004737,37,4.7,4514.0,8092.0,12992.0,0,digital,lima,0,1
SOL-004738,47,3.2,3913.0,15668.0,9243.0,1,presencial,lima,0,0
SOL-004739,27,5.7,2516.0,5676.0,3624.0,1,presencial,arequipa,0,0
SOL-004740,44,7.9,5828.0,11785.0,4107.0,1,presencial,lima,0,0
SOL-004741,36,4.4,1907.0,3654.0,1974.0,1,presencial,trujillo,0,0
SOL-004742,48,12.4,9470.0,34854.0,17115.0,1,presencial,arequipa,0,0
SOL-004743,39,1.7,3103.0,4689.0,1933.0,0,digital,lima,0,0
SOL-004744,47,1.1,3355.0,9071.0,1386.0,1,presencial,trujillo,0,0
SOL-004745,44,9.4,1833.0,6526.0,3146.0,1,presencial,arequipa,1,0
SOL-004746,46,5.0,2103.0,3854.0,2426.0,1,presencial,lima,0,0
SOL-004747,30,10.1,3725.0,7803.0,11307.0,1,presencial,lima,1,0
SOL-004748,43,4.2,10242.0,19180.0,28964.0,0,presencial,trujillo,0,0
SOL-004749,23,5.5,3024.0,4478.0,2139.0,0,digital,lima,1,0
SOL-004750,54,4.1,4585.0,12908.0,4148.0,1,presencial,lima,1,0
SOL-004751,51,4.7,4679.0,13756.0,12574.0,1,presencial,lima,1,0
SOL-004752,50,1.8,13086.0,56684.0,27596.0,1,presencial,lima,1,0
SOL-004753,62,2.4,3043.0,11128.0,4528.0,1,presencial,arequipa,1,1
SOL-004754,39,6.7,8639.0,38076.0,21122.0,1,presencial,lima,0,0
SOL-004755,26,7.8,2178.0,8160.0,338.0,1,digital,arequipa,1,0
SOL-004756,39,7.1,2655.0,11773.0,3910.0,1,presencial,lima,1,0
SOL-004757,25,2.8,3672.0,7966.0,1255.0,1,presencial,trujillo,1,0
SOL-004758,19,5.9,2564.0,4922.0,5050.0,0,digital,lima,1,0
SOL-004759,50,2.8,5127.0,13397.0,7439.0,1,presencial,trujillo,1,0
SOL-004760,19,5.0,800.0,2340.0,1885.0,0,digital,trujillo,0,1
SOL-004761,31,3.3,4134.0,16356.0,11928.0,1,presencial,lima,0,0
SOL-004762,42,4.9,2804.0,8632.0,580.0,1,presencial,arequipa,0,0
SOL-004763,27,2.0,1839.0,8005.0,2745.0,0,digital,lima,1,1
SOL-004764,53,7.7,1951.0,4476.0,1022.0,1,presencial,trujillo,1,0
SOL-004765,44,4.0,3166.0,10114.0,5722.0,1,presencial,arequipa,0,0
SOL-004766,34,7.9,2926.0,10007.0,1460.0,1,presencial,lima,0,0
SOL-004767,54,0.8,3066.0,5774.0,1666.0,1,presencial,lima,1,1
SOL-004768,51,9.7,1633.0,6263.0,1808.0,1,presencial,lima,0,0
SOL-004769,27,2.7,4028.0,13623.0,781.0,1,presencial,trujillo,1,0
SOL-004770,35,11.5,1775.0,3541.0,618.0,1,digital,arequipa,1,0
SOL-004771,35,4.2,1636.0,4388.0,2640.0,1,presencial,lima,0,0
SOL-004772,35,11.6,2878.0,9746.0,9949.0,1,presencial,lima,0,0
SOL-004773,64,1.3,2559.0,9401.0,183.0,1,presencial,lima,0,0
SOL-004774,44,10.6,3910.0,10533.0,1809.0,0,presencial,arequipa,1,0
SOL-004775,41,3.1,2858.0,10402.0,3889.0,0,presencial,lima,1,0
SOL-004776,44,10.5,1801.0,3977.0,191.0,1,presencial,lima,0,0
SOL-004777,53,5.4,2412.0,5657.0,1769.0,1,presencial,trujillo,0,0
SOL-004778,35,4.5,1560.0,2241.0,1917.0,1,presencial,lima,1,0
SOL-004779,37,11.8,6914.0,20130.0,6525.0,0,presencial,arequipa,1,0
SOL-004780,50,3.7,7517.0,14913.0,4383.0,1,presencial,lima,1,0
SOL-004781,26,13.7,8005.0,26147.0,1260.0,1,presencial,lima,0,0
SOL-004782,43,3.0,1972.0,8664.0,10453.0,1,digital,arequipa,0,1
SOL-004783,19,4.1,5260.0,23664.0,2305.0,1,digital,lima,1,0
SOL-004784,40,6.1,4730.0,12112.0,9082.0,0,presencial,lima,1,1
SOL-004785,19,0.7,1747.0,6419.0,2875.0,0,digital,trujillo,1,1
SOL-004786,20,5.3,1932.0,8459.0,1432.0,0,digital,trujillo,1,1
SOL-004787,57,3.1,3500.0,10579.0,2085.0,1,presencial,arequipa,1,0
SOL-004788,43,1.0,2826.0,6882.0,499.0,0,digital,lima,1,0
SOL-004789,56,2.6,4623.0,8705.0,10104.0,0,presencial,lima,0,0
SOL-004790,19,2.6,2677.0,5209.0,6283.0,0,digital,lima,1,0
SOL-004791,31,12.1,3193.0,12924.0,2482.0,1,presencial,trujillo,0,0
SOL-004792,47,3.4,7732.0,17033.0,3670.0,1,presencial,trujillo,1,0
SOL-004793,51,6.8,3608.0,8079.0,1098.0,0,presencial,lima,1,0
SOL-004794,23,9.8,2451.0,9105.0,2060.0,0,digital,trujillo,1,0
SOL-004795,37,4.7,3419.0,13656.0,1275.0,0,presencial,lima,0,0
SOL-004796,31,6.1,3609.0,7385.0,3966.0,1,presencial,arequipa,0,0
SOL-004797,61,12.6,1885.0,6663.0,2370.0,1,presencial,lima,1,0
SOL-004798,38,7.6,2272.0,6326.0,2878.0,1,presencial,lima,1,0
SOL-004799,32,5.4,9559.0,21583.0,3038.0,1,digital,trujillo,1,0
SOL-004800,33,3.8,1136.0,3422.0,408.0,0,digital,trujillo,1,0
SOL-004801,55,13.4,4409.0,16799.0,3379.0,1,presencial,lima,1,0
SOL-004802,33,4.2,4574.0,7814.0,9796.0,1,presencial,lima,1,0
SOL-004803,56,3.8,6481.0,10502.0,8174.0,1,presencial,arequipa,1,0
SOL-004804,29,4.4,4632.0,19577.0,1330.0,1,presencial,lima,0,0
SOL-004805,45,6.4,7162.0,31417.0,9281.0,1,digital,arequipa,1,0
SOL-004806,19,4.9,3035.0,9222.0,6938.0,0,digital,arequipa,0,1
SOL-004807,42,2.8,7715.0,14236.0,18077.0,1,presencial,lima,0,0
SOL-004808,61,8.6,6573.0,10803.0,5805.0,1,presencial,lima,1,0
SOL-004809,51,7.5,8534.0,16075.0,449.0,1,presencial,lima,0,0
SOL-004810,48,3.4,3877.0,8825.0,2054.0,0,presencial,trujillo,1,0
SOL-004811,31,6.8,4707.0,16568.0,642.0,1,presencial,lima,0,0
SOL-004812,24,8.2,2211.0,3851.0,309.0,0,digital,arequipa,0,0
SOL-004813,58,4.5,4159.0,7588.0,9473.0,1,presencial,lima,0,0
SOL-004814,37,0.2,2996.0,10817.0,7388.0,0,digital,arequipa,1,1
SOL-004815,53,5.1,1300.0,2857.0,3800.0,1,presencial,lima,0,0
SOL-004816,44,4.3,3553.0,7354.0,5535.0,1,presencial,lima,0,0
SOL-004817,40,1.0,6080.0,19494.0,2279.0,0,presencial,arequipa,0,0
SOL-004818,51,3.9,1897.0,3119.0,2019.0,1,presencial,arequipa,1,0
SOL-004819,46,2.4,2292.0,7679.0,725.0,1,presencial,lima,0,0
SOL-004820,41,11.6,6981.0,10189.0,4070.0,0,presencial,lima,0,1
SOL-004821,19,10.1,5387.0,11433.0,803.0,0,digital,trujillo,1,0
SOL-004822,53,7.2,2772.0,7752.0,1566.0,1,presencial,lima,0,0
SOL-004823,37,3.3,2933.0,9843.0,1284.0,0,digital,lima,0,0
SOL-004824,25,2.6,2573.0,5228.0,3879.0,0,digital,lima,0,1
SOL-004825,56,9.4,7059.0,29122.0,20386.0,1,presencial,lima,1,0
SOL-004826,46,4.7,2901.0,12326.0,3380.0,0,presencial,arequipa,1,0
SOL-004827,46,5.3,3144.0,9087.0,334.0,1,presencial,arequipa,0,0
SOL-004828,53,6.3,7686.0,17251.0,867.0,1,presencial,lima,1,0
SOL-004829,39,11.7,1590.0,2771.0,2885.0,0,digital,arequipa,0,0
SOL-004830,35,0.2,2068.0,8913.0,2909.0,0,digital,lima,1,0
SOL-004831,41,3.5,4101.0,7440.0,2925.0,0,presencial,arequipa,1,0
SOL-004832,65,2.0,8454.0,19663.0,24623.0,0,presencial,lima,0,0
SOL-004833,24,5.5,1440.0,3484.0,1149.0,0,digital,lima,1,0
SOL-004834,40,0.2,1852.0,4133.0,905.0,1,digital,arequipa,0,1
SOL-004835,42,3.1,5209.0,7326.0,3104.0,0,presencial,lima,0,1
SOL-004836,37,4.4,3951.0,8068.0,1290.0,0,digital,lima,1,1
SOL-004837,57,8.6,4273.0,15897.0,716.0,1,presencial,lima,1,0
SOL-004838,40,5.1,3602.0,7336.0,755.0,1,presencial,arequipa,1,0
SOL-004839,50,3.1,4095.0,15433.0,7861.0,1,presencial,lima,1,0
SOL-004840,46,4.3,1748.0,4701.0,453.0,1,presencial,arequipa,0,0
SOL-004841,25,2.6,2824.0,4663.0,946.0,1,digital,arequipa,1,0
SOL-004842,57,9.3,8273.0,32791.0,13314.0,1,presencial,arequipa,1,0
SOL-004843,51,3.3,1927.0,6492.0,108.0,1,presencial,lima,1,0
SOL-004844,38,8.9,2546.0,8396.0,1239.0,0,presencial,trujillo,0,0
SOL-004845,55,5.0,3114.0,5810.0,3023.0,1,presencial,lima,0,0
SOL-004846,34,10.3,3217.0,10720.0,7244.0,1,presencial,trujillo,1,0
SOL-004847,43,5.7,9972.0,38585.0,9593.0,0,presencial,arequipa,1,1
SOL-004848,38,3.6,2358.0,10584.0,3594.0,1,presencial,lima,1,0
SOL-004849,51,10.2,2125.0,7394.0,4589.0,1,presencial,arequipa,1,0
SOL-004850,27,15.6,4001.0,10962.0,2571.0,1,digital,lima,1,0
SOL-004851,51,6.0,2734.0,10768.0,3450.0,1,presencial,lima,0,0
SOL-004852,39,7.8,4036.0,6281.0,7783.0,0,digital,lima,1,0
SOL-004853,28,4.2,2418.0,6528.0,1106.0,1,digital,arequipa,1,0
SOL-004854,63,3.3,4859.0,17832.0,6927.0,1,presencial,arequipa,0,0
SOL-004855,35,10.6,1694.0,4259.0,5494.0,0,presencial,trujillo,0,1
SOL-004856,19,0.6,3396.0,5375.0,815.0,0,digital,lima,1,0
SOL-004857,52,2.0,4287.0,7476.0,3597.0,0,presencial,arequipa,1,0
SOL-004858,19,10.7,3352.0,6430.0,1315.0,1,presencial,arequipa,0,0
SOL-004859,59,4.4,2016.0,8018.0,3280.0,1,presencial,arequipa,1,0
SOL-004860,44,2.4,4284.0,15571.0,2819.0,1,presencial,lima,0,0
SOL-004861,27,13.7,5578.0,21018.0,3635.0,1,presencial,lima,0,0
SOL-004862,22,6.7,2033.0,8577.0,3947.0,1,digital,arequipa,0,0
SOL-004863,25,5.1,2934.0,6860.0,3941.0,1,presencial,lima,1,1
SOL-004864,36,5.1,4049.0,14996.0,264.0,1,digital,lima,1,0
SOL-004865,19,4.6,6520.0,16497.0,1838.0,1,digital,lima,0,0
SOL-004866,49,8.2,6239.0,23930.0,1972.0,0,presencial,lima,1,0
SOL-004867,40,4.9,4313.0,15343.0,6740.0,1,presencial,lima,1,0
SOL-004868,38,8.6,3373.0,15072.0,3968.0,1,presencial,lima,0,0
SOL-004869,49,5.9,3773.0,14137.0,14492.0,1,presencial,arequipa,1,0
SOL-004870,50,1.1,1921.0,2725.0,1481.0,1,presencial,trujillo,0,0
SOL-004871,56,3.8,3532.0,12607.0,8144.0,1,presencial,lima,0,0
SOL-004872,36,7.7,6852.0,11752.0,7144.0,1,presencial,lima,0,0
SOL-004873,32,0.3,2735.0,8459.0,6414.0,0,digital,trujillo,1,1
SOL-004874,36,5.9,2765.0,5219.0,1472.0,1,presencial,lima,0,0
SOL-004875,45,4.4,2635.0,7730.0,7305.0,1,presencial,trujillo,0,0
SOL-004876,34,13.9,3765.0,14522.0,224.0,1,presencial,arequipa,1,0
SOL-004877,38,8.8,2014.0,4625.0,3850.0,1,presencial,lima,0,0
SOL-004878,27,0.4,1670.0,3128.0,2211.0,0,digital,lima,1,0
SOL-004879,46,7.9,8494.0,20173.0,21157.0,1,presencial,lima,1,0
SOL-004880,43,4.4,2233.0,4328.0,2023.0,1,presencial,arequipa,0,0
SOL-004881,49,5.6,2523.0,4968.0,1369.0,0,presencial,lima,1,1
SOL-004882,42,4.4,4454.0,15862.0,4532.0,1,presencial,trujillo,1,1
SOL-004883,37,14.1,3042.0,10901.0,9008.0,1,presencial,arequipa,0,1
SOL-004884,45,13.4,4008.0,12186.0,2339.0,1,presencial,trujillo,1,0
SOL-004885,22,1.7,4197.0,9157.0,12238.0,1,digital,trujillo,1,1
SOL-004886,38,8.7,1199.0,3647.0,1640.0,1,digital,lima,1,0
SOL-004887,40,3.7,5666.0,24593.0,11749.0,1,presencial,lima,0,0
SOL-004888,34,1.6,1979.0,5125.0,2936.0,1,digital,trujillo,0,0
SOL-004889,45,5.9,3299.0,8950.0,3604.0,0,presencial,lima,1,0
SOL-004890,50,3.8,7279.0,21344.0,3904.0,1,digital,lima,0,0
SOL-004891,47,2.8,1846.0,3605.0,10289.0,0,presencial,lima,1,0
SOL-004892,44,1.6,5204.0,11233.0,845.0,1,presencial,lima,1,0
SOL-004893,35,5.6,6881.0,24372.0,16022.0,0,presencial,trujillo,1,0
SOL-004894,52,2.8,2683.0,5100.0,244.0,0,presencial,lima,1,0
SOL-004895,29,3.0,1893.0,6198.0,6331.0,0,digital,arequipa,1,1
SOL-004896,26,10.9,3160.0,8204.0,5434.0,1,presencial,trujillo,0,0
SOL-004897,41,4.8,2674.0,6283.0,1021.0,1,presencial,lima,0,0
SOL-004898,45,1.5,3962.0,12299.0,1665.0,0,presencial,arequipa,0,0
SOL-004899,23,8.6,4262.0,8949.0,4352.0,1,digital,lima,0,0
SOL-004900,31,5.7,2218.0,5234.0,174.0,0,digital,lima,1,0
SOL-004901,42,9.2,6203.0,18771.0,15245.0,1,presencial,lima,1,0
SOL-004902,42,5.3,7931.0,27264.0,3846.0,1,presencial,lima,1,0
SOL-004903,57,5.3,4789.0,19121.0,940.0,1,presencial,lima,1,0
SOL-004904,19,16.2,3521.0,13931.0,7519.0,1,digital,lima,0,0
SOL-004905,54,5.7,1967.0,5789.0,106.0,0,digital,lima,1,1
SOL-004906,43,10.1,979.0,1596.0,896.0,1,presencial,lima,1,0
SOL-004907,38,25.0,3633.0,7204.0,1080.0,0,digital,arequipa,1,0
SOL-004908,44,17.5,5792.0,8117.0,8351.0,0,presencial,lima,0,0
SOL-004909,19,0.7,3039.0,6003.0,7596.0,1,digital,trujillo,1,0
SOL-004910,31,2.7,6143.0,9186.0,449.0,0,presencial,trujillo,0,0
SOL-004911,37,2.0,2878.0,10406.0,7247.0,1,presencial,arequipa,1,0
SOL-004912,54,5.3,5012.0,15503.0,3983.0,1,presencial,arequipa,1,0
SOL-004913,28,19.9,8230.0,12434.0,2065.0,1,presencial,arequipa,1,0
SOL-004914,23,0.2,3788.0,12556.0,869.0,1,digital,arequipa,0,1
SOL-004915,45,3.7,7694.0,30190.0,6153.0,0,presencial,trujillo,0,0
SOL-004916,37,3.7,5404.0,8044.0,291.0,1,digital,trujillo,1,0
SOL-004917,37,0.9,1420.0,2547.0,1083.0,1,digital,lima,1,0
SOL-004918,21,2.9,3894.0,11140.0,3405.0,1,digital,arequipa,1,0
SOL-004919,19,3.1,1929.0,2954.0,2972.0,0,digital,trujillo,1,1
SOL-004920,49,1.8,2152.0,3155.0,4996.0,1,presencial,lima,1,0
SOL-004921,59,9.0,3299.0,10575.0,5497.0,0,presencial,lima,1,0
SOL-004922,39,4.5,9530.0,29962.0,28458.0,1,presencial,arequipa,0,0
SOL-004923,30,2.4,2885.0,11253.0,885.0,0,presencial,arequipa,0,0
SOL-004924,27,3.8,1074.0,1763.0,1466.0,1,digital,lima,0,1
SOL-004925,47,8.8,1806.0,7551.0,2664.0,1,presencial,lima,0,0
SOL-004926,40,5.1,4909.0,7156.0,14389.0,1,presencial,lima,0,0
SOL-004927,58,2.6,2580.0,6022.0,3757.0,1,presencial,arequipa,0,0
SOL-004928,53,6.0,1323.0,2052.0,561.0,1,presencial,trujillo,1,0
SOL-004929,34,15.1,1290.0,2783.0,1212.0,0,digital,trujillo,1,1
SOL-004930,22,3.6,4175.0,16395.0,5776.0,1,presencial,lima,1,0
SOL-004931,24,1.3,4018.0,7184.0,546.0,0,digital,lima,0,0
SOL-004932,37,4.0,3036.0,6150.0,9854.0,1,presencial,arequipa,1,0
SOL-004933,24,1.4,3755.0,12374.0,3590.0,1,digital,arequipa,1,0
SOL-004934,45,3.1,6160.0,9038.0,27199.0,1,presencial,lima,1,0
SOL-004935,45,2.2,2546.0,8319.0,441.0,1,presencial,lima,0,0
SOL-004936,25,10.1,3594.0,14996.0,1190.0,1,presencial,lima,0,0
SOL-004937,52,8.3,2801.0,4525.0,4269.0,1,presencial,arequipa,0,0
SOL-004938,32,2.7,3546.0,5029.0,2308.0,0,digital,arequipa,1,0
SOL-004939,47,3.5,2784.0,7401.0,6234.0,1,presencial,lima,0,1
SOL-004940,51,6.9,2037.0,8213.0,2094.0,1,presencial,trujillo,1,0
SOL-004941,24,4.4,2754.0,11840.0,2695.0,1,digital,arequipa,0,0
SOL-004942,57,5.8,6818.0,26479.0,6419.0,1,presencial,trujillo,0,0
SOL-004943,41,12.0,4992.0,17037.0,1026.0,1,presencial,lima,1,0
SOL-004944,49,5.8,4523.0,12313.0,4767.0,1,digital,lima,0,0
SOL-004945,33,33.0,6173.0,23740.0,1886.0,1,presencial,trujillo,0,0
SOL-004946,48,2.1,2739.0,10260.0,12471.0,0,digital,trujillo,0,0
SOL-004947,33,17.2,2805.0,5524.0,3345.0,1,presencial,trujillo,0,0
SOL-004948,60,5.6,1705.0,6170.0,2275.0,1,digital,trujillo,1,0
SOL-004949,33,2.5,1677.0,6468.0,2578.0,1,presencial,lima,1,0
SOL-004950,44,1.6,4974.0,20855.0,9511.0,0,digital,lima,1,1
SOL-004951,39,8.0,3223.0,11802.0,311.0,1,presencial,lima,0,0
SOL-004952,40,0.4,1104.0,4052.0,1524.0,0,digital,trujillo,0,0
SOL-004953,43,5.0,7272.0,30506.0,6436.0,1,presencial,lima,0,1
SOL-004954,20,19.4,2814.0,5634.0,2134.0,1,digital,arequipa,0,0
SOL-004955,19,0.5,6331.0,19658.0,13478.0,0,presencial,trujillo,0,0
SOL-004956,71,5.0,3341.0,13931.0,9024.0,1,presencial,trujillo,1,0
SOL-004957,33,1.6,1774.0,5957.0,287.0,0,digital,trujillo,1,0
SOL-004958,19,17.6,4826.0,20690.0,4593.0,1,presencial,arequipa,1,0
SOL-004959,46,4.8,5039.0,7842.0,9197.0,1,presencial,lima,0,0
SOL-004960,40,1.3,2316.0,4779.0,2417.0,0,digital,trujillo,1,0
SOL-004961,35,2.1,7578.0,15809.0,19217.0,1,presencial,lima,0,0
SOL-004962,35,2.3,6258.0,10285.0,2552.0,1,presencial,lima,0,0
SOL-004963,43,16.0,5134.0,17099.0,12135.0,1,presencial,trujillo,1,0
SOL-004964,56,0.7,2149.0,5683.0,1415.0,1,presencial,arequipa,0,0
SOL-004965,44,7.4,1997.0,4297.0,596.0,1,presencial,lima,0,0
SOL-004966,59,12.7,7140.0,26104.0,7513.0,0,presencial,lima,0,0
SOL-004967,55,5.0,1227.0,4290.0,986.0,1,presencial,lima,1,0
SOL-004968,40,2.3,3651.0,5555.0,498.0,1,presencial,trujillo,1,0
SOL-004969,26,7.3,4131.0,11412.0,3976.0,0,presencial,arequipa,1,0
SOL-004970,41,2.7,2967.0,10778.0,6094.0,0,presencial,lima,1,0
SOL-004971,49,3.4,3758.0,6465.0,10664.0,1,presencial,arequipa,0,0
SOL-004972,44,3.0,4763.0,18406.0,8642.0,1,presencial,trujillo,0,0
SOL-004973,50,3.1,2820.0,9334.0,1051.0,0,presencial,trujillo,0,0
SOL-004974,41,8.1,4237.0,15364.0,5558.0,1,digital,lima,1,0
SOL-004975,49,4.6,5182.0,11277.0,8381.0,1,presencial,arequipa,0,0
SOL-004976,40,7.7,3486.0,12960.0,5210.0,1,presencial,lima,1,0
SOL-004977,49,7.6,2491.0,4829.0,916.0,1,presencial,lima,1,0
SOL-004978,68,5.3,3651.0,14849.0,2333.0,1,presencial,lima,0,0
SOL-004979,19,11.6,8029.0,16368.0,9603.0,1,digital,lima,0,0
SOL-004980,37,1.0,1807.0,4032.0,2671.0,1,digital,arequipa,0,0
SOL-004981,52,3.3,5939.0,20666.0,12628.0,0,digital,lima,0,0
SOL-004982,30,1.1,1537.0,3741.0,157.0,0,presencial,lima,1,0
SOL-004983,54,5.5,2446.0,5768.0,217.0,1,presencial,lima,1,0
SOL-004984,55,9.3,2887.0,4602.0,3552.0,1,presencial,lima,1,0
SOL-004985,27,1.8,6270.0,24718.0,11065.0,1,presencial,arequipa,0,0
SOL-004986,51,3.5,3939.0,11124.0,2728.0,1,presencial,lima,1,0
SOL-004987,40,3.0,7565.0,19809.0,4677.0,0,presencial,lima,1,0
SOL-004988,42,0.4,3220.0,6959.0,940.0,0,presencial,trujillo,1,0
SOL-004989,28,0.7,2605.0,8131.0,4919.0,0,digital,lima,1,1
SOL-004990,57,8.0,3226.0,10113.0,3580.0,1,presencial,trujillo,0,0
SOL-004991,42,5.1,10979.0,15451.0,15744.0,0,presencial,arequipa,1,0
SOL-004992,27,4.9,1496.0,2491.0,1136.0,0,digital,arequipa,1,1
SOL-004993,27,7.7,2057.0,6788.0,1342.0,0,digital,arequipa,1,1
SOL-004994,39,15.1,2302.0,5249.0,2061.0,1,presencial,lima,0,0
SOL-004995,31,2.3,5157.0,22948.0,4188.0,1,presencial,trujillo,1,0
SOL-004996,38,7.4,2115.0,4591.0,5641.0,1,presencial,trujillo,1,0
SOL-004997,44,3.4,9873.0,18476.0,2494.0,1,presencial,lima,0,0
SOL-004998,47,2.5,3992.0,6141.0,7656.0,1,presencial,arequipa,0,0
SOL-004999,56,4.3,4743.0,16734.0,2293.0,1,presencial,lima,1,0
SOL-005000,46,7.7,4870.0,11205.0,3032.0,1,presencial,trujillo,1,0
SOL-005001,38,5.4,3788.0,8520.0,4652.0,1,presencial,trujillo,0,0
SOL-005002,21,2.3,2854.0,4973.0,4923.0,1,digital,lima,1,0
SOL-005003,35,6.6,2800.0,4375.0,2170.0,1,digital,trujillo,1,0
SOL-005004,42,7.8,5014.0,10600.0,1123.0,0,presencial,trujillo,0,0
SOL-005005,42,3.7,2496.0,6563.0,8687.0,1,presencial,arequipa,1,0
SOL-005006,46,7.4,2285.0,7889.0,275.0,0,presencial,lima,1,0
SOL-005007,38,3.7,4106.0,7036.0,993.0,1,digital,trujillo,0,0
SOL-005008,46,3.1,3824.0,9694.0,11224.0,1,presencial,arequipa,1,1
SOL-005009,30,6.2,944.0,4226.0,2218.0,0,digital,lima,1,1
SOL-005010,34,7.9,2990.0,10499.0,9379.0,0,presencial,trujillo,1,1
SOL-005011,36,2.1,8481.0,38143.0,4080.0,1,presencial,arequipa,1,0
SOL-005012,52,7.4,3521.0,5796.0,1199.0,1,presencial,trujillo,1,0
SOL-005013,38,10.1,2904.0,7710.0,6032.0,1,presencial,arequipa,0,0
SOL-005014,19,0.7,1232.0,2604.0,266.0,0,digital,lima,1,0
SOL-005015,56,6.0,2849.0,12304.0,995.0,1,presencial,trujillo,0,0
SOL-005016,33,2.4,2090.0,8791.0,272.0,1,presencial,arequipa,1,1
SOL-005017,43,2.5,4785.0,15139.0,2143.0,1,presencial,lima,0,1
SOL-005018,48,1.4,3927.0,9237.0,1133.0,1,presencial,lima,1,0
SOL-005019,43,10.9,3168.0,9786.0,563.0,1,presencial,lima,0,0
SOL-005020,19,10.2,2575.0,10559.0,2518.0,1,presencial,arequipa,1,0
SOL-005021,36,8.9,5926.0,18839.0,3495.0,1,digital,lima,1,0
SOL-005022,47,2.4,1857.0,7005.0,2577.0,0,digital,trujillo,1,0
SOL-005023,41,7.7,1860.0,6570.0,432.0,1,digital,trujillo,1,0
SOL-005024,20,2.4,3373.0,5742.0,1460.0,1,presencial,arequipa,0,0
SOL-005025,66,2.1,3628.0,13603.0,2048.0,1,presencial,lima,1,0
SOL-005026,28,4.1,4918.0,10065.0,10189.0,1,presencial,arequipa,1,1
SOL-005027,31,9.8,6209.0,25449.0,10858.0,1,presencial,lima,0,0
SOL-005028,52,6.1,5972.0,14093.0,4745.0,1,presencial,trujillo,1,0
SOL-005029,48,3.7,13542.0,42646.0,1463.0,1,presencial,lima,0,0
SOL-005030,44,3.6,1587.0,3628.0,3672.0,1,presencial,trujillo,0,0
SOL-005031,37,10.9,4316.0,6157.0,1094.0,1,presencial,lima,0,0
SOL-005032,47,6.8,2044.0,7805.0,1746.0,0,digital,lima,1,1
SOL-005033,43,11.3,10884.0,39358.0,16737.0,0,presencial,trujillo,1,0
SOL-005034,26,10.8,4194.0,17880.0,1599.0,1,presencial,lima,1,0
SOL-005035,57,1.2,1332.0,4229.0,634.0,1,presencial,trujillo,1,0
SOL-005036,45,10.0,4797.0,9514.0,11120.0,1,presencial,trujillo,0,0
SOL-005037,44,6.9,3078.0,5939.0,2944.0,0,digital,lima,0,0
SOL-005038,49,2.6,5676.0,14796.0,740.0,1,presencial,lima,1,0
SOL-005039,58,2.4,1839.0,4460.0,1120.0,0,digital,arequipa,1,0
SOL-005040,29,3.1,3177.0,8466.0,1306.0,0,digital,trujillo,0,1
SOL-005041,43,14.9,3325.0,6974.0,278.0,0,presencial,trujillo,1,0
SOL-005042,51,5.5,2700.0,12055.0,360.0,1,presencial,lima,0,0
SOL-005043,40,8.2,4574.0,7619.0,5440.0,1,presencial,arequipa,1,0
SOL-005044,52,9.9,4144.0,15297.0,1224.0,0,presencial,lima,1,0
SOL-005045,19,3.9,6608.0,20879.0,8370.0,0,presencial,arequipa,0,0
SOL-005046,31,9.2,2717.0,8484.0,5707.0,1,digital,trujillo,0,0
SOL-005047,42,5.1,5240.0,17299.0,288.0,0,presencial,trujillo,1,0
SOL-005048,30,19.6,1430.0,6010.0,1810.0,1,digital,lima,0,0
SOL-005049,33,2.6,7904.0,27608.0,7975.0,1,presencial,lima,1,0
SOL-005050,42,3.1,1789.0,4007.0,2614.0,0,digital,lima,1,0
SOL-005051,37,10.2,6121.0,13678.0,22688.0,1,presencial,lima,1,0
SOL-005052,45,3.1,4389.0,17412.0,3513.0,0,presencial,lima,1,0
SOL-005053,43,8.8,4109.0,11842.0,3269.0,1,presencial,trujillo,0,0
SOL-005054,49,4.2,5684.0,20378.0,5376.0,1,presencial,lima,1,0
SOL-005055,48,0.7,881.0,2260.0,313.0,1,digital,lima,1,0
SOL-005056,45,2.0,2841.0,10479.0,9219.0,1,presencial,arequipa,1,0
SOL-005057,52,6.0,5642.0,15316.0,188.0,1,presencial,lima,0,0
SOL-005058,45,7.1,10399.0,30456.0,5595.0,1,presencial,lima,0,0
SOL-005059,37,2.5,3779.0,16167.0,2118.0,1,presencial,trujillo,1,0
SOL-005060,41,7.5,1078.0,3163.0,384.0,0,presencial,lima,1,1
SOL-005061,40,1.8,3246.0,6807.0,2289.0,1,presencial,lima,0,0
SOL-005062,49,3.9,3710.0,11306.0,1986.0,1,presencial,arequipa,1,0
SOL-005063,44,5.0,6815.0,9721.0,1906.0,0,presencial,lima,0,0
SOL-005064,34,4.7,3925.0,8889.0,3321.0,1,presencial,lima,1,0
SOL-005065,30,4.2,1379.0,4513.0,1413.0,0,digital,lima,0,1
SOL-005066,26,4.9,6317.0,10233.0,32832.0,1,presencial,lima,1,0
SOL-005067,41,4.4,5144.0,14464.0,1405.0,1,presencial,trujillo,1,0
SOL-005068,43,4.4,2661.0,8665.0,3363.0,1,presencial,lima,1,0
SOL-005069,63,3.4,5565.0,11699.0,6860.0,0,presencial,lima,1,0
SOL-005070,58,7.6,2881.0,5979.0,5649.0,1,presencial,lima,1,0
SOL-005071,32,4.4,3278.0,11385.0,5611.0,1,presencial,trujillo,0,0
SOL-005072,45,3.1,2906.0,12845.0,1942.0,1,presencial,lima,1,0
SOL-005073,45,7.3,3258.0,7665.0,799.0,1,presencial,trujillo,1,0
SOL-005074,40,6.6,6133.0,12535.0,838.0,0,presencial,lima,1,0
SOL-005075,30,0.8,1059.0,4713.0,700.0,0,digital,trujillo,1,1
SOL-005076,39,12.0,6796.0,27099.0,8930.0,1,presencial,lima,1,0
SOL-005077,64,3.9,4195.0,18045.0,12133.0,1,presencial,lima,1,0
SOL-005078,38,4.1,3125.0,4822.0,2915.0,1,presencial,lima,0,0
SOL-005079,47,5.1,3869.0,16614.0,1209.0,1,presencial,lima,0,0
SOL-005080,19,4.9,1670.0,6678.0,1748.0,1,digital,arequipa,1,0
SOL-005081,52,5.3,1638.0,3815.0,2333.0,0,presencial,arequipa,0,0
SOL-005082,56,2.9,2421.0,8074.0,6172.0,1,presencial,arequipa,1,0
SOL-005083,31,1.3,1428.0,2761.0,358.0,0,presencial,lima,1,0
SOL-005084,37,11.9,1894.0,5104.0,249.0,0,presencial,arequipa,0,0
SOL-005085,37,1.0,1152.0,3764.0,1292.0,0,digital,lima,0,1
SOL-005086,43,7.0,7233.0,12600.0,6056.0,0,presencial,trujillo,1,0
SOL-005087,37,3.6,1374.0,6040.0,830.0,1,digital,arequipa,1,0
SOL-005088,40,1.0,3746.0,16034.0,2946.0,1,presencial,arequipa,1,0
SOL-005089,52,1.7,4789.0,19582.0,1246.0,1,digital,trujillo,1,0
SOL-005090,36,13.6,5955.0,10710.0,277.0,1,presencial,arequipa,0,0
SOL-005091,73,1.4,3283.0,11406.0,5481.0,1,presencial,arequipa,1,1
SOL-005092,46,2.6,2304.0,9585.0,3645.0,1,digital,lima,0,0
SOL-005093,52,6.5,4204.0,7679.0,649.0,1,presencial,arequipa,0,0
SOL-005094,32,2.6,11480.0,39108.0,8549.0,1,presencial,lima,1,1
SOL-005095,42,4.0,3321.0,6751.0,5011.0,1,digital,lima,0,1
SOL-005096,50,7.4,5418.0,19172.0,7276.0,1,presencial,trujillo,0,0
SOL-005097,19,5.2,8707.0,29668.0,3206.0,1,digital,lima,1,0
SOL-005098,28,5.6,4423.0,18143.0,4490.0,1,presencial,arequipa,1,1
SOL-005099,36,3.0,4867.0,14142.0,1048.0,0,digital,lima,0,0
SOL-005100,31,1.1,3435.0,12890.0,6239.0,1,digital,lima,0,0
SOL-005101,37,7.2,4870.0,9714.0,3347.0,1,presencial,trujillo,1,0
SOL-005102,55,5.2,2319.0,7866.0,2449.0,1,presencial,lima,0,0
SOL-005103,33,14.7,2128.0,8764.0,2629.0,0,presencial,arequipa,0,0
SOL-005104,38,8.4,2932.0,10676.0,2045.0,0,presencial,arequipa,0,0
SOL-005105,25,2.1,4238.0,17476.0,5236.0,0,digital,trujillo,1,0
SOL-005106,49,6.0,5907.0,19802.0,11045.0,1,presencial,lima,1,1
SOL-005107,24,2.1,7656.0,23805.0,1964.0,0,presencial,arequipa,0,0
SOL-005108,38,1.2,3806.0,16125.0,8561.0,1,presencial,lima,1,0
SOL-005109,24,3.6,5063.0,12164.0,2533.0,1,presencial,lima,1,0
SOL-005110,29,0.2,3552.0,13213.0,4609.0,1,digital,lima,1,0
SOL-005111,51,7.9,3620.0,12845.0,2448.0,1,presencial,lima,1,0
SOL-005112,51,13.9,3238.0,12707.0,3594.0,0,presencial,lima,0,0
SOL-005113,24,8.4,1238.0,3643.0,2613.0,1,digital,lima,1,1
SOL-005114,38,2.4,2475.0,7252.0,2092.0,0,digital,lima,0,1
SOL-005115,41,8.1,3626.0,5461.0,4419.0,1,presencial,arequipa,1,0
SOL-005116,47,1.9,4833.0,20721.0,12777.0,0,digital,lima,0,0
SOL-005117,42,10.8,7267.0,18899.0,3774.0,1,presencial,lima,1,0
SOL-005118,19,5.8,2890.0,8992.0,936.0,0,digital,lima,1,0
SOL-005119,53,5.1,11192.0,22546.0,22206.0,1,presencial,lima,0,0
SOL-005120,38,4.9,4225.0,13986.0,3033.0,0,presencial,arequipa,0,0
SOL-005121,40,7.4,6549.0,16195.0,4032.0,1,presencial,trujillo,1,0
SOL-005122,47,4.9,3634.0,11678.0,8269.0,1,presencial,arequipa,1,1
SOL-005123,27,9.7,2116.0,7786.0,795.0,1,presencial,arequipa,0,0
SOL-005124,44,4.0,3068.0,10097.0,4027.0,1,presencial,lima,0,0
SOL-005125,49,4.6,8238.0,12315.0,24923.0,1,presencial,trujillo,1,0
SOL-005126,47,4.8,3336.0,13007.0,757.0,1,presencial,lima,0,0
SOL-005127,36,4.3,3003.0,9425.0,9293.0,1,presencial,lima,1,0
SOL-005128,54,2.8,3820.0,8171.0,2166.0,1,presencial,lima,0,0
SOL-005129,21,2.2,2188.0,5259.0,1340.0,0,digital,lima,1,0
SOL-005130,25,3.5,4984.0,19508.0,608.0,1,digital,arequipa,1,0
SOL-005131,42,4.8,10203.0,43898.0,11152.0,1,presencial,lima,0,0
SOL-005132,46,12.8,3839.0,15056.0,1003.0,0,presencial,lima,1,0
SOL-005133,39,6.5,5070.0,21027.0,6913.0,0,presencial,lima,0,0
SOL-005134,57,11.2,6345.0,18519.0,4918.0,1,presencial,trujillo,1,0
SOL-005135,35,0.2,2835.0,7632.0,3048.0,0,digital,arequipa,1,1
SOL-005136,44,8.9,2425.0,9551.0,3751.0,1,presencial,trujillo,0,0
SOL-005137,46,6.5,3094.0,8116.0,11526.0,1,presencial,trujillo,0,0
SOL-005138,51,4.8,4742.0,17015.0,4058.0,1,presencial,trujillo,1,0
SOL-005139,46,2.7,4697.0,15502.0,6478.0,1,presencial,lima,0,0
SOL-005140,19,6.2,1055.0,1977.0,1269.0,0,digital,lima,1,1
SOL-005141,55,7.1,3050.0,7188.0,3234.0,1,presencial,lima,0,0
SOL-005142,44,8.0,2609.0,5371.0,412.0,1,presencial,lima,1,0
SOL-005143,51,3.7,6056.0,10834.0,2099.0,1,presencial,arequipa,1,0
SOL-005144,28,8.1,1864.0,5038.0,328.0,0,digital,lima,1,1
SOL-005145,23,7.5,3012.0,6069.0,8393.0,1,presencial,lima,0,1
SOL-005146,19,2.3,2070.0,3357.0,5861.0,1,digital,arequipa,0,0
SOL-005147,22,10.4,4043.0,8254.0,6277.0,1,digital,lima,0,0
SOL-005148,49,5.9,6335.0,21023.0,12650.0,1,presencial,lima,1,0
SOL-005149,46,0.2,3463.0,13527.0,635.0,0,digital,lima,1,0
SOL-005150,46,3.9,6804.0,19290.0,9368.0,1,presencial,arequipa,1,0
SOL-005151,31,9.6,7277.0,23934.0,3180.0,1,presencial,lima,0,0
SOL-005152,34,4.0,1493.0,5101.0,382.0,1,presencial,lima,1,0
SOL-005153,58,5.3,5207.0,17805.0,10405.0,0,presencial,lima,0,0
SOL-005154,29,9.8,3158.0,14082.0,4327.0,1,presencial,arequipa,1,0
SOL-005155,66,4.0,1991.0,6546.0,419.0,1,presencial,lima,0,0
SOL-005156,64,8.3,3241.0,10026.0,8347.0,0,presencial,lima,1,0
SOL-005157,66,2.2,5597.0,22874.0,4382.0,1,presencial,trujillo,1,0
SOL-005158,47,6.4,8158.0,27125.0,13275.0,1,presencial,trujillo,0,0
SOL-005159,39,6.1,1902.0,5364.0,964.0,1,presencial,lima,0,0
SOL-005160,47,6.7,5279.0,19540.0,5806.0,1,presencial,lima,0,0
SOL-005161,42,5.6,7446.0,15600.0,12818.0,1,digital,lima,0,0
SOL-005162,25,3.8,6942.0,24192.0,7383.0,0,digital,arequipa,1,0
SOL-005163,31,5.0,635.0,2399.0,890.0,1,presencial,lima,1,0
SOL-005164,40,5.3,11885.0,40166.0,8989.0,0,presencial,trujillo,1,0
SOL-005165,35,11.8,6309.0,12504.0,9947.0,1,presencial,trujillo,0,0
SOL-005166,46,4.2,807.0,2418.0,979.0,1,digital,arequipa,0,0
SOL-005167,36,17.1,2571.0,10055.0,58.0,1,presencial,lima,1,0
SOL-005168,33,5.6,5153.0,13648.0,4444.0,1,digital,trujillo,1,0
SOL-005169,54,5.8,4616.0,19738.0,9351.0,1,presencial,arequipa,0,1
SOL-005170,57,2.3,2840.0,4400.0,111.0,0,presencial,arequipa,1,0
SOL-005171,34,7.0,2774.0,9603.0,7786.0,1,digital,lima,0,1
SOL-005172,47,4.5,5084.0,10788.0,585.0,1,presencial,arequipa,0,0
SOL-005173,21,7.9,1982.0,6761.0,2162.0,1,digital,trujillo,1,0
SOL-005174,54,3.2,3583.0,15561.0,11866.0,1,presencial,trujillo,1,1
SOL-005175,57,5.3,6102.0,19419.0,7679.0,1,presencial,arequipa,1,0
SOL-005176,22,4.4,2659.0,7324.0,4825.0,1,presencial,lima,1,1
SOL-005177,62,8.2,1890.0,7677.0,3784.0,1,presencial,lima,0,0
SOL-005178,35,12.3,2748.0,7797.0,3962.0,1,presencial,arequipa,0,0
SOL-005179,50,5.2,2411.0,7593.0,785.0,1,presencial,trujillo,0,0
SOL-005180,44,4.1,2795.0,6574.0,1882.0,1,presencial,arequipa,1,0
SOL-005181,42,2.4,1559.0,4837.0,518.0,1,presencial,lima,0,0
SOL-005182,41,3.8,4327.0,15659.0,13199.0,1,presencial,lima,1,0
SOL-005183,32,12.4,6010.0,17903.0,4147.0,1,presencial,arequipa,0,0
SOL-005184,38,3.6,1757.0,3608.0,3800.0,1,digital,trujillo,1,1
SOL-005185,40,7.0,2727.0,3984.0,4419.0,0,presencial,lima,1,0
SOL-005186,19,0.3,2431.0,5046.0,2542.0,1,digital,lima,1,0
SOL-005187,32,1.8,2383.0,9617.0,742.0,1,presencial,trujillo,1,1
SOL-005188,29,1.6,6384.0,27921.0,2610.0,1,presencial,lima,0,0
SOL-005189,26,9.0,1688.0,5306.0,800.0,0,digital,lima,1,0
SOL-005190,48,5.4,2912.0,11561.0,559.0,1,presencial,lima,1,0
SOL-005191,35,3.2,2574.0,3978.0,10302.0,0,presencial,lima,0,1
SOL-005192,43,7.2,4524.0,18305.0,6909.0,0,digital,lima,1,1
SOL-005193,42,4.3,3394.0,7773.0,3539.0,1,presencial,arequipa,1,0
SOL-005194,29,7.8,7553.0,14682.0,5593.0,0,digital,arequipa,1,0
SOL-005195,32,3.6,3220.0,7274.0,2599.0,1,digital,arequipa,1,0
SOL-005196,47,7.9,4894.0,14407.0,4734.0,1,digital,arequipa,0,0
SOL-005197,28,2.9,3234.0,10418.0,3198.0,0,presencial,lima,1,0
SOL-005198,61,6.8,2345.0,3334.0,3391.0,0,presencial,lima,1,0
SOL-005199,43,6.3,2634.0,6488.0,453.0,0,digital,lima,1,0
SOL-005200,43,1.7,2689.0,9637.0,1428.0,1,presencial,lima,0,0
SOL-005201,56,5.4,1354.0,5045.0,1834.0,1,presencial,arequipa,0,0
SOL-005202,39,2.4,6484.0,13789.0,8962.0,1,presencial,lima,1,0
SOL-005203,46,1.9,3893.0,8425.0,4188.0,1,presencial,arequipa,0,0
SOL-005204,37,4.5,2659.0,9325.0,4938.0,0,presencial,lima,1,1
SOL-005205,54,7.0,4655.0,15313.0,3106.0,1,presencial,lima,1,0
SOL-005206,35,3.3,3922.0,11535.0,3399.0,1,presencial,lima,0,0
SOL-005207,42,4.7,7967.0,24652.0,14936.0,1,presencial,lima,0,0
SOL-005208,39,2.0,3356.0,9895.0,656.0,0,digital,arequipa,1,0
SOL-005209,55,9.0,3528.0,9393.0,10946.0,1,presencial,trujillo,0,0
SOL-005210,34,11.0,5489.0,21091.0,9297.0,1,presencial,lima,0,0
SOL-005211,51,19.0,3757.0,15609.0,1795.0,1,presencial,arequipa,0,0
SOL-005212,32,10.2,4212.0,14251.0,8165.0,1,presencial,arequipa,0,0
SOL-005213,19,5.8,5069.0,11335.0,1202.0,1,digital,lima,1,0
SOL-005214,24,7.4,1459.0,6450.0,3993.0,0,digital,lima,0,0
SOL-005215,52,3.6,2443.0,4088.0,174.0,1,presencial,lima,1,0
SOL-005216,43,4.5,3078.0,13394.0,515.0,0,presencial,lima,1,0
SOL-005217,37,6.2,3321.0,10373.0,1202.0,1,presencial,trujillo,1,0
SOL-005218,44,1.7,6984.0,25153.0,2806.0,1,presencial,lima,0,0
SOL-005219,43,3.4,1834.0,4976.0,2163.0,0,presencial,lima,1,0
SOL-005220,50,17.4,3769.0,9449.0,6853.0,1,presencial,arequipa,1,0
SOL-005221,25,4.5,2874.0,6013.0,288.0,1,presencial,lima,0,1
SOL-005222,42,1.5,9267.0,16198.0,26699.0,1,presencial,arequipa,1,0
SOL-005223,44,3.9,6061.0,14362.0,8334.0,1,presencial,lima,1,0
SOL-005224,28,5.9,4333.0,9485.0,17094.0,1,presencial,lima,1,0
SOL-005225,28,7.2,6335.0,19350.0,5257.0,0,presencial,lima,0,0
SOL-005226,39,5.2,1927.0,7819.0,6044.0,1,presencial,lima,1,0
SOL-005227,43,6.7,10985.0,18226.0,46366.0,1,presencial,lima,1,1
SOL-005228,43,3.4,2471.0,9181.0,992.0,1,presencial,arequipa,1,0
SOL-005229,37,11.2,7359.0,16406.0,2543.0,1,presencial,arequipa,0,0
SOL-005230,36,9.8,5099.0,17272.0,3241.0,1,presencial,arequipa,0,0
SOL-005231,28,0.2,3074.0,10281.0,1800.0,1,digital,lima,1,0
SOL-005232,35,1.0,5040.0,18579.0,5775.0,0,digital,trujillo,0,1
SOL-005233,57,8.8,6427.0,9301.0,3882.0,1,presencial,lima,0,0
SOL-005234,19,6.4,4047.0,5683.0,7829.0,1,presencial,trujillo,0,0
SOL-005235,39,4.6,2152.0,4138.0,3241.0,0,digital,arequipa,1,1
SOL-005236,42,5.7,4081.0,18116.0,1489.0,1,presencial,arequipa,1,0
SOL-005237,49,10.2,3628.0,8922.0,2984.0,1,presencial,lima,0,0
SOL-005238,56,6.3,4601.0,15359.0,9364.0,1,presencial,arequipa,1,0
SOL-005239,35,7.2,6507.0,15323.0,8275.0,0,presencial,arequipa,1,0
SOL-005240,53,5.8,4884.0,14223.0,7801.0,1,presencial,lima,1,0
SOL-005241,29,2.8,4214.0,11620.0,1455.0,1,presencial,arequipa,1,0
SOL-005242,44,9.2,2724.0,5402.0,2522.0,1,presencial,lima,0,1
SOL-005243,40,4.3,4532.0,11378.0,969.0,1,presencial,lima,1,0
SOL-005244,44,4.2,1585.0,3156.0,1654.0,1,presencial,arequipa,0,0
SOL-005245,32,4.8,2528.0,5731.0,1960.0,1,presencial,trujillo,0,0
SOL-005246,48,2.2,5246.0,14131.0,5837.0,1,presencial,lima,1,0
SOL-005247,60,15.9,6065.0,23448.0,1903.0,0,presencial,lima,1,0
SOL-005248,32,8.8,3787.0,7608.0,5242.0,1,presencial,lima,1,0
SOL-005249,45,2.7,4249.0,8527.0,8871.0,0,presencial,lima,1,1
SOL-005250,41,11.4,3248.0,7038.0,90.0,0,digital,lima,0,0
SOL-005251,40,3.8,5455.0,20985.0,789.0,1,presencial,lima,0,0
SOL-005252,58,4.2,3447.0,7469.0,1367.0,1,presencial,arequipa,0,0
SOL-005253,38,3.7,2296.0,9047.0,1438.0,1,presencial,lima,0,0
SOL-005254,31,10.0,3277.0,7866.0,1575.0,0,digital,lima,1,0
SOL-005255,21,8.8,7418.0,17351.0,1469.0,0,digital,lima,0,0
SOL-005256,33,3.3,1658.0,4265.0,1859.0,0,digital,lima,1,1
SOL-005257,43,5.2,3583.0,9994.0,3811.0,1,presencial,lima,1,0
SOL-005258,50,8.6,3131.0,8458.0,1505.0,1,presencial,lima,1,1
SOL-005259,36,8.4,13425.0,35208.0,17247.0,1,presencial,lima,1,0
SOL-005260,35,5.4,2323.0,10437.0,1723.0,1,presencial,lima,0,0
SOL-005261,48,5.5,3521.0,12495.0,11453.0,1,presencial,arequipa,0,0
SOL-005262,58,8.9,3166.0,13085.0,346.0,1,presencial,trujillo,1,0
SOL-005263,50,1.6,1994.0,8315.0,1222.0,1,presencial,lima,1,0
SOL-005264,52,5.3,1357.0,3696.0,3672.0,0,digital,lima,1,0
SOL-005265,49,6.7,5144.0,19563.0,7108.0,1,presencial,lima,0,0
SOL-005266,49,11.6,5533.0,15821.0,10304.0,1,presencial,lima,1,0
SOL-005267,50,7.3,2861.0,9280.0,7898.0,1,presencial,arequipa,1,0
SOL-005268,48,6.2,5575.0,20499.0,2821.0,0,digital,arequipa,1,1
SOL-005269,46,1.9,831.0,2662.0,389.0,1,digital,lima,0,0
SOL-005270,31,3.6,1989.0,5912.0,6488.0,1,presencial,lima,0,1
SOL-005271,41,5.2,1745.0,2507.0,4298.0,0,digital,lima,1,0
SOL-005272,35,0.2,2667.0,11752.0,2042.0,0,digital,lima,1,0
SOL-005273,30,2.8,2119.0,3216.0,2778.0,0,digital,trujillo,1,1
SOL-005274,19,0.7,2413.0,4278.0,11960.0,0,digital,lima,1,1
SOL-005275,26,3.8,4926.0,7545.0,1689.0,1,presencial,lima,1,0
SOL-005276,28,0.2,5716.0,19098.0,10562.0,0,digital,lima,1,0
SOL-005277,27,2.5,5810.0,13585.0,11941.0,1,presencial,lima,0,0
SOL-005278,28,9.3,2759.0,11507.0,651.0,1,digital,lima,1,0
SOL-005279,51,2.4,3671.0,11884.0,9843.0,0,presencial,lima,1,0
SOL-005280,26,1.4,4751.0,18162.0,5874.0,1,digital,lima,1,1
SOL-005281,33,2.4,7138.0,13207.0,4147.0,1,digital,lima,1,0
SOL-005282,31,7.8,5334.0,14257.0,7914.0,1,presencial,arequipa,0,0
SOL-005283,35,3.2,2077.0,6928.0,919.0,0,digital,lima,0,0
SOL-005284,49,1.6,4380.0,8682.0,5663.0,1,presencial,lima,1,0
SOL-005285,27,1.1,5176.0,13376.0,3284.0,0,presencial,trujillo,0,1
SOL-005286,35,4.4,2868.0,10723.0,3557.0,1,presencial,lima,1,0
SOL-005287,19,3.2,4203.0,14773.0,5424.0,0,digital,trujillo,1,0
SOL-005288,49,9.2,4391.0,18424.0,7811.0,1,presencial,trujillo,0,0
SOL-005289,45,2.6,7014.0,21957.0,3901.0,1,presencial,lima,1,0
SOL-005290,42,12.4,2303.0,4701.0,378.0,1,presencial,lima,1,0
SOL-005291,42,1.6,1548.0,6384.0,1139.0,0,presencial,trujillo,0,0
SOL-005292,47,1.6,3121.0,13677.0,3118.0,1,presencial,lima,1,0
SOL-005293,36,2.7,2713.0,7882.0,84.0,1,digital,lima,0,0
SOL-005294,27,7.5,1050.0,1745.0,8.0,0,digital,arequipa,1,0
SOL-005295,25,4.6,1953.0,4265.0,762.0,0,digital,lima,1,1
SOL-005296,42,2.5,7461.0,27842.0,6241.0,0,presencial,trujillo,0,0
SOL-005297,30,14.7,3536.0,4953.0,2739.0,0,digital,arequipa,1,0
SOL-005298,66,6.0,4113.0,9517.0,638.0,1,presencial,trujillo,1,0
SOL-005299,39,6.4,2211.0,5624.0,5448.0,1,presencial,arequipa,1,0
SOL-005300,46,8.5,7333.0,28188.0,3462.0,1,presencial,arequipa,1,0
SOL-005301,48,6.6,3081.0,8488.0,1456.0,1,presencial,lima,1,0
SOL-005302,58,3.8,4021.0,12180.0,939.0,1,presencial,trujillo,1,0
SOL-005303,23,11.9,3312.0,11532.0,1227.0,1,digital,trujillo,1,0
SOL-005304,58,11.7,4184.0,16038.0,1018.0,1,presencial,trujillo,1,0
SOL-005305,41,14.9,8314.0,20353.0,13026.0,1,presencial,arequipa,0,0
SOL-005306,71,4.1,5162.0,9977.0,14023.0,1,presencial,arequipa,0,0
SOL-005307,36,11.6,3195.0,6275.0,988.0,0,digital,lima,1,0
SOL-005308,29,2.4,3659.0,6939.0,1090.0,1,presencial,trujillo,0,0
SOL-005309,41,5.4,4791.0,8407.0,2866.0,1,presencial,lima,0,0
SOL-005310,58,8.4,3432.0,9496.0,6875.0,1,presencial,lima,0,0
SOL-005311,44,2.0,4224.0,8311.0,201.0,1,presencial,lima,0,0
SOL-005312,42,14.3,3204.0,12258.0,1389.0,1,presencial,arequipa,1,0
SOL-005313,51,3.9,2952.0,4133.0,2227.0,0,presencial,arequipa,1,0
SOL-005314,39,12.0,2377.0,10354.0,1016.0,1,presencial,lima,0,0
SOL-005315,41,2.1,3324.0,4790.0,3361.0,1,presencial,lima,1,0
SOL-005316,33,5.4,3213.0,7739.0,2459.0,1,presencial,lima,0,0
SOL-005317,62,3.3,9910.0,37039.0,1841.0,0,presencial,lima,0,0
SOL-005318,19,1.8,4488.0,18416.0,6727.0,0,digital,lima,1,1
SOL-005319,45,2.3,3570.0,5963.0,933.0,1,presencial,arequipa,1,0
SOL-005320,48,2.2,3071.0,11926.0,3148.0,1,presencial,lima,0,0
SOL-005321,43,2.6,5270.0,19655.0,1162.0,1,presencial,lima,1,0
SOL-005322,29,2.5,10509.0,29694.0,10740.0,1,presencial,lima,0,0
SOL-005323,21,8.9,4054.0,13554.0,3060.0,0,digital,lima,0,0
SOL-005324,49,11.4,1565.0,3972.0,1359.0,0,presencial,trujillo,1,0
SOL-005325,34,1.9,5996.0,14191.0,6491.0,1,presencial,lima,1,0
SOL-005326,20,4.6,6575.0,9878.0,12091.0,0,presencial,lima,1,0
SOL-005327,47,10.4,12011.0,17070.0,6405.0,1,presencial,arequipa,0,0
SOL-005328,22,6.2,2355.0,7138.0,392.0,1,digital,lima,1,0
SOL-005329,50,4.3,4114.0,5907.0,2839.0,0,presencial,trujillo,1,0
SOL-005330,41,3.4,4837.0,8614.0,9121.0,1,presencial,trujillo,1,0
SOL-005331,29,0.3,1801.0,3060.0,295.0,1,digital,arequipa,1,1
SOL-005332,33,12.2,1718.0,5777.0,1251.0,1,digital,trujillo,1,0
SOL-005333,30,6.5,4711.0,16365.0,9627.0,1,presencial,lima,1,0
SOL-005334,34,5.8,1716.0,6415.0,796.0,1,presencial,lima,0,0
SOL-005335,40,2.8,1930.0,8525.0,1345.0,1,presencial,lima,1,0
SOL-005336,19,3.5,4095.0,18172.0,1661.0,0,digital,lima,0,0
SOL-005337,40,8.9,3471.0,7093.0,1902.0,1,digital,lima,0,0
SOL-005338,29,0.2,5132.0,12780.0,8027.0,0,digital,lima,1,0
SOL-005339,19,1.2,3409.0,10707.0,6068.0,0,digital,lima,1,0
SOL-005340,37,2.1,3848.0,5914.0,6370.0,1,presencial,lima,1,0
SOL-005341,44,12.1,7482.0,14938.0,10792.0,1,presencial,arequipa,1,0
SOL-005342,38,1.7,3072.0,12430.0,727.0,1,presencial,lima,1,0
SOL-005343,36,4.7,2253.0,6005.0,6998.0,0,digital,lima,1,0
SOL-005344,49,2.1,3701.0,10742.0,10681.0,0,presencial,lima,0,0
SOL-005345,69,5.9,4838.0,17820.0,3652.0,1,presencial,arequipa,1,0
SOL-005346,56,2.0,3697.0,14444.0,7317.0,0,presencial,lima,1,0
SOL-005347,19,2.0,1238.0,5053.0,42.0,0,digital,arequipa,1,1
SOL-005348,28,11.7,2333.0,9738.0,5009.0,0,digital,lima,1,1
SOL-005349,29,5.5,2636.0,6097.0,2626.0,1,digital,lima,1,0
SOL-005350,49,5.7,4063.0,13863.0,1100.0,0,presencial,trujillo,1,0
SOL-005351,22,5.2,2121.0,3701.0,4725.0,1,digital,lima,1,0
SOL-005352,26,12.3,3485.0,15346.0,185.0,1,digital,lima,1,0
SOL-005353,29,5.9,1657.0,3695.0,2746.0,1,presencial,lima,1,1
SOL-005354,36,10.0,4751.0,12401.0,10466.0,1,presencial,lima,1,0
SOL-005355,26,8.6,6806.0,29164.0,17125.0,1,digital,lima,1,0
SOL-005356,29,7.8,1954.0,6553.0,222.0,0,digital,lima,0,0
SOL-005357,30,19.7,3944.0,9046.0,537.0,1,presencial,lima,0,0
SOL-005358,54,7.9,3366.0,5613.0,5133.0,1,presencial,trujillo,1,0
SOL-005359,48,9.7,3396.0,9899.0,10201.0,1,presencial,lima,0,0
SOL-005360,19,2.1,1570.0,5073.0,1953.0,1,digital,lima,0,0
SOL-005361,43,5.4,10782.0,37435.0,5302.0,1,presencial,trujillo,0,0
SOL-005362,26,5.2,4678.0,8937.0,12887.0,1,presencial,lima,1,0
SOL-005363,58,2.8,2700.0,9689.0,7707.0,1,presencial,trujillo,1,0
SOL-005364,50,1.4,1782.0,4498.0,5761.0,0,digital,lima,1,1
SOL-005365,31,3.6,2766.0,11967.0,743.0,1,digital,arequipa,0,0
SOL-005366,23,4.5,868.0,2974.0,147.0,1,digital,trujillo,1,0
SOL-005367,36,13.6,6617.0,28096.0,597.0,1,presencial,lima,0,0
SOL-005368,27,1.2,2051.0,3063.0,339.0,1,digital,trujillo,1,0
SOL-005369,31,1.1,3280.0,13777.0,6416.0,0,digital,arequipa,1,1
SOL-005370,58,1.8,4801.0,19787.0,5819.0,1,presencial,trujillo,1,1
SOL-005371,54,8.6,6323.0,18864.0,46096.0,1,presencial,lima,1,0
SOL-005372,43,13.9,3462.0,15326.0,2846.0,0,digital,lima,1,0
SOL-005373,45,5.0,5633.0,20969.0,5239.0,1,presencial,lima,0,0
SOL-005374,30,6.3,6502.0,29159.0,14744.0,1,presencial,trujillo,1,0
SOL-005375,35,5.0,3224.0,12073.0,1760.0,1,presencial,lima,1,0
SOL-005376,33,6.5,8201.0,34748.0,2293.0,1,digital,lima,0,0
SOL-005377,30,2.4,4599.0,9249.0,5282.0,1,presencial,trujillo,0,0
SOL-005378,35,5.5,2641.0,5310.0,2011.0,1,digital,lima,0,0
SOL-005379,52,5.0,2472.0,7352.0,2738.0,1,presencial,arequipa,0,0
SOL-005380,38,7.2,2406.0,8808.0,7845.0,0,digital,lima,1,1
SOL-005381,49,8.6,4717.0,10479.0,1750.0,1,presencial,arequipa,0,0
SOL-005382,19,5.0,2815.0,7579.0,1094.0,0,digital,lima,1,0
SOL-005383,47,2.9,6930.0,13406.0,23447.0,1,digital,lima,0,0
SOL-005384,26,2.9,3125.0,13341.0,1662.0,1,presencial,lima,0,0
SOL-005385,41,8.5,5449.0,20203.0,2275.0,1,presencial,lima,1,0
SOL-005386,39,3.9,1492.0,2266.0,1684.0,0,digital,lima,1,0
SOL-005387,47,5.4,11912.0,17508.0,5114.0,0,presencial,lima,0,0
SOL-005388,29,4.0,2058.0,9221.0,2099.0,1,presencial,arequipa,0,0
SOL-005389,31,12.3,11256.0,29579.0,4498.0,1,presencial,lima,0,0
SOL-005390,35,11.1,2497.0,8158.0,5116.0,1,digital,lima,0,0
SOL-005391,49,4.3,1198.0,5197.0,650.0,1,presencial,lima,1,0
SOL-005392,31,3.2,7732.0,33735.0,14706.0,1,presencial,lima,1,0
SOL-005393,36,2.9,2797.0,4748.0,5313.0,0,digital,arequipa,1,0
SOL-005394,26,3.4,3024.0,10190.0,2574.0,1,presencial,lima,1,0
SOL-005395,50,7.0,5344.0,23929.0,2029.0,0,presencial,trujillo,0,0
SOL-005396,33,5.4,5407.0,10581.0,17609.0,1,presencial,arequipa,0,0
SOL-005397,44,8.3,4748.0,16403.0,3358.0,1,presencial,trujillo,1,0
SOL-005398,42,4.3,6907.0,26243.0,7109.0,1,presencial,arequipa,0,0
SOL-005399,45,19.0,3055.0,4993.0,917.0,1,digital,lima,0,0
SOL-005400,46,1.9,5366.0,13950.0,6077.0,0,presencial,trujillo,1,0
SOL-005401,25,3.7,2043.0,4160.0,1713.0,0,digital,arequipa,0,0
SOL-005402,47,18.1,5699.0,8982.0,15544.0,0,presencial,arequipa,0,0
SOL-005403,67,8.4,2925.0,4995.0,3632.0,1,presencial,lima,1,0
SOL-005404,51,4.8,2133.0,5246.0,2001.0,1,presencial,lima,1,0
SOL-005405,42,6.7,3438.0,10986.0,635.0,1,presencial,arequipa,1,0
SOL-005406,23,0.6,2321.0,10111.0,3362.0,0,digital,lima,1,1
SOL-005407,36,5.5,6201.0,26668.0,20431.0,0,presencial,arequipa,1,0
SOL-005408,50,2.2,1798.0,7380.0,9971.0,1,presencial,lima,1,1
SOL-005409,33,1.4,6759.0,25626.0,3328.0,1,presencial,lima,0,0
SOL-005410,32,10.3,1938.0,2958.0,3759.0,1,digital,lima,0,0
SOL-005411,59,3.5,1062.0,2822.0,2175.0,1,presencial,lima,0,0
SOL-005412,34,0.5,1430.0,5457.0,2954.0,1,digital,lima,0,0
SOL-005413,31,4.3,3262.0,14350.0,5836.0,1,presencial,trujillo,1,0
SOL-005414,67,8.0,4822.0,13661.0,6293.0,1,presencial,arequipa,1,0
SOL-005415,51,0.6,2500.0,8935.0,4128.0,1,digital,trujillo,1,0
SOL-005416,49,3.8,2041.0,9155.0,3414.0,0,presencial,arequipa,1,0
SOL-005417,57,8.6,2553.0,8505.0,5352.0,1,presencial,arequipa,1,0
SOL-005418,29,4.1,1441.0,5496.0,4057.0,1,digital,lima,0,0
SOL-005419,51,12.1,4379.0,19248.0,9871.0,1,presencial,trujillo,1,0
SOL-005420,38,8.7,3651.0,13148.0,1964.0,1,presencial,trujillo,1,0
SOL-005421,28,7.5,5267.0,9527.0,1062.0,1,presencial,arequipa,1,0
SOL-005422,72,8.5,1525.0,6764.0,1417.0,1,presencial,lima,0,0
SOL-005423,19,0.2,2030.0,7901.0,795.0,1,digital,arequipa,1,0
SOL-005424,46,5.2,10993.0,24407.0,29553.0,1,presencial,lima,1,0
SOL-005425,35,15.0,3739.0,16679.0,3387.0,1,digital,lima,0,0
SOL-005426,49,4.1,3281.0,5403.0,8203.0,1,presencial,arequipa,0,0
SOL-005427,31,3.7,1603.0,6915.0,780.0,1,digital,trujillo,1,0
SOL-005428,31,1.9,4766.0,19100.0,2249.0,0,digital,lima,1,0
SOL-005429,34,1.9,5945.0,13390.0,10538.0,0,digital,lima,1,0
SOL-005430,48,9.3,2106.0,8566.0,1171.0,1,presencial,trujillo,1,0
SOL-005431,43,16.2,2213.0,3513.0,355.0,1,presencial,lima,1,0
SOL-005432,42,13.0,4425.0,19257.0,9009.0,1,presencial,lima,1,0
SOL-005433,28,1.2,4645.0,15212.0,4646.0,1,presencial,arequipa,1,0
SOL-005434,65,5.0,4920.0,14836.0,4009.0,1,presencial,trujillo,1,0
SOL-005435,38,2.5,6987.0,31247.0,5164.0,1,digital,lima,1,0
SOL-005436,45,2.4,2310.0,3423.0,1101.0,0,presencial,lima,0,0
SOL-005437,25,8.0,2735.0,8174.0,3036.0,1,digital,lima,1,0
SOL-005438,32,4.3,5569.0,20489.0,11218.0,1,presencial,lima,1,0
SOL-005439,41,1.0,3877.0,6777.0,3206.0,1,digital,arequipa,1,0
SOL-005440,41,6.8,2733.0,3953.0,454.0,1,presencial,trujillo,0,0
SOL-005441,50,2.2,2790.0,9227.0,2481.0,0,presencial,lima,1,0
SOL-005442,19,9.3,2110.0,5165.0,2776.0,0,digital,lima,1,0
SOL-005443,49,9.8,6497.0,18800.0,4594.0,1,digital,lima,1,0
SOL-005444,42,6.8,1611.0,5363.0,5191.0,1,digital,lima,0,0
SOL-005445,31,5.7,2264.0,5880.0,2162.0,1,digital,lima,0,0
SOL-005446,48,5.0,5729.0,11831.0,12216.0,1,presencial,lima,1,0
SOL-005447,40,4.9,1521.0,3254.0,726.0,0,digital,arequipa,1,1
SOL-005448,28,4.9,4377.0,8670.0,7433.0,1,presencial,lima,1,0
SOL-005449,61,1.8,1425.0,5158.0,553.0,0,presencial,arequipa,1,0
SOL-005450,48,8.2,4231.0,7685.0,7359.0,0,presencial,lima,1,0
SOL-005451,35,12.4,3933.0,17359.0,2737.0,1,presencial,trujillo,1,0
SOL-005452,31,3.5,4168.0,5897.0,735.0,0,presencial,trujillo,1,0
SOL-005453,43,7.5,1705.0,3992.0,987.0,0,digital,lima,0,0
SOL-005454,45,5.4,4309.0,16755.0,1343.0,1,presencial,lima,1,0
SOL-005455,37,2.1,2625.0,4408.0,1660.0,1,digital,arequipa,1,0
SOL-005456,43,1.0,7522.0,24241.0,1378.0,1,presencial,lima,0,1
SOL-005457,32,8.3,5333.0,12271.0,712.0,1,presencial,lima,0,0
SOL-005458,49,7.3,1802.0,7916.0,518.0,1,presencial,lima,0,0
SOL-005459,41,2.5,2483.0,5162.0,131.0,0,presencial,trujillo,0,0
SOL-005460,43,4.5,2778.0,4500.0,6617.0,1,presencial,lima,1,0
SOL-005461,58,3.7,2943.0,9720.0,2576.0,1,digital,lima,0,0
SOL-005462,53,6.7,3505.0,8993.0,3425.0,1,presencial,lima,1,0
SOL-005463,53,10.2,3498.0,14699.0,2286.0,1,presencial,arequipa,0,0
SOL-005464,62,3.2,11598.0,49134.0,2683.0,0,digital,lima,1,0
SOL-005465,47,1.5,2932.0,11331.0,3873.0,1,presencial,trujillo,0,0
SOL-005466,33,3.9,5522.0,9933.0,6438.0,1,digital,arequipa,1,0
SOL-005467,25,2.5,2482.0,8538.0,623.0,0,digital,lima,1,1
SOL-005468,38,3.1,1233.0,2079.0,2194.0,1,presencial,lima,1,0
SOL-005469,20,9.3,4228.0,6250.0,802.0,1,presencial,trujillo,0,0
SOL-005470,52,2.9,6850.0,13777.0,6495.0,1,presencial,arequipa,1,0
SOL-005471,29,2.0,5321.0,15605.0,10778.0,1,presencial,lima,0,0
SOL-005472,53,3.9,4373.0,12237.0,12033.0,0,presencial,lima,1,0
SOL-005473,32,3.7,2713.0,10325.0,1925.0,1,digital,lima,1,0
SOL-005474,44,5.7,2960.0,8947.0,1022.0,1,presencial,lima,0,0
SOL-005475,32,9.4,4270.0,9476.0,439.0,0,digital,lima,1,0
SOL-005476,58,3.4,3054.0,5598.0,1811.0,1,presencial,lima,0,0
SOL-005477,56,8.4,2744.0,8688.0,1557.0,0,presencial,lima,0,0
SOL-005478,43,3.9,4739.0,16549.0,10105.0,1,presencial,trujillo,0,0
SOL-005479,33,1.1,3275.0,6747.0,3151.0,1,presencial,arequipa,1,1
SOL-005480,42,8.8,5215.0,17516.0,920.0,1,digital,trujillo,1,0
SOL-005481,32,1.8,4880.0,19845.0,8558.0,1,presencial,arequipa,1,0
SOL-005482,26,6.3,2554.0,5493.0,5250.0,1,presencial,arequipa,1,0
SOL-005483,48,1.9,2111.0,8318.0,2281.0,1,presencial,lima,1,0
SOL-005484,56,7.1,2840.0,12343.0,5110.0,1,presencial,arequipa,0,0
SOL-005485,28,0.7,9037.0,38887.0,7536.0,0,digital,lima,0,0
SOL-005486,36,0.2,2368.0,4352.0,3897.0,1,digital,lima,1,1
SOL-005487,27,3.0,3974.0,6167.0,1887.0,1,digital,trujillo,1,0
SOL-005488,51,0.8,1941.0,7089.0,5488.0,1,presencial,trujillo,1,1
SOL-005489,55,4.8,2179.0,5631.0,439.0,1,presencial,lima,1,0
SOL-005490,29,6.8,2429.0,4739.0,14085.0,1,digital,arequipa,0,0
SOL-005491,32,16.5,9270.0,25826.0,36172.0,1,presencial,lima,0,0
SOL-005492,19,4.3,1369.0,4220.0,3980.0,0,digital,lima,0,1
SOL-005493,53,5.1,2759.0,5246.0,969.0,1,presencial,lima,0,0
SOL-005494,30,10.6,6117.0,9282.0,3754.0,1,presencial,lima,1,0
SOL-005495,36,0.5,6133.0,23450.0,3125.0,0,digital,arequipa,1,0
SOL-005496,52,2.9,4805.0,13521.0,1812.0,1,presencial,lima,1,0
SOL-005497,26,6.6,3808.0,8216.0,1827.0,0,digital,lima,0,0
SOL-005498,41,3.8,2401.0,10471.0,3393.0,0,presencial,trujillo,0,0
SOL-005499,54,4.3,1924.0,7221.0,1243.0,1,presencial,lima,1,0
SOL-005500,34,5.5,2109.0,5585.0,524.0,1,presencial,lima,1,0
SOL-005501,33,2.4,2431.0,5460.0,196.0,1,presencial,lima,1,0
SOL-005502,40,1.5,4304.0,15755.0,8212.0,1,presencial,lima,0,0
SOL-005503,57,2.8,2030.0,7400.0,2106.0,0,presencial,lima,1,0
SOL-005504,61,4.1,4360.0,18052.0,3897.0,1,presencial,arequipa,1,0
SOL-005505,31,5.5,2274.0,3276.0,26.0,0,digital,trujillo,1,1
SOL-005506,35,5.2,2857.0,9576.0,731.0,1,presencial,lima,0,0
SOL-005507,55,8.1,6065.0,13788.0,5553.0,1,presencial,lima,0,0
SOL-005508,25,5.2,2325.0,10280.0,3090.0,1,presencial,lima,1,1
SOL-005509,35,7.2,5653.0,8349.0,21.0,0,digital,trujillo,0,0
SOL-005510,43,4.3,5896.0,17164.0,5187.0,0,presencial,lima,1,0
SOL-005511,57,0.9,2287.0,8241.0,2570.0,1,presencial,lima,0,0
SOL-005512,58,3.3,7152.0,26669.0,2160.0,1,presencial,trujillo,1,0
SOL-005513,33,5.6,2151.0,7233.0,5011.0,1,presencial,arequipa,0,0
SOL-005514,45,7.6,7498.0,21471.0,1308.0,1,presencial,lima,1,0
SOL-005515,37,3.6,4551.0,19202.0,5219.0,0,presencial,lima,0,1
SOL-005516,29,4.4,1179.0,3759.0,623.0,1,digital,lima,1,0
SOL-005517,50,3.9,1952.0,5887.0,2843.0,1,presencial,trujillo,1,0
SOL-005518,39,2.9,3101.0,12581.0,2629.0,0,presencial,lima,1,1
SOL-005519,45,7.6,6010.0,16671.0,12890.0,1,presencial,lima,1,0
SOL-005520,54,6.7,3503.0,11505.0,874.0,1,presencial,arequipa,0,0
SOL-005521,60,19.8,3457.0,8366.0,1818.0,0,presencial,lima,1,0
SOL-005522,46,3.6,3908.0,8042.0,5777.0,0,presencial,lima,1,0
SOL-005523,44,11.3,1356.0,3833.0,1331.0,1,presencial,trujillo,0,0
SOL-005524,20,0.2,4113.0,10043.0,6179.0,0,digital,lima,1,0
SOL-005525,60,11.3,7682.0,11653.0,13368.0,1,presencial,trujillo,0,0
SOL-005526,37,3.6,4039.0,11748.0,6753.0,1,digital,arequipa,1,0
SOL-005527,44,4.1,3071.0,10547.0,3437.0,1,presencial,lima,0,0
SOL-005528,44,6.7,2416.0,3772.0,4144.0,1,presencial,arequipa,0,0
SOL-005529,36,5.4,1526.0,4820.0,1169.0,0,digital,arequipa,1,0
SOL-005530,40,8.8,1486.0,3509.0,2071.0,0,digital,arequipa,1,0
SOL-005531,53,2.6,12426.0,18967.0,2666.0,1,presencial,arequipa,0,0
SOL-005532,50,0.2,2572.0,4373.0,2612.0,0,digital,lima,0,0
SOL-005533,46,6.7,6127.0,22183.0,6574.0,1,presencial,lima,1,0
SOL-005534,62,6.5,5954.0,18287.0,18494.0,0,presencial,arequipa,1,0
SOL-005535,44,8.7,2886.0,12592.0,1967.0,0,digital,lima,1,0
SOL-005536,31,2.2,1651.0,5800.0,233.0,0,digital,lima,0,0
SOL-005537,25,3.3,5013.0,21977.0,689.0,0,presencial,lima,0,0
SOL-005538,44,6.6,2180.0,4979.0,6748.0,1,presencial,lima,1,0
SOL-005539,60,5.4,5235.0,16782.0,13690.0,1,presencial,arequipa,1,0
SOL-005540,34,7.5,2232.0,6990.0,2693.0,0,presencial,trujillo,0,0
SOL-005541,33,1.5,2136.0,6458.0,188.0,1,digital,trujillo,0,0
SOL-005542,45,11.2,3048.0,12747.0,3741.0,1,presencial,lima,1,0
SOL-005543,53,6.3,7922.0,24050.0,10500.0,1,presencial,lima,1,0
SOL-005544,39,10.2,1080.0,2395.0,960.0,1,presencial,trujillo,1,0
SOL-005545,33,4.7,12862.0,45996.0,15694.0,1,presencial,lima,0,0
SOL-005546,49,3.0,2517.0,5590.0,1474.0,1,presencial,arequipa,1,0
SOL-005547,24,5.3,2513.0,4168.0,226.0,1,digital,arequipa,1,0
SOL-005548,23,8.1,4745.0,15302.0,8952.0,1,presencial,lima,0,0
SOL-005549,52,0.2,3177.0,5802.0,3715.0,0,digital,lima,1,0
SOL-005550,53,15.6,5935.0,21450.0,15560.0,1,presencial,arequipa,1,0
SOL-005551,64,3.2,5257.0,14501.0,8614.0,1,presencial,lima,1,0
SOL-005552,53,5.8,11040.0,45101.0,3787.0,1,presencial,trujillo,1,0
SOL-005553,50,7.8,5599.0,14864.0,320.0,1,presencial,arequipa,1,0
SOL-005554,47,5.4,3601.0,9464.0,4642.0,1,presencial,lima,1,0
SOL-005555,30,4.0,2010.0,5486.0,1794.0,0,digital,arequipa,1,0
SOL-005556,38,4.1,1983.0,7164.0,1898.0,0,digital,lima,1,0
SOL-005557,37,1.1,7499.0,14106.0,8891.0,1,presencial,lima,0,0
SOL-005558,31,6.0,9535.0,23437.0,404.0,0,presencial,trujillo,0,0
SOL-005559,28,2.1,4516.0,10073.0,3418.0,0,digital,arequipa,1,1
SOL-005560,57,10.0,738.0,1921.0,252.0,0,presencial,arequipa,0,0
SOL-005561,19,7.3,833.0,3520.0,854.0,1,digital,trujillo,1,0
SOL-005562,30,1.8,3813.0,12801.0,1402.0,0,presencial,lima,0,1
SOL-005563,50,1.7,3510.0,10390.0,2053.0,1,presencial,lima,0,0
SOL-005564,38,16.0,3867.0,6960.0,2120.0,1,presencial,lima,0,0
SOL-005565,37,0.2,5137.0,16369.0,3018.0,0,digital,lima,1,0
SOL-005566,54,3.4,7151.0,27718.0,12780.0,1,presencial,lima,1,0
SOL-005567,37,0.6,2934.0,7391.0,1598.0,0,digital,lima,1,0
SOL-005568,36,11.0,1733.0,7277.0,3334.0,1,presencial,arequipa,1,0
SOL-005569,57,4.9,2020.0,5029.0,36.0,1,presencial,lima,1,0
SOL-005570,40,1.6,2775.0,5265.0,1052.0,1,digital,arequipa,1,0
SOL-005571,43,5.5,4754.0,18854.0,178.0,1,presencial,trujillo,1,0
SOL-005572,43,15.2,2032.0,6408.0,3176.0,1,presencial,trujillo,1,0
SOL-005573,47,7.3,5396.0,16199.0,4302.0,1,presencial,lima,0,0
SOL-005574,29,5.6,1077.0,4598.0,713.0,0,digital,trujillo,0,0
SOL-005575,25,1.5,958.0,3791.0,424.0,1,presencial,trujillo,0,0
SOL-005576,51,10.4,2428.0,10871.0,4378.0,0,presencial,lima,1,0
SOL-005577,40,1.0,5472.0,19394.0,5939.0,0,digital,lima,0,0
SOL-005578,19,5.3,5913.0,18903.0,2677.0,0,digital,lima,1,0
SOL-005579,38,1.4,1169.0,3589.0,4790.0,0,digital,arequipa,1,0
SOL-005580,51,3.9,1216.0,3044.0,701.0,0,digital,arequipa,1,0
SOL-005581,20,3.7,3980.0,7804.0,337.0,0,digital,lima,1,0
SOL-005582,42,22.6,3044.0,12048.0,6476.0,0,presencial,arequipa,0,0
SOL-005583,41,4.0,7789.0,11065.0,3679.0,1,presencial,lima,1,0
SOL-005584,50,4.8,3946.0,16385.0,1116.0,1,digital,lima,1,0
SOL-005585,44,3.2,4315.0,9552.0,6432.0,0,digital,trujillo,1,0
SOL-005586,22,0.5,1748.0,3744.0,2071.0,0,digital,trujillo,0,0
SOL-005587,47,6.9,4821.0,6855.0,2077.0,1,presencial,arequipa,0,0
SOL-005588,68,9.3,10922.0,27480.0,4362.0,1,presencial,lima,1,0
SOL-005589,36,2.4,4121.0,6904.0,7102.0,1,presencial,lima,1,0
SOL-005590,43,4.4,3739.0,7374.0,3503.0,1,presencial,lima,1,0
SOL-005591,49,5.6,3052.0,10785.0,5270.0,1,presencial,lima,0,0
SOL-005592,25,7.1,1165.0,3131.0,881.0,0,digital,lima,1,0
SOL-005593,62,8.9,2161.0,3099.0,487.0,1,presencial,trujillo,1,0
SOL-005594,38,1.4,2407.0,5734.0,2850.0,1,presencial,arequipa,1,1
SOL-005595,28,15.9,1628.0,2310.0,2188.0,1,presencial,lima,0,0
SOL-005596,37,7.3,1715.0,7267.0,1109.0,1,presencial,lima,1,0
SOL-005597,39,3.8,750.0,3051.0,567.0,0,digital,lima,1,0
SOL-005598,34,8.6,2548.0,6358.0,718.0,1,presencial,lima,0,0
SOL-005599,46,12.1,5438.0,11667.0,663.0,1,presencial,arequipa,1,0
SOL-005600,49,4.8,3247.0,5622.0,5009.0,0,presencial,lima,1,0
SOL-005601,30,4.4,3254.0,11669.0,669.0,0,presencial,trujillo,1,0
SOL-005602,37,2.1,5703.0,10113.0,6597.0,1,presencial,lima,1,1
SOL-005603,36,2.8,6448.0,22411.0,11898.0,1,digital,lima,1,0
SOL-005604,40,6.0,8738.0,19231.0,11906.0,1,digital,trujillo,1,0
SOL-005605,37,4.4,4126.0,15105.0,6709.0,1,presencial,lima,1,0
SOL-005606,45,4.3,3306.0,8659.0,7699.0,1,presencial,lima,1,0
SOL-005607,40,13.9,3088.0,5633.0,209.0,1,presencial,arequipa,0,0
SOL-005608,51,6.4,5205.0,11763.0,7044.0,1,presencial,lima,1,0
SOL-005609,49,6.4,3529.0,12490.0,3440.0,1,presencial,lima,0,0
SOL-005610,28,6.1,2475.0,8721.0,2380.0,1,digital,lima,1,0
SOL-005611,48,9.6,3659.0,11897.0,4968.0,1,presencial,lima,1,0
SOL-005612,27,4.1,1642.0,3944.0,245.0,1,digital,lima,1,1
SOL-005613,48,2.9,1138.0,3834.0,2991.0,1,presencial,lima,1,0
SOL-005614,48,7.3,2703.0,4138.0,3342.0,1,presencial,arequipa,0,0
SOL-005615,69,10.4,8167.0,26733.0,451.0,1,presencial,trujillo,1,0
SOL-005616,39,7.2,7970.0,30461.0,11621.0,1,presencial,lima,0,0
SOL-005617,41,8.6,6240.0,11410.0,409.0,0,presencial,lima,0,0
SOL-005618,25,2.7,2073.0,8149.0,3836.0,1,digital,lima,1,0
SOL-005619,32,3.2,2537.0,10669.0,4604.0,1,presencial,lima,0,0
SOL-005620,38,6.1,8909.0,38959.0,1839.0,1,presencial,lima,1,0
SOL-005621,50,3.8,2179.0,3254.0,187.0,1,presencial,arequipa,1,0
SOL-005622,51,12.3,3907.0,16317.0,5085.0,1,presencial,lima,1,0
SOL-005623,46,7.4,9215.0,14713.0,636.0,0,presencial,lima,0,0
SOL-005624,40,4.0,4082.0,10516.0,2636.0,0,presencial,arequipa,0,1
SOL-005625,38,2.5,3286.0,10187.0,9628.0,1,presencial,trujillo,0,0
SOL-005626,33,10.2,6996.0,14603.0,4966.0,1,presencial,lima,0,0
SOL-005627,26,1.2,2782.0,6866.0,4956.0,0,digital,lima,1,1
SOL-005628,19,3.9,2967.0,12506.0,7180.0,1,digital,trujillo,0,1
SOL-005629,58,6.4,8414.0,16346.0,18108.0,0,presencial,lima,0,0
SOL-005630,63,2.8,1019.0,3129.0,1025.0,1,presencial,arequipa,0,0
SOL-005631,22,4.9,4613.0,18284.0,1539.0,0,presencial,arequipa,1,0
SOL-005632,46,11.2,2570.0,5519.0,6232.0,1,presencial,lima,0,0
SOL-005633,46,1.8,3437.0,14775.0,8318.0,1,presencial,lima,1,0
SOL-005634,45,10.1,4059.0,18015.0,3309.0,0,presencial,lima,0,0
SOL-005635,36,6.1,2694.0,5994.0,1266.0,1,presencial,lima,0,0
SOL-005636,43,1.9,3017.0,8648.0,4312.0,1,digital,lima,1,1
SOL-005637,48,1.7,4677.0,6711.0,655.0,1,presencial,arequipa,1,0
SOL-005638,43,3.4,2978.0,13039.0,1926.0,0,digital,arequipa,1,0
SOL-005639,35,3.6,4056.0,7405.0,13826.0,1,presencial,trujillo,0,1
SOL-005640,28,5.0,3601.0,9817.0,248.0,1,presencial,trujillo,0,0
SOL-005641,48,7.8,3638.0,12679.0,1317.0,1,presencial,arequipa,0,0
SOL-005642,21,0.2,2792.0,9539.0,2119.0,1,digital,lima,0,0
SOL-005643,44,4.3,1641.0,5617.0,271.0,0,digital,lima,1,0
SOL-005644,20,14.4,7409.0,10766.0,4189.0,1,presencial,arequipa,0,0
SOL-005645,38,4.0,3651.0,13421.0,3008.0,0,presencial,arequipa,1,1
SOL-005646,36,7.1,3103.0,11520.0,3474.0,0,presencial,lima,1,0
SOL-005647,39,1.1,4702.0,14532.0,5138.0,1,presencial,arequipa,1,1
SOL-005648,46,1.6,3606.0,13224.0,2087.0,1,presencial,lima,1,0
SOL-005649,47,3.3,7304.0,10239.0,12629.0,1,presencial,lima,1,0
SOL-005650,50,11.5,6095.0,11674.0,4873.0,0,presencial,trujillo,0,0
SOL-005651,40,2.1,2812.0,4584.0,245.0,1,digital,lima,1,0
SOL-005652,41,7.3,6237.0,14781.0,29365.0,0,presencial,lima,0,1
SOL-005653,66,3.7,4326.0,8787.0,4709.0,0,presencial,arequipa,1,0
SOL-005654,58,2.2,2100.0,4151.0,424.0,1,presencial,arequipa,0,0
SOL-005655,40,4.6,6080.0,16420.0,8226.0,1,presencial,lima,1,0
SOL-005656,41,7.7,1425.0,4750.0,1316.0,1,presencial,arequipa,0,0
SOL-005657,28,8.6,450.0,1388.0,148.0,0,digital,lima,1,0
SOL-005658,36,3.4,3852.0,15387.0,13645.0,1,digital,arequipa,1,0
SOL-005659,32,7.3,4821.0,12635.0,83.0,1,presencial,lima,1,0
SOL-005660,23,4.0,3259.0,8682.0,1744.0,1,digital,trujillo,1,0
SOL-005661,19,6.0,7884.0,11299.0,7785.0,1,presencial,arequipa,1,1
SOL-005662,39,2.8,3779.0,14196.0,2846.0,0,presencial,lima,1,0
SOL-005663,55,3.1,3144.0,10271.0,883.0,1,presencial,lima,1,0
SOL-005664,41,2.3,5792.0,10368.0,23596.0,1,presencial,lima,0,0
SOL-005665,42,3.9,2641.0,5266.0,89.0,1,presencial,arequipa,1,0
SOL-005666,35,7.7,2367.0,4570.0,3733.0,0,digital,arequipa,1,0
SOL-005667,32,13.2,4365.0,11625.0,83.0,0,presencial,arequipa,1,0
SOL-005668,32,7.7,3185.0,4834.0,1572.0,1,digital,trujillo,1,0
SOL-005669,53,7.0,3219.0,12277.0,1907.0,1,presencial,lima,1,0
SOL-005670,35,3.9,2076.0,4954.0,2168.0,0,digital,arequipa,1,0
SOL-005671,54,9.3,2138.0,9082.0,415.0,1,presencial,lima,0,0
SOL-005672,46,24.2,1779.0,3989.0,5097.0,0,digital,arequipa,1,0
SOL-005673,50,6.3,9857.0,24994.0,4187.0,1,presencial,lima,1,0
SOL-005674,35,7.6,3334.0,14186.0,766.0,1,presencial,arequipa,1,0
SOL-005675,39,6.4,4223.0,8118.0,2523.0,0,presencial,lima,0,0
SOL-005676,53,13.8,1234.0,4963.0,2121.0,1,digital,lima,1,0
SOL-005677,46,4.9,14514.0,27134.0,13023.0,1,presencial,lima,0,0
SOL-005678,45,3.0,2446.0,7181.0,5818.0,1,presencial,trujillo,0,0
SOL-005679,23,6.6,1454.0,5975.0,1524.0,0,digital,lima,1,1
SOL-005680,42,3.0,3708.0,7028.0,4270.0,1,presencial,lima,1,0
SOL-005681,40,5.0,1685.0,2555.0,4382.0,1,digital,lima,0,1
SOL-005682,43,5.5,4628.0,9914.0,5616.0,1,presencial,lima,1,1
SOL-005683,37,7.2,1744.0,3859.0,487.0,1,presencial,trujillo,1,0
SOL-005684,40,5.7,6914.0,18405.0,7828.0,1,presencial,trujillo,0,0
SOL-005685,56,1.3,6240.0,23124.0,5003.0,1,presencial,trujillo,0,0
SOL-005686,50,7.8,3599.0,5573.0,1542.0,0,presencial,trujillo,1,0
SOL-005687,49,6.8,1618.0,5134.0,2163.0,1,presencial,lima,1,0
SOL-005688,48,10.7,2509.0,9154.0,2153.0,1,presencial,lima,1,0
SOL-005689,19,1.7,2768.0,10801.0,1523.0,1,digital,arequipa,0,0
SOL-005690,35,0.2,1428.0,6278.0,125.0,0,digital,arequipa,1,0
SOL-005691,55,8.2,2220.0,8788.0,3816.0,1,presencial,lima,1,0
SOL-005692,40,8.0,6605.0,11360.0,18129.0,1,presencial,arequipa,1,0
SOL-005693,54,7.7,4149.0,8069.0,3217.0,1,presencial,lima,0,0
SOL-005694,38,0.2,2857.0,10382.0,2217.0,0,digital,lima,1,0
SOL-005695,41,15.4,3525.0,7249.0,2245.0,1,digital,lima,1,1
SOL-005696,44,0.5,3515.0,7613.0,3878.0,1,presencial,trujillo,0,0
SOL-005697,53,1.2,3711.0,14964.0,3609.0,1,presencial,arequipa,1,0
SOL-005698,19,0.5,3396.0,9614.0,8573.0,0,digital,lima,0,1
SOL-005699,32,7.2,4081.0,10734.0,7242.0,1,digital,trujillo,0,0
SOL-005700,51,11.2,4959.0,14157.0,2599.0,1,presencial,trujillo,1,0
SOL-005701,35,4.1,5726.0,12573.0,199.0,1,digital,lima,0,1
SOL-005702,55,7.8,3877.0,6480.0,6738.0,0,presencial,arequipa,0,0
SOL-005703,41,3.1,1900.0,8416.0,3157.0,1,presencial,lima,1,0
SOL-005704,26,1.0,4718.0,10875.0,246.0,0,digital,lima,1,0
SOL-005705,25,1.5,3370.0,10067.0,2266.0,1,presencial,lima,0,0
SOL-005706,40,7.8,2566.0,4059.0,2683.0,0,presencial,lima,1,0
SOL-005707,38,9.1,3881.0,7228.0,336.0,0,digital,lima,1,1
SOL-005708,40,0.3,3249.0,5577.0,1573.0,0,digital,lima,1,0
SOL-005709,28,3.0,1969.0,3069.0,113.0,0,presencial,lima,0,0
SOL-005710,56,3.8,5425.0,18543.0,4633.0,0,presencial,arequipa,0,0
SOL-005711,21,0.6,7101.0,10314.0,2611.0,0,digital,arequipa,0,0
SOL-005712,42,6.7,4529.0,12755.0,7110.0,1,presencial,lima,1,0
SOL-005713,26,2.6,2345.0,8117.0,4207.0,1,digital,lima,0,1
SOL-005714,37,10.2,1125.0,2841.0,5260.0,1,digital,lima,1,0
SOL-005715,44,3.1,11121.0,20747.0,16732.0,1,presencial,trujillo,0,0
SOL-005716,50,9.3,2925.0,6121.0,7212.0,1,presencial,trujillo,0,0
SOL-005717,52,0.2,1288.0,2417.0,819.0,0,digital,lima,1,1
SOL-005718,36,1.9,2838.0,6572.0,1652.0,0,digital,arequipa,1,1
SOL-005719,37,5.9,6466.0,16193.0,5487.0,1,presencial,arequipa,1,0
SOL-005720,48,6.7,7278.0,19138.0,3390.0,1,presencial,trujillo,1,0
SOL-005721,53,11.3,1889.0,3951.0,2931.0,1,digital,lima,0,0
SOL-005722,50,6.6,3636.0,7730.0,1203.0,1,presencial,lima,1,0
SOL-005723,53,6.6,3828.0,12947.0,1177.0,1,presencial,arequipa,0,0
SOL-005724,19,1.0,4452.0,6551.0,1224.0,1,digital,lima,1,0
SOL-005725,36,1.3,3647.0,10097.0,4837.0,0,digital,lima,1,0
SOL-005726,29,2.2,3084.0,13201.0,954.0,0,digital,lima,0,0
SOL-005727,36,5.3,6159.0,23161.0,1891.0,1,presencial,lima,1,0
SOL-005728,43,4.9,1885.0,4584.0,592.0,1,presencial,arequipa,0,0
SOL-005729,33,5.2,3335.0,10340.0,78.0,1,digital,arequipa,0,0
SOL-005730,36,12.1,4295.0,19087.0,2357.0,1,presencial,lima,1,0
SOL-005731,45,5.4,3729.0,13501.0,5944.0,1,presencial,trujillo,1,0
SOL-005732,30,7.0,2353.0,7595.0,3384.0,0,digital,lima,1,0
SOL-005733,40,1.3,2873.0,9003.0,4251.0,1,digital,trujillo,0,0
SOL-005734,35,11.5,1992.0,8311.0,3541.0,0,digital,lima,1,0
SOL-005735,47,5.3,15807.0,31675.0,25669.0,1,presencial,trujillo,0,0
SOL-005736,43,11.4,5432.0,17349.0,3459.0,1,digital,trujillo,0,0
SOL-005737,49,4.5,6757.0,16795.0,11231.0,1,presencial,trujillo,1,0
SOL-005738,32,2.4,2034.0,5800.0,526.0,0,digital,trujillo,0,0
SOL-005739,19,1.8,1629.0,2482.0,1651.0,0,digital,lima,1,0
SOL-005740,49,2.3,3428.0,13229.0,941.0,1,presencial,arequipa,1,0
SOL-005741,22,8.2,2843.0,5604.0,1364.0,0,digital,arequipa,1,1
SOL-005742,42,3.0,1802.0,5666.0,4697.0,1,presencial,lima,0,0
SOL-005743,36,5.0,3439.0,14658.0,2239.0,0,digital,trujillo,1,0
SOL-005744,47,0.5,4703.0,10338.0,2244.0,0,digital,lima,0,0
SOL-005745,52,13.7,838.0,2025.0,1660.0,1,digital,lima,1,0
SOL-005746,33,9.9,2397.0,6374.0,1021.0,1,presencial,trujillo,0,0
SOL-005747,29,9.5,7248.0,22370.0,10137.0,0,presencial,lima,0,0
SOL-005748,36,4.3,3254.0,6877.0,3616.0,0,digital,lima,0,0
SOL-005749,35,3.3,1708.0,6301.0,1397.0,1,digital,lima,1,0
SOL-005750,19,2.0,3927.0,13164.0,1463.0,1,digital,arequipa,1,0
SOL-005751,43,12.9,2810.0,4746.0,9020.0,1,presencial,trujillo,1,0
SOL-005752,50,1.6,3385.0,10087.0,1535.0,1,presencial,lima,1,0
SOL-005753,19,6.3,1482.0,3728.0,4037.0,0,digital,arequipa,0,1
SOL-005754,21,1.5,2703.0,6722.0,4012.0,1,digital,arequipa,1,0
SOL-005755,36,2.1,6499.0,28905.0,12715.0,0,presencial,arequipa,1,0
SOL-005756,41,4.2,2986.0,7934.0,3265.0,1,presencial,arequipa,0,0
SOL-005757,51,4.2,5354.0,7894.0,17659.0,1,presencial,trujillo,1,0
SOL-005758,39,6.9,3730.0,9326.0,14897.0,1,presencial,lima,0,1
SOL-005759,44,10.5,6708.0,21859.0,4898.0,0,presencial,lima,1,0
SOL-005760,68,4.8,3009.0,9136.0,1458.0,1,presencial,arequipa,1,0
SOL-005761,32,1.2,8592.0,14082.0,8547.0,0,presencial,lima,0,0
SOL-005762,25,1.3,3819.0,7338.0,2666.0,1,digital,lima,1,0
SOL-005763,39,3.1,3042.0,11514.0,7278.0,0,digital,lima,0,0
SOL-005764,43,2.3,3100.0,4410.0,4807.0,0,digital,lima,1,0
SOL-005765,48,7.9,3006.0,6357.0,687.0,1,presencial,trujillo,1,0
SOL-005766,63,6.7,2907.0,12908.0,639.0,1,presencial,lima,1,0
SOL-005767,46,8.8,4387.0,15058.0,5050.0,1,presencial,arequipa,1,0
SOL-005768,21,0.8,2052.0,4435.0,4883.0,1,presencial,arequipa,0,1
SOL-005769,44,10.0,2799.0,5602.0,1115.0,1,presencial,lima,1,0
SOL-005770,26,0.2,1646.0,4430.0,2377.0,1,digital,lima,1,0
SOL-005771,47,5.9,3607.0,12268.0,6448.0,0,digital,lima,0,0
SOL-005772,43,10.0,3636.0,7018.0,5506.0,0,digital,lima,1,0
SOL-005773,26,1.0,7400.0,27518.0,1217.0,1,presencial,lima,0,0
SOL-005774,58,0.7,3216.0,4920.0,1959.0,1,presencial,arequipa,1,1
SOL-005775,53,4.9,2515.0,5033.0,1552.0,1,presencial,lima,0,0
SOL-005776,39,3.9,1783.0,5759.0,3193.0,1,presencial,lima,1,1
SOL-005777,31,0.3,3085.0,11073.0,1704.0,0,digital,lima,1,1
SOL-005778,58,0.7,7914.0,27571.0,1895.0,0,presencial,lima,1,0
SOL-005779,19,8.5,2577.0,5699.0,4367.0,1,digital,lima,1,0
SOL-005780,48,2.0,3881.0,10071.0,1291.0,1,presencial,trujillo,1,0
SOL-005781,44,21.1,2671.0,4051.0,261.0,1,digital,lima,1,0
SOL-005782,31,0.5,3058.0,4286.0,1799.0,1,digital,lima,0,0
SOL-005783,50,2.3,6428.0,17298.0,450.0,1,presencial,arequipa,1,0
SOL-005784,33,0.2,7268.0,22417.0,117.0,0,digital,arequipa,0,0
SOL-005785,34,2.0,4960.0,19570.0,6732.0,1,presencial,arequipa,1,0
SOL-005786,23,1.0,3593.0,15753.0,3333.0,0,digital,lima,1,1
SOL-005787,40,3.5,2366.0,7707.0,10814.0,0,digital,arequipa,1,1
SOL-005788,25,6.0,2533.0,9958.0,1234.0,0,digital,lima,1,0
SOL-005789,19,1.8,2516.0,4540.0,7518.0,1,digital,arequipa,0,1
SOL-005790,44,7.5,3164.0,12440.0,4513.0,1,presencial,lima,1,1
SOL-005791,26,12.4,2863.0,6257.0,1504.0,1,digital,arequipa,0,0
SOL-005792,19,2.7,3708.0,9901.0,983.0,1,digital,arequipa,1,0
SOL-005793,44,3.6,3956.0,5800.0,4529.0,1,presencial,arequipa,1,0
SOL-005794,51,2.3,3308.0,9431.0,1053.0,1,presencial,lima,1,0
SOL-005795,32,3.6,2861.0,9782.0,3215.0,0,digital,arequipa,0,0
SOL-005796,31,12.8,2324.0,5070.0,711.0,1,presencial,arequipa,1,0
SOL-005797,48,5.0,5812.0,22707.0,1194.0,0,presencial,lima,0,0
SOL-005798,43,6.1,2161.0,9230.0,134.0,0,digital,lima,1,0
SOL-005799,67,5.2,2099.0,6652.0,2203.0,0,presencial,lima,1,0
SOL-005800,59,4.9,4866.0,10494.0,4081.0,1,presencial,lima,0,0
SOL-005801,32,20.4,4994.0,17910.0,978.0,1,presencial,arequipa,0,0
SOL-005802,52,6.6,2448.0,5663.0,1852.0,1,presencial,lima,0,0
SOL-005803,35,7.7,3706.0,7059.0,448.0,0,digital,arequipa,1,0
SOL-005804,30,7.2,5322.0,12156.0,4827.0,1,presencial,arequipa,0,0
SOL-005805,46,5.1,10689.0,29512.0,8339.0,1,presencial,arequipa,1,0
SOL-005806,53,0.2,2371.0,4978.0,3855.0,0,digital,arequipa,0,0
SOL-005807,45,1.7,2605.0,6371.0,287.0,0,digital,arequipa,1,0
SOL-005808,21,11.0,1954.0,5132.0,28.0,1,digital,lima,0,0
SOL-005809,43,1.1,4948.0,18490.0,13775.0,1,presencial,lima,1,0
SOL-005810,37,1.4,2673.0,10849.0,3332.0,0,digital,trujillo,0,0
SOL-005811,24,3.0,6398.0,25318.0,2554.0,1,presencial,trujillo,0,0
SOL-005812,24,9.7,3054.0,6105.0,7954.0,1,presencial,lima,0,0
SOL-005813,34,11.3,3424.0,13389.0,15360.0,0,digital,trujillo,1,1
SOL-005814,34,0.2,2368.0,8017.0,3134.0,0,digital,trujillo,1,0
SOL-005815,23,4.6,1468.0,3137.0,1112.0,1,presencial,lima,0,0
SOL-005816,36,7.9,3714.0,9529.0,627.0,1,digital,arequipa,1,0
SOL-005817,55,3.2,1542.0,3810.0,870.0,1,presencial,arequipa,0,1
SOL-005818,41,7.6,3523.0,9685.0,593.0,1,presencial,lima,1,0
SOL-005819,44,4.4,3552.0,14276.0,4614.0,1,presencial,lima,1,0
SOL-005820,49,17.3,3811.0,10198.0,21277.0,1,presencial,lima,1,0
SOL-005821,37,1.8,2746.0,4310.0,3937.0,1,digital,arequipa,1,0
SOL-005822,19,6.9,2732.0,10069.0,7125.0,0,digital,lima,1,1
SOL-005823,22,2.2,3236.0,12426.0,2365.0,1,digital,arequipa,1,1
SOL-005824,39,5.8,3617.0,11481.0,4564.0,1,presencial,arequipa,0,0
SOL-005825,34,1.9,14916.0,42852.0,9375.0,1,presencial,arequipa,1,0
SOL-005826,59,7.7,3203.0,12151.0,321.0,0,presencial,lima,0,0
SOL-005827,39,9.1,1419.0,2084.0,43.0,1,digital,lima,1,0
SOL-005828,31,1.6,1839.0,5905.0,9549.0,0,presencial,lima,1,0
SOL-005829,41,2.9,5390.0,23452.0,2441.0,1,presencial,lima,1,0
SOL-005830,44,8.4,1171.0,4523.0,874.0,1,digital,lima,1,0
SOL-005831,25,2.4,1428.0,3219.0,49.0,1,digital,lima,0,0
SOL-005832,52,4.8,1893.0,8035.0,1201.0,0,presencial,lima,1,0
SOL-005833,58,2.1,4855.0,9844.0,8293.0,1,presencial,arequipa,1,0
SOL-005834,56,10.8,7646.0,23668.0,12037.0,1,presencial,lima,1,0
SOL-005835,45,1.9,2343.0,7820.0,2153.0,1,presencial,lima,0,0
SOL-005836,57,4.8,4767.0,7177.0,8598.0,0,presencial,trujillo,0,0
SOL-005837,26,1.7,680.0,1220.0,318.0,1,digital,lima,1,0
SOL-005838,70,8.7,2599.0,8024.0,6981.0,0,presencial,trujillo,1,0
SOL-005839,46,20.6,5236.0,10267.0,36325.0,1,presencial,arequipa,1,0
SOL-005840,56,1.3,3254.0,8784.0,7586.0,1,presencial,lima,0,0
SOL-005841,39,3.2,6418.0,23028.0,4880.0,1,presencial,trujillo,1,0
SOL-005842,48,4.0,1198.0,4000.0,421.0,0,presencial,trujillo,1,0
SOL-005843,49,1.8,2612.0,10736.0,467.0,1,presencial,arequipa,0,0
SOL-005844,33,5.2,4844.0,20614.0,4228.0,0,presencial,lima,1,0
SOL-005845,32,9.2,4812.0,20559.0,866.0,1,presencial,lima,0,0
SOL-005846,30,4.6,3506.0,9173.0,3960.0,0,digital,lima,1,0
SOL-005847,44,6.2,2985.0,5307.0,2351.0,1,digital,arequipa,0,0
SOL-005848,23,3.0,2111.0,7321.0,725.0,0,presencial,lima,1,0
SOL-005849,39,7.9,2553.0,10848.0,2498.0,1,presencial,lima,1,0
SOL-005850,46,4.4,8936.0,33820.0,9692.0,0,digital,lima,1,0
SOL-005851,19,0.5,1392.0,4957.0,1982.0,0,digital,lima,1,1
SOL-005852,46,3.8,1283.0,4988.0,1073.0,0,digital,lima,1,1
SOL-005853,31,3.3,5451.0,14556.0,7207.0,1,presencial,lima,1,0
SOL-005854,33,26.7,2207.0,6523.0,5516.0,1,presencial,trujillo,1,0
SOL-005855,41,9.6,9720.0,19631.0,2001.0,1,presencial,lima,0,0
SOL-005856,53,4.2,11106.0,38669.0,2094.0,1,digital,lima,1,0
SOL-005857,36,12.0,3377.0,8371.0,5888.0,1,presencial,lima,0,0
SOL-005858,24,8.0,4496.0,10022.0,2034.0,1,presencial,lima,0,0
SOL-005859,28,2.1,1482.0,3226.0,3801.0,1,presencial,arequipa,1,1
SOL-005860,53,14.2,6545.0,19525.0,13525.0,1,presencial,lima,0,0
SOL-005861,28,1.7,1195.0,3673.0,3142.0,1,presencial,trujillo,0,0
SOL-005862,56,13.1,1907.0,7554.0,177.0,1,presencial,trujillo,0,0
SOL-005863,44,6.1,4071.0,17264.0,3235.0,1,presencial,trujillo,1,0
SOL-005864,32,3.5,3562.0,8400.0,4749.0,1,digital,trujillo,1,0
SOL-005865,35,1.3,1239.0,3009.0,312.0,0,digital,lima,0,0
SOL-005866,34,6.3,2887.0,6558.0,2176.0,0,presencial,arequipa,0,0
SOL-005867,34,6.1,1129.0,2638.0,1337.0,0,digital,lima,1,1
SOL-005868,19,5.7,2272.0,8312.0,860.0,0,digital,arequipa,1,0
SOL-005869,58,6.1,2524.0,8456.0,620.0,1,presencial,lima,0,0
SOL-005870,32,4.7,2750.0,4514.0,1627.0,1,presencial,lima,0,1
SOL-005871,48,8.3,5370.0,17049.0,14722.0,1,presencial,lima,0,0
SOL-005872,32,3.9,4431.0,17848.0,6253.0,1,presencial,arequipa,0,0
SOL-005873,37,5.0,5125.0,8131.0,5361.0,1,presencial,arequipa,1,1
SOL-005874,39,6.9,3579.0,15057.0,7006.0,1,presencial,lima,0,0
SOL-005875,76,5.3,5557.0,12204.0,4584.0,1,presencial,lima,1,0
SOL-005876,43,1.7,3758.0,9080.0,1894.0,1,presencial,lima,1,1
SOL-005877,34,6.1,2965.0,7823.0,803.0,1,presencial,arequipa,1,0
SOL-005878,38,6.1,5150.0,9482.0,3520.0,1,presencial,lima,0,0
SOL-005879,19,4.2,2150.0,3666.0,3525.0,1,digital,lima,1,0
SOL-005880,41,4.7,3225.0,6921.0,1647.0,1,presencial,arequipa,1,0
SOL-005881,63,4.2,6671.0,9451.0,4896.0,1,presencial,arequipa,1,0
SOL-005882,47,5.4,6352.0,20260.0,3177.0,0,presencial,trujillo,1,0
SOL-005883,42,1.4,2296.0,4172.0,4631.0,0,digital,arequipa,1,0
SOL-005884,22,10.9,4218.0,7126.0,5646.0,1,digital,trujillo,1,0
SOL-005885,41,7.0,1969.0,6195.0,1058.0,1,presencial,lima,1,0
SOL-005886,45,6.5,3290.0,10650.0,6198.0,0,presencial,lima,1,0
SOL-005887,35,0.7,2589.0,8921.0,333.0,1,presencial,trujillo,0,0
SOL-005888,47,10.5,3824.0,11326.0,5273.0,1,presencial,lima,0,0
SOL-005889,39,1.1,3926.0,16259.0,1239.0,1,digital,arequipa,0,0
SOL-005890,49,3.7,5110.0,9132.0,7577.0,1,presencial,lima,1,1
SOL-005891,30,1.9,3333.0,12790.0,3668.0,1,digital,lima,1,1
SOL-005892,55,6.7,4111.0,10996.0,4654.0,1,presencial,lima,1,0
SOL-005893,40,2.6,3523.0,14799.0,4136.0,1,presencial,arequipa,0,0
SOL-005894,28,7.1,5004.0,10644.0,3656.0,0,digital,arequipa,1,0
SOL-005895,59,6.6,1713.0,7431.0,1894.0,1,presencial,lima,1,0
SOL-005896,20,1.7,1894.0,7743.0,355.0,0,digital,lima,0,0
SOL-005897,24,1.9,4740.0,9181.0,3531.0,1,presencial,lima,0,0
SOL-005898,22,4.9,5930.0,16297.0,1040.0,0,digital,lima,1,0
SOL-005899,47,1.3,3198.0,6887.0,10714.0,1,presencial,lima,0,0
SOL-005900,57,3.1,3342.0,6150.0,1056.0,1,presencial,trujillo,1,0
SOL-005901,25,3.3,1370.0,3566.0,3969.0,1,digital,lima,1,0
SOL-005902,63,4.6,2888.0,8834.0,6161.0,1,presencial,lima,1,0
SOL-005903,43,3.4,5532.0,14632.0,3296.0,0,presencial,lima,0,0
SOL-005904,31,6.8,6091.0,14790.0,2479.0,1,digital,lima,1,0
SOL-005905,34,2.8,3286.0,7940.0,2193.0,1,presencial,lima,0,0
SOL-005906,53,1.8,1768.0,3358.0,7459.0,0,digital,arequipa,1,0
SOL-005907,41,5.7,3969.0,8297.0,2154.0,0,presencial,arequipa,0,1
SOL-005908,28,5.7,1653.0,5027.0,4122.0,1,presencial,trujillo,0,0
SOL-005909,70,2.1,7277.0,13776.0,20879.0,1,presencial,lima,0,0
SOL-005910,47,5.5,2018.0,8014.0,909.0,1,presencial,arequipa,0,1
SOL-005911,41,2.1,3154.0,11613.0,2303.0,1,digital,trujillo,0,0
SOL-005912,61,3.5,4471.0,19965.0,4755.0,1,presencial,trujillo,0,0
SOL-005913,50,6.4,5305.0,12636.0,5650.0,0,presencial,trujillo,1,0
SOL-005914,54,2.6,4372.0,8593.0,3524.0,1,presencial,lima,0,0
SOL-005915,44,4.5,3833.0,6264.0,2626.0,1,presencial,trujillo,1,0
SOL-005916,51,5.1,4783.0,11885.0,8270.0,1,presencial,trujillo,1,0
SOL-005917,32,4.8,4136.0,17598.0,8982.0,1,digital,arequipa,1,0
SOL-005918,32,1.6,6819.0,22044.0,12941.0,0,digital,arequipa,1,0
SOL-005919,33,5.7,1510.0,6601.0,1236.0,0,digital,trujillo,1,0
SOL-005920,39,8.6,1471.0,6227.0,2288.0,1,presencial,lima,1,0
SOL-005921,49,8.5,1712.0,4412.0,1507.0,0,presencial,arequipa,1,1
SOL-005922,49,2.0,1491.0,4112.0,962.0,1,presencial,arequipa,0,0
SOL-005923,41,6.7,1436.0,3343.0,1360.0,0,digital,arequipa,0,0
SOL-005924,50,8.5,1920.0,7104.0,1036.0,1,presencial,arequipa,1,0
SOL-005925,65,14.0,3082.0,9755.0,8051.0,1,presencial,lima,0,0
SOL-005926,55,2.3,5971.0,9533.0,10446.0,1,presencial,lima,1,0
SOL-005927,30,10.0,3711.0,15764.0,1192.0,0,digital,lima,1,0
SOL-005928,37,0.2,1939.0,7436.0,707.0,0,digital,arequipa,0,1
SOL-005929,48,7.1,2028.0,8705.0,2260.0,0,digital,arequipa,1,0
SOL-005930,33,9.8,10890.0,23667.0,9503.0,0,presencial,trujillo,0,0
SOL-005931,54,6.9,3650.0,13630.0,1773.0,1,digital,arequipa,1,0
SOL-005932,34,1.7,4187.0,14089.0,2497.0,1,presencial,arequipa,1,0
SOL-005933,53,11.1,4077.0,7265.0,1713.0,1,presencial,lima,1,0
SOL-005934,43,19.5,3293.0,7260.0,3864.0,0,presencial,arequipa,0,0
SOL-005935,42,2.5,10847.0,21634.0,22134.0,1,presencial,trujillo,1,0
SOL-005936,29,4.3,3468.0,6504.0,3252.0,1,presencial,arequipa,1,0
SOL-005937,53,3.2,4137.0,14120.0,2940.0,0,presencial,trujillo,1,0
SOL-005938,29,7.7,1624.0,6634.0,435.0,1,presencial,trujillo,0,0
SOL-005939,27,3.9,2749.0,12267.0,359.0,0,presencial,lima,1,1
SOL-005940,45,6.3,2012.0,4158.0,376.0,0,digital,arequipa,0,1
SOL-005941,52,3.1,3450.0,12041.0,4099.0,0,digital,lima,1,0
SOL-005942,36,5.7,2558.0,4202.0,3123.0,1,presencial,lima,1,0
SOL-005943,54,5.2,3925.0,8403.0,270.0,0,presencial,lima,1,0
SOL-005944,41,0.2,1955.0,7873.0,344.0,1,digital,lima,1,0
SOL-005945,42,5.6,2160.0,9328.0,1132.0,1,presencial,lima,0,0
SOL-005946,58,1.7,2114.0,9321.0,1206.0,1,presencial,arequipa,0,0
SOL-005947,41,1.9,3498.0,9934.0,17223.0,1,presencial,lima,1,0
SOL-005948,38,9.7,2827.0,10406.0,106.0,0,digital,lima,1,0
SOL-005949,29,7.5,3461.0,8806.0,2266.0,1,presencial,lima,1,1
SOL-005950,30,7.2,2482.0,8868.0,353.0,1,presencial,lima,0,0
SOL-005951,56,5.6,3563.0,6669.0,4002.0,1,presencial,trujillo,0,0
SOL-005952,49,17.4,3236.0,5755.0,1492.0,1,presencial,lima,0,0
SOL-005953,41,5.5,2227.0,9910.0,1246.0,0,presencial,lima,1,0
SOL-005954,64,4.9,3997.0,9456.0,6520.0,1,presencial,trujillo,1,1
SOL-005955,64,4.8,9812.0,41026.0,43016.0,1,presencial,trujillo,0,0
SOL-005956,48,10.2,3541.0,5207.0,2799.0,1,presencial,arequipa,1,0
SOL-005957,27,5.4,1790.0,7120.0,1644.0,1,presencial,arequipa,0,0
SOL-005958,42,6.4,8214.0,35351.0,14879.0,0,presencial,lima,0,0
SOL-005959,23,9.0,5151.0,7460.0,4429.0,1,digital,arequipa,0,0
SOL-005960,44,7.3,8062.0,21015.0,6769.0,1,presencial,lima,0,0
SOL-005961,33,9.1,3745.0,14627.0,6058.0,1,presencial,lima,1,0
SOL-005962,30,3.2,2547.0,3601.0,127.0,1,presencial,lima,0,0
SOL-005963,19,2.3,2406.0,5642.0,2652.0,1,presencial,arequipa,1,0
SOL-005964,45,12.7,6929.0,15247.0,3098.0,1,presencial,lima,0,0
SOL-005965,19,7.3,6176.0,11207.0,15681.0,0,digital,lima,1,1
SOL-005966,39,7.8,2372.0,3968.0,2603.0,1,presencial,lima,0,0
SOL-005967,40,5.1,723.0,1570.0,323.0,1,digital,arequipa,0,0
SOL-005968,35,5.3,3792.0,7659.0,5320.0,0,presencial,lima,1,0
SOL-005969,31,3.2,2392.0,10574.0,4368.0,1,presencial,lima,1,1
SOL-005970,31,1.6,1855.0,2724.0,1614.0,0,digital,lima,1,0
SOL-005971,34,2.2,3382.0,6093.0,9715.0,1,presencial,arequipa,0,0
SOL-005972,45,1.7,4737.0,18484.0,11376.0,1,presencial,lima,0,0
SOL-005973,32,2.8,2550.0,9598.0,2721.0,0,presencial,trujillo,1,0
SOL-005974,31,2.5,2876.0,8201.0,1456.0,0,digital,lima,0,0
SOL-005975,28,11.0,2509.0,6509.0,1623.0,0,digital,lima,0,0
SOL-005976,43,1.7,1154.0,2855.0,526.0,0,presencial,lima,0,1
SOL-005977,50,4.2,3557.0,15714.0,3715.0,0,digital,lima,1,0
SOL-005978,45,13.3,3027.0,12374.0,2344.0,0,presencial,lima,0,0
SOL-005979,49,10.1,1984.0,4388.0,1762.0,1,presencial,lima,0,0
SOL-005980,25,3.8,1837.0,5198.0,1932.0,0,digital,trujillo,1,0
SOL-005981,45,3.3,4254.0,15793.0,9277.0,1,presencial,lima,0,0
SOL-005982,40,1.1,3921.0,15515.0,2104.0,1,presencial,lima,1,0
SOL-005983,32,4.3,3746.0,6661.0,2156.0,1,digital,lima,0,0
SOL-005984,50,8.2,4803.0,20956.0,7620.0,1,presencial,lima,0,0
SOL-005985,26,1.8,1457.0,5741.0,4354.0,0,digital,lima,1,0
SOL-005986,39,10.5,824.0,2440.0,1047.0,1,presencial,lima,1,0
SOL-005987,38,5.0,4076.0,12032.0,19892.0,1,presencial,lima,1,0
SOL-005988,37,6.5,5314.0,15793.0,4401.0,0,presencial,lima,1,0
SOL-005989,34,3.8,2412.0,9477.0,3256.0,0,digital,trujillo,0,0
SOL-005990,39,10.5,5397.0,16698.0,2942.0,1,presencial,arequipa,0,0
SOL-005991,59,10.7,2274.0,8912.0,4248.0,1,presencial,trujillo,1,0
SOL-005992,61,5.9,2238.0,9124.0,2657.0,1,digital,lima,1,0
SOL-005993,26,2.8,1660.0,5939.0,10197.0,1,digital,trujillo,1,1
SOL-005994,35,3.6,3850.0,5949.0,1883.0,1,digital,lima,1,0
SOL-005995,54,17.9,2384.0,6647.0,67.0,1,presencial,lima,1,0
SOL-005996,40,13.8,11172.0,24495.0,3568.0,1,presencial,trujillo,1,1
SOL-005997,32,5.6,2948.0,4525.0,1292.0,0,presencial,lima,0,0
SOL-005998,51,0.8,4058.0,13840.0,5122.0,1,digital,lima,1,0
SOL-005999,40,7.8,2078.0,6213.0,3685.0,1,digital,trujillo,0,1
SOL-006000,36,2.3,5372.0,8538.0,750.0,1,digital,arequipa,1,0
